ProcurementKey,DateKey,SupplierKey,ProductKey,QuantityRequested,UnitCost,TotalCost,LeadTimeDays,ReceivedDateKey,Status
1,20230224,1,1,470,549.45,258241.50000000003,6.0,20230302.0,Received
2,20230417,1,1,470,549.45,258241.50000000003,10.0,20230427.0,Received
3,20230705,1,1,470,549.45,258241.50000000003,5.0,20230710.0,Received
4,20230821,1,1,470,549.45,258241.50000000003,6.0,20230827.0,Received
5,20231115,1,1,470,549.45,258241.50000000003,9.0,20231124.0,Received
6,20240107,1,1,470,549.45,258241.50000000003,,,Confirmed
7,20240315,1,1,470,549.45,258241.50000000003,11.0,20240326.0,Received
8,20240509,1,1,470,549.45,258241.50000000003,7.0,20240516.0,Received
9,20240721,1,1,470,549.45,258241.50000000003,5.0,20240726.0,Received
10,20240918,1,1,470,549.45,258241.50000000003,10.0,20240928.0,Received
11,20241103,1,1,470,549.45,258241.50000000003,8.0,20241111.0,Received
12,20241224,1,1,470,549.45,258241.50000000003,11.0,20250104.0,Received
13,20250309,1,1,470,549.45,258241.50000000003,9.0,20250318.0,Received
14,20250505,1,1,470,549.45,258241.50000000003,10.0,20250515.0,Received
15,20250715,1,1,470,549.45,258241.50000000003,5.0,20250720.0,Received
16,20250901,1,1,470,549.45,258241.50000000003,9.0,20250910.0,Received
17,20251107,1,1,470,549.45,258241.50000000003,11.0,20251118.0,Received
18,20230225,1,2,50,549.45,27472.500000000004,11.0,20230308.0,Received
19,20230421,1,2,50,549.45,27472.500000000004,5.0,20230426.0,Received
20,20230626,1,2,50,549.45,27472.500000000004,6.0,20230702.0,Received
21,20230811,1,2,50,549.45,27472.500000000004,11.0,20230822.0,Received
22,20231003,1,2,50,549.45,27472.500000000004,9.0,20231012.0,Received
23,20231120,1,2,50,549.45,27472.500000000004,8.0,20231128.0,Received
24,20240216,1,2,50,549.45,27472.500000000004,9.0,20240225.0,Received
25,20240504,1,2,50,549.45,27472.500000000004,5.0,20240509.0,Received
26,20240731,1,2,50,549.45,27472.500000000004,7.0,20240807.0,Received
27,20241017,1,2,50,549.45,27472.500000000004,11.0,20241028.0,Received
28,20241209,1,2,50,549.45,27472.500000000004,6.0,20241215.0,Received
29,20250211,1,2,50,549.45,27472.500000000004,9.0,20250220.0,Received
30,20250404,1,2,50,549.45,27472.500000000004,8.0,20250412.0,Received
31,20250527,1,2,50,549.45,27472.500000000004,6.0,20250602.0,Received
32,20250801,1,2,50,549.45,27472.500000000004,11.0,20250812.0,Received
33,20250922,1,2,50,549.45,27472.500000000004,11.0,20251003.0,Received
34,20251115,1,2,50,549.45,27472.500000000004,7.0,20251122.0,Received
35,20260101,1,2,50,549.45,27472.500000000004,7.0,20260108.0,Received
36,20230227,1,3,50,549.45,27472.500000000004,11.0,20230310.0,Received
37,20230506,1,3,50,549.45,27472.500000000004,6.0,20230512.0,Received
38,20230726,1,3,50,549.45,27472.500000000004,7.0,20230802.0,Received
39,20230925,1,3,50,549.45,27472.500000000004,11.0,20231006.0,Received
40,20231130,1,3,50,549.45,27472.500000000004,5.0,20231205.0,Received
41,20240120,1,3,50,549.45,27472.500000000004,5.0,20240125.0,Received
42,20240323,1,3,50,549.45,27472.500000000004,6.0,20240329.0,Received
43,20240620,1,3,50,549.45,27472.500000000004,6.0,20240626.0,Received
44,20240917,1,3,50,549.45,27472.500000000004,7.0,20240924.0,Received
45,20241105,1,3,50,549.45,27472.500000000004,8.0,20241113.0,Received
46,20241227,1,3,50,549.45,27472.500000000004,9.0,20250105.0,Received
47,20250228,1,3,50,549.45,27472.500000000004,7.0,20250307.0,Received
48,20250501,1,3,50,549.45,27472.500000000004,10.0,20250511.0,Received
49,20250722,1,3,50,549.45,27472.500000000004,6.0,20250728.0,Received
50,20250907,1,3,50,549.45,27472.500000000004,6.0,20250913.0,Received
51,20251022,1,3,50,549.45,27472.500000000004,5.0,20251027.0,Received
52,20260118,1,3,50,549.45,27472.500000000004,,,Cancelled
53,20230309,1,4,50,549.45,27472.500000000004,7.0,20230316.0,Received
54,20230521,1,4,50,549.45,27472.500000000004,10.0,20230531.0,Received
55,20230730,1,4,50,549.45,27472.500000000004,11.0,20230810.0,Received
56,20230916,1,4,50,549.45,27472.500000000004,8.0,20230924.0,Received
57,20231101,1,4,50,549.45,27472.500000000004,10.0,20231111.0,Received
58,20240118,1,4,50,549.45,27472.500000000004,8.0,20240126.0,Received
59,20240401,1,4,50,549.45,27472.500000000004,,,Confirmed
60,20240624,1,4,50,549.45,27472.500000000004,11.0,20240705.0,Received
61,20240902,1,4,50,549.45,27472.500000000004,9.0,20240911.0,Received
62,20241104,1,4,50,549.45,27472.500000000004,8.0,20241112.0,Received
63,20250126,1,4,50,549.45,27472.500000000004,6.0,20250201.0,Received
64,20250407,1,4,50,549.45,27472.500000000004,11.0,20250418.0,Received
65,20250630,1,4,50,549.45,27472.500000000004,5.0,20250705.0,Received
66,20250917,1,4,50,549.45,27472.500000000004,5.0,20250922.0,Received
67,20251210,1,4,50,549.45,27472.500000000004,6.0,20251216.0,Received
68,20230215,1,5,50,272.06165413533836,13603.082706766918,8.0,20230223.0,Received
69,20230413,1,5,50,272.06165413533836,13603.082706766918,11.0,20230424.0,Received
70,20230601,1,5,50,272.06165413533836,13603.082706766918,9.0,20230610.0,Received
71,20230724,1,5,50,272.06165413533836,13603.082706766918,8.0,20230801.0,Received
72,20231015,1,5,50,272.06165413533836,13603.082706766918,,,Confirmed
73,20231224,1,5,50,272.06165413533836,13603.082706766918,5.0,20231229.0,Received
74,20240225,1,5,50,272.06165413533836,13603.082706766918,9.0,20240305.0,Received
75,20240411,1,5,50,272.06165413533836,13603.082706766918,6.0,20240417.0,Received
76,20240608,1,5,50,272.06165413533836,13603.082706766918,8.0,20240616.0,Received
77,20240815,1,5,50,272.06165413533836,13603.082706766918,,,Confirmed
78,20240929,1,5,50,272.06165413533836,13603.082706766918,8.0,20241007.0,Received
79,20241127,1,5,50,272.06165413533836,13603.082706766918,5.0,20241202.0,Received
80,20250217,1,5,50,272.06165413533836,13603.082706766918,7.0,20250224.0,Received
81,20250413,1,5,50,272.06165413533836,13603.082706766918,11.0,20250424.0,Received
82,20250608,1,5,50,272.06165413533836,13603.082706766918,7.0,20250615.0,Received
83,20250903,1,5,50,272.06165413533836,13603.082706766918,9.0,20250912.0,Received
84,20251117,1,5,50,272.06165413533836,13603.082706766918,6.0,20251123.0,Received
85,20230322,1,6,50,247.50000000000003,12375.000000000002,7.0,20230329.0,Received
86,20230512,1,6,50,247.50000000000003,12375.000000000002,6.0,20230518.0,Received
87,20230708,1,6,50,247.50000000000003,12375.000000000002,10.0,20230718.0,Received
88,20230916,1,6,50,247.50000000000003,12375.000000000002,6.0,20230922.0,Received
89,20231118,1,6,50,247.50000000000003,12375.000000000002,8.0,20231126.0,Received
90,20240111,1,6,50,247.50000000000003,12375.000000000002,9.0,20240120.0,Received
91,20240225,1,6,50,247.50000000000003,12375.000000000002,5.0,20240301.0,Received
92,20240424,1,6,50,247.50000000000003,12375.000000000002,10.0,20240504.0,Received
93,20240615,1,6,50,247.50000000000003,12375.000000000002,,,Confirmed
94,20240910,1,6,50,247.50000000000003,12375.000000000002,10.0,20240920.0,Received
95,20241113,1,6,50,247.50000000000003,12375.000000000002,6.0,20241119.0,Received
96,20250202,1,6,50,247.50000000000003,12375.000000000002,9.0,20250211.0,Received
97,20250411,1,6,50,247.50000000000003,12375.000000000002,8.0,20250419.0,Received
98,20250529,1,6,50,247.50000000000003,12375.000000000002,6.0,20250604.0,Received
99,20250714,1,6,50,247.50000000000003,12375.000000000002,11.0,20250725.0,Received
100,20250922,1,6,50,247.50000000000003,12375.000000000002,10.0,20251002.0,Received
101,20251207,1,6,50,247.50000000000003,12375.000000000002,8.0,20251215.0,Received
102,20230322,1,7,50,247.50000000000003,12375.000000000002,8.0,20230330.0,Received
103,20230619,1,7,50,247.50000000000003,12375.000000000002,6.0,20230625.0,Received
104,20230805,1,7,50,247.50000000000003,12375.000000000002,,,Cancelled
105,20231017,1,7,50,247.50000000000003,12375.000000000002,,,Confirmed
106,20240103,1,7,50,247.50000000000003,12375.000000000002,5.0,20240108.0,Received
107,20240330,1,7,50,247.50000000000003,12375.000000000002,7.0,20240406.0,Received
108,20240620,1,7,50,247.50000000000003,12375.000000000002,5.0,20240625.0,Received
109,20240904,1,7,50,247.50000000000003,12375.000000000002,6.0,20240910.0,Received
110,20241103,1,7,50,247.50000000000003,12375.000000000002,9.0,20241112.0,Received
111,20250119,1,7,50,247.50000000000003,12375.000000000002,5.0,20250124.0,Received
112,20250330,1,7,50,247.50000000000003,12375.000000000002,10.0,20250409.0,Received
113,20250531,1,7,50,247.50000000000003,12375.000000000002,9.0,20250609.0,Received
114,20250802,1,7,50,247.50000000000003,12375.000000000002,11.0,20250813.0,Received
115,20251020,1,7,50,247.50000000000003,12375.000000000002,5.0,20251025.0,Received
116,20260114,1,7,50,247.50000000000003,12375.000000000002,9.0,20260123.0,Received
117,20230310,1,8,50,247.50000000000003,12375.000000000002,8.0,20230318.0,Received
118,20230522,1,8,50,247.50000000000003,12375.000000000002,7.0,20230529.0,Received
119,20230727,1,8,50,247.50000000000003,12375.000000000002,5.0,20230801.0,Received
120,20230915,1,8,50,247.50000000000003,12375.000000000002,6.0,20230921.0,Received
121,20231107,1,8,50,247.50000000000003,12375.000000000002,9.0,20231116.0,Received
122,20240128,1,8,50,247.50000000000003,12375.000000000002,7.0,20240204.0,Received
123,20240324,1,8,50,247.50000000000003,12375.000000000002,10.0,20240403.0,Received
124,20240520,1,8,50,247.50000000000003,12375.000000000002,9.0,20240529.0,Received
125,20240724,1,8,50,247.50000000000003,12375.000000000002,10.0,20240803.0,Received
126,20240911,1,8,50,247.50000000000003,12375.000000000002,6.0,20240917.0,Received
127,20241112,1,8,50,247.50000000000003,12375.000000000002,7.0,20241119.0,Received
128,20250120,1,8,50,247.50000000000003,12375.000000000002,8.0,20250128.0,Received
129,20250318,1,8,50,247.50000000000003,12375.000000000002,5.0,20250323.0,Received
130,20250605,1,8,50,247.50000000000003,12375.000000000002,7.0,20250612.0,Received
131,20250817,1,8,50,247.50000000000003,12375.000000000002,10.0,20250827.0,Received
132,20251025,1,8,50,247.50000000000003,12375.000000000002,,,Confirmed
133,20260120,1,8,50,247.50000000000003,12375.000000000002,7.0,20260127.0,Received
134,20230218,1,9,50,385.00000000000006,19250.000000000004,10.0,20230228.0,Received
135,20230430,1,9,50,385.00000000000006,19250.000000000004,5.0,20230505.0,Received
136,20230702,1,9,50,385.00000000000006,19250.000000000004,9.0,20230711.0,Received
137,20230927,1,9,50,385.00000000000006,19250.000000000004,11.0,20231008.0,Received
138,20231124,1,9,50,385.00000000000006,19250.000000000004,5.0,20231129.0,Received
139,20240213,1,9,50,385.00000000000006,19250.000000000004,6.0,20240219.0,Received
140,20240424,1,9,50,385.00000000000006,19250.000000000004,7.0,20240501.0,Received
141,20240611,1,9,50,385.00000000000006,19250.000000000004,9.0,20240620.0,Received
142,20240819,1,9,50,385.00000000000006,19250.000000000004,5.0,20240824.0,Received
143,20241108,1,9,50,385.00000000000006,19250.000000000004,9.0,20241117.0,Received
144,20250131,1,9,50,385.00000000000006,19250.000000000004,7.0,20250207.0,Received
145,20250319,1,9,50,385.00000000000006,19250.000000000004,7.0,20250326.0,Received
146,20250614,1,9,50,385.00000000000006,19250.000000000004,7.0,20250621.0,Received
147,20250818,1,9,50,385.00000000000006,19250.000000000004,10.0,20250828.0,Received
148,20251026,1,9,50,385.00000000000006,19250.000000000004,,,Confirmed
149,20260101,1,9,50,385.00000000000006,19250.000000000004,9.0,20260110.0,Received
150,20230302,1,10,50,385.00000000000006,19250.000000000004,,,Confirmed
151,20230523,1,10,50,385.00000000000006,19250.000000000004,7.0,20230530.0,Received
152,20230818,1,10,50,385.00000000000006,19250.000000000004,,,Cancelled
153,20231009,1,10,50,385.00000000000006,19250.000000000004,,,Confirmed
154,20231128,1,10,50,385.00000000000006,19250.000000000004,11.0,20231209.0,Received
155,20240120,1,10,50,385.00000000000006,19250.000000000004,7.0,20240127.0,Received
156,20240307,1,10,50,385.00000000000006,19250.000000000004,5.0,20240312.0,Received
157,20240518,1,10,50,385.00000000000006,19250.000000000004,10.0,20240528.0,Received
158,20240703,1,10,50,385.00000000000006,19250.000000000004,6.0,20240709.0,Received
159,20240825,1,10,50,385.00000000000006,19250.000000000004,5.0,20240830.0,Received
160,20241021,1,10,50,385.00000000000006,19250.000000000004,10.0,20241031.0,Received
161,20241214,1,10,50,385.00000000000006,19250.000000000004,7.0,20241221.0,Received
162,20250312,1,10,50,385.00000000000006,19250.000000000004,10.0,20250322.0,Received
163,20250525,1,10,50,385.00000000000006,19250.000000000004,11.0,20250605.0,Received
164,20250725,1,10,50,385.00000000000006,19250.000000000004,,,Confirmed
165,20250913,1,10,50,385.00000000000006,19250.000000000004,10.0,20250923.0,Received
166,20251127,1,10,50,385.00000000000006,19250.000000000004,9.0,20251206.0,Received
167,20230228,1,11,50,385.00000000000006,19250.000000000004,7.0,20230307.0,Received
168,20230504,1,11,50,385.00000000000006,19250.000000000004,6.0,20230510.0,Received
169,20230726,1,11,50,385.00000000000006,19250.000000000004,5.0,20230731.0,Received
170,20231013,1,11,50,385.00000000000006,19250.000000000004,10.0,20231023.0,Received
171,20240108,1,11,50,385.00000000000006,19250.000000000004,6.0,20240114.0,Received
172,20240327,1,11,50,385.00000000000006,19250.000000000004,6.0,20240402.0,Received
173,20240517,1,11,50,385.00000000000006,19250.000000000004,11.0,20240528.0,Received
174,20240704,1,11,50,385.00000000000006,19250.000000000004,,,Cancelled
175,20240824,1,11,50,385.00000000000006,19250.000000000004,9.0,20240902.0,Received
176,20241101,1,11,50,385.00000000000006,19250.000000000004,6.0,20241107.0,Received
177,20250115,1,11,50,385.00000000000006,19250.000000000004,10.0,20250125.0,Received
178,20250407,1,11,50,385.00000000000006,19250.000000000004,9.0,20250416.0,Received
179,20250609,1,11,50,385.00000000000006,19250.000000000004,9.0,20250618.0,Received
180,20250804,1,11,50,385.00000000000006,19250.000000000004,,,Cancelled
181,20250930,1,11,50,385.00000000000006,19250.000000000004,11.0,20251011.0,Received
182,20251201,1,11,50,385.00000000000006,19250.000000000004,,,Confirmed
183,20230316,1,12,50,385.00000000000006,19250.000000000004,10.0,20230326.0,Received
184,20230613,1,12,50,385.00000000000006,19250.000000000004,11.0,20230624.0,Received
185,20230909,1,12,50,385.00000000000006,19250.000000000004,5.0,20230914.0,Received
186,20231128,1,12,50,385.00000000000006,19250.000000000004,,,Confirmed
187,20240210,1,12,50,385.00000000000006,19250.000000000004,8.0,20240218.0,Received
188,20240406,1,12,50,385.00000000000006,19250.000000000004,5.0,20240411.0,Received
189,20240615,1,12,50,385.00000000000006,19250.000000000004,9.0,20240624.0,Received
190,20240811,1,12,50,385.00000000000006,19250.000000000004,10.0,20240821.0,Received
191,20241007,1,12,50,385.00000000000006,19250.000000000004,7.0,20241014.0,Received
192,20241225,1,12,50,385.00000000000006,19250.000000000004,5.0,20241230.0,Received
193,20250215,1,12,50,385.00000000000006,19250.000000000004,7.0,20250222.0,Received
194,20250401,1,12,50,385.00000000000006,19250.000000000004,,,Confirmed
195,20250607,1,12,50,385.00000000000006,19250.000000000004,8.0,20250615.0,Received
196,20250814,1,12,50,385.00000000000006,19250.000000000004,11.0,20250825.0,Received
197,20251025,1,12,50,385.00000000000006,19250.000000000004,11.0,20251105.0,Received
198,20251218,1,12,50,385.00000000000006,19250.000000000004,5.0,20251223.0,Received
199,20230317,1,13,50,385.00000000000006,19250.000000000004,,,Confirmed
200,20230603,1,13,50,385.00000000000006,19250.000000000004,10.0,20230613.0,Received
201,20230730,1,13,50,385.00000000000006,19250.000000000004,,,Cancelled
202,20231025,1,13,50,385.00000000000006,19250.000000000004,7.0,20231101.0,Received
203,20231221,1,13,50,385.00000000000006,19250.000000000004,5.0,20231226.0,Received
204,20240304,1,13,50,385.00000000000006,19250.000000000004,5.0,20240309.0,Received
205,20240524,1,13,50,385.00000000000006,19250.000000000004,8.0,20240601.0,Received
206,20240815,1,13,50,385.00000000000006,19250.000000000004,11.0,20240826.0,Received
207,20241028,1,13,50,385.00000000000006,19250.000000000004,9.0,20241106.0,Received
208,20250115,1,13,50,385.00000000000006,19250.000000000004,7.0,20250122.0,Received
209,20250302,1,13,50,385.00000000000006,19250.000000000004,8.0,20250310.0,Received
210,20250530,1,13,50,385.00000000000006,19250.000000000004,5.0,20250604.0,Received
211,20250822,1,13,50,385.00000000000006,19250.000000000004,6.0,20250828.0,Received
212,20251114,1,13,50,385.00000000000006,19250.000000000004,7.0,20251121.0,Received
213,20260131,1,13,50,385.00000000000006,19250.000000000004,9.0,20260209.0,Received
214,20230320,1,14,50,462.52136599320585,23126.06829966029,10.0,20230330.0,Received
215,20230608,1,14,50,462.52136599320585,23126.06829966029,6.0,20230614.0,Received
216,20230819,1,14,50,462.52136599320585,23126.06829966029,6.0,20230825.0,Received
217,20231027,1,14,50,462.52136599320585,23126.06829966029,11.0,20231107.0,Received
218,20240119,1,14,50,462.52136599320585,23126.06829966029,8.0,20240127.0,Received
219,20240309,1,14,50,462.52136599320585,23126.06829966029,6.0,20240315.0,Received
220,20240515,1,14,50,462.52136599320585,23126.06829966029,7.0,20240522.0,Received
221,20240809,1,14,50,462.52136599320585,23126.06829966029,10.0,20240819.0,Received
222,20240926,1,14,50,462.52136599320585,23126.06829966029,8.0,20241004.0,Received
223,20241117,1,14,50,462.52136599320585,23126.06829966029,,,Confirmed
224,20250207,1,14,50,462.52136599320585,23126.06829966029,6.0,20250213.0,Received
225,20250412,1,14,50,462.52136599320585,23126.06829966029,5.0,20250417.0,Received
226,20250606,1,14,50,462.52136599320585,23126.06829966029,9.0,20250615.0,Received
227,20250831,1,14,50,462.52136599320585,23126.06829966029,10.0,20250910.0,Received
228,20251022,1,14,50,462.52136599320585,23126.06829966029,,,Cancelled
229,20251209,1,14,50,462.52136599320585,23126.06829966029,7.0,20251216.0,Received
230,20260126,1,14,50,462.52136599320585,23126.06829966029,8.0,20260203.0,Received
231,20230314,1,15,50,357.50000000000006,17875.000000000004,8.0,20230322.0,Received
232,20230429,1,15,50,357.50000000000006,17875.000000000004,6.0,20230505.0,Received
233,20230627,1,15,50,357.50000000000006,17875.000000000004,8.0,20230705.0,Received
234,20230827,1,15,50,357.50000000000006,17875.000000000004,11.0,20230907.0,Received
235,20231108,1,15,50,357.50000000000006,17875.000000000004,6.0,20231114.0,Received
236,20240111,1,15,50,357.50000000000006,17875.000000000004,9.0,20240120.0,Received
237,20240306,1,15,50,357.50000000000006,17875.000000000004,6.0,20240312.0,Received
238,20240530,1,15,50,357.50000000000006,17875.000000000004,11.0,20240610.0,Received
239,20240728,1,15,50,357.50000000000006,17875.000000000004,9.0,20240806.0,Received
240,20241023,1,15,50,357.50000000000006,17875.000000000004,7.0,20241030.0,Received
241,20241225,1,15,50,357.50000000000006,17875.000000000004,8.0,20250102.0,Received
242,20250322,1,15,50,357.50000000000006,17875.000000000004,9.0,20250331.0,Received
243,20250608,1,15,50,357.50000000000006,17875.000000000004,7.0,20250615.0,Received
244,20250816,1,15,50,357.50000000000006,17875.000000000004,7.0,20250823.0,Received
245,20251023,1,15,50,357.50000000000006,17875.000000000004,10.0,20251102.0,Received
246,20260113,1,15,50,357.50000000000006,17875.000000000004,9.0,20260122.0,Received
247,20230312,1,16,50,357.50000000000006,17875.000000000004,10.0,20230322.0,Received
248,20230513,1,16,50,357.50000000000006,17875.000000000004,5.0,20230518.0,Received
249,20230723,1,16,50,357.50000000000006,17875.000000000004,8.0,20230731.0,Received
250,20230928,1,16,50,357.50000000000006,17875.000000000004,7.0,20231005.0,Received
251,20231113,1,16,50,357.50000000000006,17875.000000000004,8.0,20231121.0,Received
252,20240110,1,16,50,357.50000000000006,17875.000000000004,8.0,20240118.0,Received
253,20240309,1,16,50,357.50000000000006,17875.000000000004,5.0,20240314.0,Received
254,20240507,1,16,50,357.50000000000006,17875.000000000004,7.0,20240514.0,Received
255,20240630,1,16,50,357.50000000000006,17875.000000000004,10.0,20240710.0,Received
256,20240815,1,16,50,357.50000000000006,17875.000000000004,,,Cancelled
257,20241010,1,16,50,357.50000000000006,17875.000000000004,10.0,20241020.0,Received
258,20241212,1,16,50,357.50000000000006,17875.000000000004,5.0,20241217.0,Received
259,20250304,1,16,50,357.50000000000006,17875.000000000004,8.0,20250312.0,Received
260,20250512,1,16,50,357.50000000000006,17875.000000000004,9.0,20250521.0,Received
261,20250708,1,16,50,357.50000000000006,17875.000000000004,5.0,20250713.0,Received
262,20250918,1,16,50,357.50000000000006,17875.000000000004,10.0,20250928.0,Received
263,20251205,1,16,50,357.50000000000006,17875.000000000004,5.0,20251210.0,Received
264,20230227,1,17,50,357.50000000000006,17875.000000000004,8.0,20230307.0,Received
265,20230525,1,17,50,357.50000000000006,17875.000000000004,,,Confirmed
266,20230710,1,17,50,357.50000000000006,17875.000000000004,,,Cancelled
267,20230831,1,17,50,357.50000000000006,17875.000000000004,8.0,20230908.0,Received
268,20231118,1,17,50,357.50000000000006,17875.000000000004,,,Confirmed
269,20240108,1,17,50,357.50000000000006,17875.000000000004,6.0,20240114.0,Received
270,20240318,1,17,50,357.50000000000006,17875.000000000004,7.0,20240325.0,Received
271,20240514,1,17,50,357.50000000000006,17875.000000000004,5.0,20240519.0,Received
272,20240706,1,17,50,357.50000000000006,17875.000000000004,5.0,20240711.0,Received
273,20240928,1,17,50,357.50000000000006,17875.000000000004,6.0,20241004.0,Received
274,20241210,1,17,50,357.50000000000006,17875.000000000004,,,Confirmed
275,20250305,1,17,50,357.50000000000006,17875.000000000004,8.0,20250313.0,Received
276,20250515,1,17,50,357.50000000000006,17875.000000000004,8.0,20250523.0,Received
277,20250704,1,17,50,357.50000000000006,17875.000000000004,10.0,20250714.0,Received
278,20250820,1,17,50,357.50000000000006,17875.000000000004,10.0,20250830.0,Received
279,20251010,1,17,50,357.50000000000006,17875.000000000004,10.0,20251020.0,Received
280,20251203,1,17,50,357.50000000000006,17875.000000000004,,,Cancelled
281,20260127,1,17,50,357.50000000000006,17875.000000000004,9.0,20260205.0,Received
282,20230323,1,18,50,357.50000000000006,17875.000000000004,10.0,20230402.0,Received
283,20230514,1,18,50,357.50000000000006,17875.000000000004,11.0,20230525.0,Received
284,20230731,1,18,50,357.50000000000006,17875.000000000004,11.0,20230811.0,Received
285,20231011,1,18,50,357.50000000000006,17875.000000000004,5.0,20231016.0,Received
286,20231127,1,18,50,357.50000000000006,17875.000000000004,5.0,20231202.0,Received
287,20240213,1,18,50,357.50000000000006,17875.000000000004,7.0,20240220.0,Received
288,20240427,1,18,50,357.50000000000006,17875.000000000004,9.0,20240506.0,Received
289,20240713,1,18,50,357.50000000000006,17875.000000000004,9.0,20240722.0,Received
290,20240923,1,18,50,357.50000000000006,17875.000000000004,7.0,20240930.0,Received
291,20241210,1,18,50,357.50000000000006,17875.000000000004,5.0,20241215.0,Received
292,20250227,1,18,50,357.50000000000006,17875.000000000004,5.0,20250304.0,Received
293,20250523,1,18,50,357.50000000000006,17875.000000000004,11.0,20250603.0,Received
294,20250814,1,18,50,357.50000000000006,17875.000000000004,7.0,20250821.0,Received
295,20251103,1,18,50,357.50000000000006,17875.000000000004,10.0,20251113.0,Received
296,20260110,1,18,50,357.50000000000006,17875.000000000004,7.0,20260117.0,Received
297,20230215,1,19,50,462.52136599320585,23126.06829966029,6.0,20230221.0,Received
298,20230409,1,19,50,462.52136599320585,23126.06829966029,,,Cancelled
299,20230612,1,19,50,462.52136599320585,23126.06829966029,8.0,20230620.0,Received
300,20230809,1,19,50,462.52136599320585,23126.06829966029,10.0,20230819.0,Received
301,20230929,1,19,50,462.52136599320585,23126.06829966029,9.0,20231008.0,Received
302,20231209,1,19,50,462.52136599320585,23126.06829966029,11.0,20231220.0,Received
303,20240127,1,19,50,462.52136599320585,23126.06829966029,6.0,20240202.0,Received
304,20240401,1,19,50,462.52136599320585,23126.06829966029,5.0,20240406.0,Received
305,20240608,1,19,50,462.52136599320585,23126.06829966029,5.0,20240613.0,Received
306,20240803,1,19,50,462.52136599320585,23126.06829966029,7.0,20240810.0,Received
307,20241014,1,19,50,462.52136599320585,23126.06829966029,5.0,20241019.0,Received
308,20241216,1,19,50,462.52136599320585,23126.06829966029,11.0,20241227.0,Received
309,20250302,1,19,50,462.52136599320585,23126.06829966029,11.0,20250313.0,Received
310,20250423,1,19,50,462.52136599320585,23126.06829966029,10.0,20250503.0,Received
311,20250617,1,19,50,462.52136599320585,23126.06829966029,7.0,20250624.0,Received
312,20250822,1,19,50,462.52136599320585,23126.06829966029,11.0,20250902.0,Received
313,20251007,1,19,50,462.52136599320585,23126.06829966029,7.0,20251014.0,Received
314,20251217,1,19,50,462.52136599320585,23126.06829966029,11.0,20251228.0,Received
315,20230223,1,20,50,357.50000000000006,17875.000000000004,7.0,20230302.0,Received
316,20230426,1,20,50,357.50000000000006,17875.000000000004,11.0,20230507.0,Received
317,20230722,1,20,50,357.50000000000006,17875.000000000004,5.0,20230727.0,Received
318,20230915,1,20,50,357.50000000000006,17875.000000000004,5.0,20230920.0,Received
319,20231122,1,20,50,357.50000000000006,17875.000000000004,9.0,20231201.0,Received
320,20240202,1,20,50,357.50000000000006,17875.000000000004,6.0,20240208.0,Received
321,20240405,1,20,50,357.50000000000006,17875.000000000004,5.0,20240410.0,Received
322,20240605,1,20,50,357.50000000000006,17875.000000000004,10.0,20240615.0,Received
323,20240822,1,20,50,357.50000000000006,17875.000000000004,10.0,20240901.0,Received
324,20241102,1,20,50,357.50000000000006,17875.000000000004,5.0,20241107.0,Received
325,20250120,1,20,50,357.50000000000006,17875.000000000004,10.0,20250130.0,Received
326,20250314,1,20,50,357.50000000000006,17875.000000000004,6.0,20250320.0,Received
327,20250523,1,20,50,357.50000000000006,17875.000000000004,9.0,20250601.0,Received
328,20250707,1,20,50,357.50000000000006,17875.000000000004,7.0,20250714.0,Received
329,20250914,1,20,50,357.50000000000006,17875.000000000004,6.0,20250920.0,Received
330,20251101,1,20,50,357.50000000000006,17875.000000000004,5.0,20251106.0,Received
331,20260122,1,20,50,357.50000000000006,17875.000000000004,,,Confirmed
332,20230327,1,21,50,357.50000000000006,17875.000000000004,7.0,20230403.0,Received
333,20230602,1,21,50,357.50000000000006,17875.000000000004,,,Confirmed
334,20230823,1,21,50,357.50000000000006,17875.000000000004,8.0,20230831.0,Received
335,20231018,1,21,50,357.50000000000006,17875.000000000004,6.0,20231024.0,Received
336,20231208,1,21,50,357.50000000000006,17875.000000000004,5.0,20231213.0,Received
337,20240212,1,21,50,357.50000000000006,17875.000000000004,8.0,20240220.0,Received
338,20240411,1,21,50,357.50000000000006,17875.000000000004,6.0,20240417.0,Received
339,20240604,1,21,50,357.50000000000006,17875.000000000004,7.0,20240611.0,Received
340,20240803,1,21,50,357.50000000000006,17875.000000000004,5.0,20240808.0,Received
341,20241010,1,21,50,357.50000000000006,17875.000000000004,8.0,20241018.0,Received
342,20241125,1,21,50,357.50000000000006,17875.000000000004,7.0,20241202.0,Received
343,20250212,1,21,50,357.50000000000006,17875.000000000004,8.0,20250220.0,Received
344,20250504,1,21,50,357.50000000000006,17875.000000000004,,,Confirmed
345,20250626,1,21,50,357.50000000000006,17875.000000000004,6.0,20250702.0,Received
346,20250904,1,21,50,357.50000000000006,17875.000000000004,10.0,20250914.0,Received
347,20251021,1,21,50,357.50000000000006,17875.000000000004,6.0,20251027.0,Received
348,20260115,1,21,50,357.50000000000006,17875.000000000004,7.0,20260122.0,Received
349,20230305,1,22,50,357.50000000000006,17875.000000000004,,,Cancelled
350,20230420,1,22,50,357.50000000000006,17875.000000000004,9.0,20230429.0,Received
351,20230629,1,22,50,357.50000000000006,17875.000000000004,10.0,20230709.0,Received
352,20230817,1,22,50,357.50000000000006,17875.000000000004,,,Cancelled
353,20231103,1,22,50,357.50000000000006,17875.000000000004,8.0,20231111.0,Received
354,20240111,1,22,50,357.50000000000006,17875.000000000004,8.0,20240119.0,Received
355,20240313,1,22,50,357.50000000000006,17875.000000000004,9.0,20240322.0,Received
356,20240604,1,22,50,357.50000000000006,17875.000000000004,5.0,20240609.0,Received
357,20240727,1,22,50,357.50000000000006,17875.000000000004,,,Cancelled
358,20241002,1,22,50,357.50000000000006,17875.000000000004,10.0,20241012.0,Received
359,20241210,1,22,50,357.50000000000006,17875.000000000004,5.0,20241215.0,Received
360,20250204,1,22,50,357.50000000000006,17875.000000000004,9.0,20250213.0,Received
361,20250404,1,22,50,357.50000000000006,17875.000000000004,6.0,20250410.0,Received
362,20250620,1,22,50,357.50000000000006,17875.000000000004,10.0,20250630.0,Received
363,20250806,1,22,50,357.50000000000006,17875.000000000004,5.0,20250811.0,Received
364,20251002,1,22,50,357.50000000000006,17875.000000000004,5.0,20251007.0,Received
365,20251203,1,22,50,357.50000000000006,17875.000000000004,8.0,20251211.0,Received
366,20230326,1,23,50,357.50000000000006,17875.000000000004,10.0,20230405.0,Received
367,20230608,1,23,50,357.50000000000006,17875.000000000004,11.0,20230619.0,Received
368,20230829,1,23,50,357.50000000000006,17875.000000000004,,,Cancelled
369,20231105,1,23,50,357.50000000000006,17875.000000000004,7.0,20231112.0,Received
370,20240119,1,23,50,357.50000000000006,17875.000000000004,,,Cancelled
371,20240409,1,23,50,357.50000000000006,17875.000000000004,7.0,20240416.0,Received
372,20240619,1,23,50,357.50000000000006,17875.000000000004,8.0,20240627.0,Received
373,20240811,1,23,50,357.50000000000006,17875.000000000004,7.0,20240818.0,Received
374,20241004,1,23,50,357.50000000000006,17875.000000000004,6.0,20241010.0,Received
375,20241205,1,23,50,357.50000000000006,17875.000000000004,10.0,20241215.0,Received
376,20250123,1,23,50,357.50000000000006,17875.000000000004,9.0,20250201.0,Received
377,20250422,1,23,50,357.50000000000006,17875.000000000004,7.0,20250429.0,Received
378,20250607,1,23,50,357.50000000000006,17875.000000000004,7.0,20250614.0,Received
379,20250828,1,23,50,357.50000000000006,17875.000000000004,11.0,20250908.0,Received
380,20251115,1,23,50,357.50000000000006,17875.000000000004,6.0,20251121.0,Received
381,20260115,1,23,50,357.50000000000006,17875.000000000004,11.0,20260126.0,Received
382,20230320,1,24,50,462.52136599320585,23126.06829966029,5.0,20230325.0,Received
383,20230508,1,24,50,462.52136599320585,23126.06829966029,,,Confirmed
384,20230628,1,24,50,462.52136599320585,23126.06829966029,11.0,20230709.0,Received
385,20230822,1,24,50,462.52136599320585,23126.06829966029,6.0,20230828.0,Received
386,20231116,1,24,50,462.52136599320585,23126.06829966029,11.0,20231127.0,Received
387,20240209,1,24,50,462.52136599320585,23126.06829966029,5.0,20240214.0,Received
388,20240421,1,24,50,462.52136599320585,23126.06829966029,11.0,20240502.0,Received
389,20240613,1,24,50,462.52136599320585,23126.06829966029,5.0,20240618.0,Received
390,20240728,1,24,50,462.52136599320585,23126.06829966029,9.0,20240806.0,Received
391,20241009,1,24,50,462.52136599320585,23126.06829966029,6.0,20241015.0,Received
392,20241128,1,24,50,462.52136599320585,23126.06829966029,8.0,20241206.0,Received
393,20250216,1,24,50,462.52136599320585,23126.06829966029,10.0,20250226.0,Received
394,20250423,1,24,50,462.52136599320585,23126.06829966029,11.0,20250504.0,Received
395,20250708,1,24,50,462.52136599320585,23126.06829966029,,,Cancelled
396,20250921,1,24,50,462.52136599320585,23126.06829966029,7.0,20250928.0,Received
397,20251119,1,24,50,462.52136599320585,23126.06829966029,7.0,20251126.0,Received
398,20230318,1,25,50,357.50000000000006,17875.000000000004,10.0,20230328.0,Received
399,20230504,1,25,50,357.50000000000006,17875.000000000004,,,Confirmed
400,20230709,1,25,50,357.50000000000006,17875.000000000004,8.0,20230717.0,Received
401,20230825,1,25,50,357.50000000000006,17875.000000000004,10.0,20230904.0,Received
402,20231016,1,25,50,357.50000000000006,17875.000000000004,11.0,20231027.0,Received
403,20231212,1,25,50,357.50000000000006,17875.000000000004,6.0,20231218.0,Received
404,20240219,1,25,50,357.50000000000006,17875.000000000004,10.0,20240229.0,Received
405,20240516,1,25,50,357.50000000000006,17875.000000000004,10.0,20240526.0,Received
406,20240813,1,25,50,357.50000000000006,17875.000000000004,6.0,20240819.0,Received
407,20241026,1,25,50,357.50000000000006,17875.000000000004,5.0,20241031.0,Received
408,20250112,1,25,50,357.50000000000006,17875.000000000004,10.0,20250122.0,Received
409,20250302,1,25,50,357.50000000000006,17875.000000000004,,,Confirmed
410,20250501,1,25,50,357.50000000000006,17875.000000000004,,,Confirmed
411,20250714,1,25,50,357.50000000000006,17875.000000000004,11.0,20250725.0,Received
412,20250928,1,25,50,357.50000000000006,17875.000000000004,10.0,20251008.0,Received
413,20251127,1,25,50,357.50000000000006,17875.000000000004,10.0,20251207.0,Received
414,20260114,1,25,50,357.50000000000006,17875.000000000004,11.0,20260125.0,Received
415,20230224,1,26,50,357.50000000000006,17875.000000000004,6.0,20230302.0,Received
416,20230427,1,26,50,357.50000000000006,17875.000000000004,9.0,20230506.0,Received
417,20230707,1,26,50,357.50000000000006,17875.000000000004,8.0,20230715.0,Received
418,20230827,1,26,50,357.50000000000006,17875.000000000004,7.0,20230903.0,Received
419,20231013,1,26,50,357.50000000000006,17875.000000000004,7.0,20231020.0,Received
420,20240108,1,26,50,357.50000000000006,17875.000000000004,10.0,20240118.0,Received
421,20240227,1,26,50,357.50000000000006,17875.000000000004,7.0,20240305.0,Received
422,20240427,1,26,50,357.50000000000006,17875.000000000004,5.0,20240502.0,Received
423,20240722,1,26,50,357.50000000000006,17875.000000000004,5.0,20240727.0,Received
424,20240923,1,26,50,357.50000000000006,17875.000000000004,8.0,20241001.0,Received
425,20241109,1,26,50,357.50000000000006,17875.000000000004,9.0,20241118.0,Received
426,20250109,1,26,50,357.50000000000006,17875.000000000004,5.0,20250114.0,Received
427,20250317,1,26,50,357.50000000000006,17875.000000000004,,,Confirmed
428,20250614,1,26,50,357.50000000000006,17875.000000000004,,,Cancelled
429,20250826,1,26,50,357.50000000000006,17875.000000000004,7.0,20250902.0,Received
430,20251116,1,26,50,357.50000000000006,17875.000000000004,8.0,20251124.0,Received
431,20260120,1,26,50,357.50000000000006,17875.000000000004,9.0,20260129.0,Received
432,20230315,1,27,50,357.50000000000006,17875.000000000004,,,Confirmed
433,20230508,1,27,50,357.50000000000006,17875.000000000004,6.0,20230514.0,Received
434,20230702,1,27,50,357.50000000000006,17875.000000000004,9.0,20230711.0,Received
435,20230913,1,27,50,357.50000000000006,17875.000000000004,8.0,20230921.0,Received
436,20231114,1,27,50,357.50000000000006,17875.000000000004,5.0,20231119.0,Received
437,20240205,1,27,50,357.50000000000006,17875.000000000004,5.0,20240210.0,Received
438,20240413,1,27,50,357.50000000000006,17875.000000000004,,,Confirmed
439,20240629,1,27,50,357.50000000000006,17875.000000000004,8.0,20240707.0,Received
440,20240905,1,27,50,357.50000000000006,17875.000000000004,7.0,20240912.0,Received
441,20241115,1,27,50,357.50000000000006,17875.000000000004,8.0,20241123.0,Received
442,20250101,1,27,50,357.50000000000006,17875.000000000004,8.0,20250109.0,Received
443,20250216,1,27,50,357.50000000000006,17875.000000000004,9.0,20250225.0,Received
444,20250409,1,27,50,357.50000000000006,17875.000000000004,7.0,20250416.0,Received
445,20250622,1,27,50,357.50000000000006,17875.000000000004,11.0,20250703.0,Received
446,20250828,1,27,50,357.50000000000006,17875.000000000004,10.0,20250907.0,Received
447,20251017,1,27,50,357.50000000000006,17875.000000000004,8.0,20251025.0,Received
448,20251220,1,27,50,357.50000000000006,17875.000000000004,7.0,20251227.0,Received
449,20230311,1,28,50,357.50000000000006,17875.000000000004,5.0,20230316.0,Received
450,20230517,1,28,50,357.50000000000006,17875.000000000004,9.0,20230526.0,Received
451,20230729,1,28,50,357.50000000000006,17875.000000000004,8.0,20230806.0,Received
452,20230926,1,28,50,357.50000000000006,17875.000000000004,6.0,20231002.0,Received
453,20231119,1,28,50,357.50000000000006,17875.000000000004,5.0,20231124.0,Received
454,20240207,1,28,50,357.50000000000006,17875.000000000004,6.0,20240213.0,Received
455,20240411,1,28,50,357.50000000000006,17875.000000000004,9.0,20240420.0,Received
456,20240529,1,28,50,357.50000000000006,17875.000000000004,,,Cancelled
457,20240808,1,28,50,357.50000000000006,17875.000000000004,11.0,20240819.0,Received
458,20241005,1,28,50,357.50000000000006,17875.000000000004,8.0,20241013.0,Received
459,20241215,1,28,50,357.50000000000006,17875.000000000004,7.0,20241222.0,Received
460,20250131,1,28,50,357.50000000000006,17875.000000000004,9.0,20250209.0,Received
461,20250321,1,28,50,357.50000000000006,17875.000000000004,,,Confirmed
462,20250515,1,28,50,357.50000000000006,17875.000000000004,11.0,20250526.0,Received
463,20250806,1,28,50,357.50000000000006,17875.000000000004,11.0,20250817.0,Received
464,20251022,1,28,50,357.50000000000006,17875.000000000004,9.0,20251031.0,Received
465,20251225,1,28,50,357.50000000000006,17875.000000000004,5.0,20251230.0,Received
466,20230330,1,29,50,462.52136599320585,23126.06829966029,6.0,20230405.0,Received
467,20230615,1,29,50,462.52136599320585,23126.06829966029,9.0,20230624.0,Received
468,20230908,1,29,50,462.52136599320585,23126.06829966029,10.0,20230918.0,Received
469,20231028,1,29,50,462.52136599320585,23126.06829966029,7.0,20231104.0,Received
470,20231226,1,29,50,462.52136599320585,23126.06829966029,7.0,20240102.0,Received
471,20240323,1,29,50,462.52136599320585,23126.06829966029,5.0,20240328.0,Received
472,20240602,1,29,50,462.52136599320585,23126.06829966029,10.0,20240612.0,Received
473,20240803,1,29,50,462.52136599320585,23126.06829966029,,,Cancelled
474,20241008,1,29,50,462.52136599320585,23126.06829966029,6.0,20241014.0,Received
475,20241216,1,29,50,462.52136599320585,23126.06829966029,7.0,20241223.0,Received
476,20250212,1,29,50,462.52136599320585,23126.06829966029,,,Confirmed
477,20250428,1,29,50,462.52136599320585,23126.06829966029,5.0,20250503.0,Received
478,20250701,1,29,50,462.52136599320585,23126.06829966029,8.0,20250709.0,Received
479,20250826,1,29,50,462.52136599320585,23126.06829966029,11.0,20250906.0,Received
480,20251117,1,29,50,462.52136599320585,23126.06829966029,8.0,20251125.0,Received
481,20230315,1,30,50,357.50000000000006,17875.000000000004,5.0,20230320.0,Received
482,20230508,1,30,50,357.50000000000006,17875.000000000004,5.0,20230513.0,Received
483,20230720,1,30,50,357.50000000000006,17875.000000000004,10.0,20230730.0,Received
484,20230914,1,30,50,357.50000000000006,17875.000000000004,6.0,20230920.0,Received
485,20231208,1,30,50,357.50000000000006,17875.000000000004,11.0,20231219.0,Received
486,20240304,1,30,50,357.50000000000006,17875.000000000004,6.0,20240310.0,Received
487,20240525,1,30,50,357.50000000000006,17875.000000000004,8.0,20240602.0,Received
488,20240821,1,30,50,357.50000000000006,17875.000000000004,7.0,20240828.0,Received
489,20241010,1,30,50,357.50000000000006,17875.000000000004,7.0,20241017.0,Received
490,20241203,1,30,50,357.50000000000006,17875.000000000004,8.0,20241211.0,Received
491,20250204,1,30,50,357.50000000000006,17875.000000000004,11.0,20250215.0,Received
492,20250404,1,30,50,357.50000000000006,17875.000000000004,6.0,20250410.0,Received
493,20250614,1,30,50,357.50000000000006,17875.000000000004,7.0,20250621.0,Received
494,20250817,1,30,50,357.50000000000006,17875.000000000004,7.0,20250824.0,Received
495,20251112,1,30,50,357.50000000000006,17875.000000000004,7.0,20251119.0,Received
496,20260118,1,30,50,357.50000000000006,17875.000000000004,7.0,20260125.0,Received
497,20230325,1,31,50,357.50000000000006,17875.000000000004,7.0,20230401.0,Received
498,20230621,1,31,50,357.50000000000006,17875.000000000004,6.0,20230627.0,Received
499,20230819,1,31,50,357.50000000000006,17875.000000000004,,,Cancelled
500,20231019,1,31,50,357.50000000000006,17875.000000000004,6.0,20231025.0,Received
501,20240116,1,31,50,357.50000000000006,17875.000000000004,10.0,20240126.0,Received
502,20240314,1,31,50,357.50000000000006,17875.000000000004,7.0,20240321.0,Received
503,20240530,1,31,50,357.50000000000006,17875.000000000004,5.0,20240604.0,Received
504,20240717,1,31,50,357.50000000000006,17875.000000000004,8.0,20240725.0,Received
505,20241006,1,31,50,357.50000000000006,17875.000000000004,5.0,20241011.0,Received
506,20241215,1,31,50,357.50000000000006,17875.000000000004,10.0,20241225.0,Received
507,20250303,1,31,50,357.50000000000006,17875.000000000004,10.0,20250313.0,Received
508,20250518,1,31,50,357.50000000000006,17875.000000000004,8.0,20250526.0,Received
509,20250806,1,31,50,357.50000000000006,17875.000000000004,,,Confirmed
510,20251025,1,31,50,357.50000000000006,17875.000000000004,8.0,20251102.0,Received
511,20260116,1,31,50,357.50000000000006,17875.000000000004,,,Confirmed
512,20230322,1,32,50,357.50000000000006,17875.000000000004,11.0,20230402.0,Received
513,20230531,1,32,50,357.50000000000006,17875.000000000004,6.0,20230606.0,Received
514,20230813,1,32,50,357.50000000000006,17875.000000000004,10.0,20230823.0,Received
515,20231025,1,32,50,357.50000000000006,17875.000000000004,8.0,20231102.0,Received
516,20231221,1,32,50,357.50000000000006,17875.000000000004,11.0,20240101.0,Received
517,20240305,1,32,50,357.50000000000006,17875.000000000004,5.0,20240310.0,Received
518,20240521,1,32,50,357.50000000000006,17875.000000000004,6.0,20240527.0,Received
519,20240731,1,32,50,357.50000000000006,17875.000000000004,9.0,20240809.0,Received
520,20240926,1,32,50,357.50000000000006,17875.000000000004,11.0,20241007.0,Received
521,20241217,1,32,50,357.50000000000006,17875.000000000004,8.0,20241225.0,Received
522,20250216,1,32,50,357.50000000000006,17875.000000000004,8.0,20250224.0,Received
523,20250429,1,32,50,357.50000000000006,17875.000000000004,,,Confirmed
524,20250619,1,32,50,357.50000000000006,17875.000000000004,9.0,20250628.0,Received
525,20250903,1,32,50,357.50000000000006,17875.000000000004,8.0,20250911.0,Received
526,20251027,1,32,50,357.50000000000006,17875.000000000004,6.0,20251102.0,Received
527,20251221,1,32,50,357.50000000000006,17875.000000000004,5.0,20251226.0,Received
528,20230220,1,33,50,357.50000000000006,17875.000000000004,8.0,20230228.0,Received
529,20230418,1,33,50,357.50000000000006,17875.000000000004,8.0,20230426.0,Received
530,20230608,1,33,50,357.50000000000006,17875.000000000004,6.0,20230614.0,Received
531,20230730,1,33,50,357.50000000000006,17875.000000000004,6.0,20230805.0,Received
532,20231010,1,33,50,357.50000000000006,17875.000000000004,9.0,20231019.0,Received
533,20231124,1,33,50,357.50000000000006,17875.000000000004,11.0,20231205.0,Received
534,20240207,1,33,50,357.50000000000006,17875.000000000004,7.0,20240214.0,Received
535,20240506,1,33,50,357.50000000000006,17875.000000000004,,,Confirmed
536,20240719,1,33,50,357.50000000000006,17875.000000000004,7.0,20240726.0,Received
537,20241004,1,33,50,357.50000000000006,17875.000000000004,,,Confirmed
538,20241130,1,33,50,357.50000000000006,17875.000000000004,,,Confirmed
539,20250219,1,33,50,357.50000000000006,17875.000000000004,8.0,20250227.0,Received
540,20250412,1,33,50,357.50000000000006,17875.000000000004,10.0,20250422.0,Received
541,20250703,1,33,50,357.50000000000006,17875.000000000004,10.0,20250713.0,Received
542,20250925,1,33,50,357.50000000000006,17875.000000000004,11.0,20251006.0,Received
543,20251129,1,33,50,357.50000000000006,17875.000000000004,10.0,20251209.0,Received
544,20230314,1,34,50,426.2312280460466,21311.56140230233,6.0,20230320.0,Received
545,20230531,1,34,50,426.2312280460466,21311.56140230233,8.0,20230608.0,Received
546,20230822,1,34,50,426.2312280460466,21311.56140230233,6.0,20230828.0,Received
547,20231107,1,34,50,426.2312280460466,21311.56140230233,7.0,20231114.0,Received
548,20240113,1,34,50,426.2312280460466,21311.56140230233,7.0,20240120.0,Received
549,20240327,1,34,50,426.2312280460466,21311.56140230233,7.0,20240403.0,Received
550,20240511,1,34,50,426.2312280460466,21311.56140230233,6.0,20240517.0,Received
551,20240625,1,34,50,426.2312280460466,21311.56140230233,9.0,20240704.0,Received
552,20240822,1,34,50,426.2312280460466,21311.56140230233,10.0,20240901.0,Received
553,20241101,1,34,50,426.2312280460466,21311.56140230233,10.0,20241111.0,Received
554,20241230,1,34,50,426.2312280460466,21311.56140230233,9.0,20250108.0,Received
555,20250309,1,34,50,426.2312280460466,21311.56140230233,7.0,20250316.0,Received
556,20250426,1,34,50,426.2312280460466,21311.56140230233,,,Cancelled
557,20250701,1,34,50,426.2312280460466,21311.56140230233,5.0,20250706.0,Received
558,20250823,1,34,50,426.2312280460466,21311.56140230233,9.0,20250901.0,Received
559,20251119,1,34,50,426.2312280460466,21311.56140230233,7.0,20251126.0,Received
560,20260105,1,34,50,426.2312280460466,21311.56140230233,8.0,20260113.0,Received
561,20230315,1,35,90,329.45000000000005,29650.500000000004,5.0,20230320.0,Received
562,20230603,1,35,90,329.45000000000005,29650.500000000004,11.0,20230614.0,Received
563,20230806,1,35,90,329.45000000000005,29650.500000000004,5.0,20230811.0,Received
564,20231011,1,35,90,329.45000000000005,29650.500000000004,6.0,20231017.0,Received
565,20231214,1,35,90,329.45000000000005,29650.500000000004,5.0,20231219.0,Received
566,20240215,1,35,90,329.45000000000005,29650.500000000004,,,Cancelled
567,20240409,1,35,90,329.45000000000005,29650.500000000004,10.0,20240419.0,Received
568,20240606,1,35,90,329.45000000000005,29650.500000000004,9.0,20240615.0,Received
569,20240814,1,35,90,329.45000000000005,29650.500000000004,7.0,20240821.0,Received
570,20241003,1,35,90,329.45000000000005,29650.500000000004,11.0,20241014.0,Received
571,20241219,1,35,90,329.45000000000005,29650.500000000004,11.0,20241230.0,Received
572,20250215,1,35,90,329.45000000000005,29650.500000000004,8.0,20250223.0,Received
573,20250412,1,35,90,329.45000000000005,29650.500000000004,7.0,20250419.0,Received
574,20250616,1,35,90,329.45000000000005,29650.500000000004,9.0,20250625.0,Received
575,20250810,1,35,90,329.45000000000005,29650.500000000004,8.0,20250818.0,Received
576,20251031,1,35,90,329.45000000000005,29650.500000000004,8.0,20251108.0,Received
577,20260124,1,35,90,329.45000000000005,29650.500000000004,8.0,20260201.0,Received
578,20230307,1,36,50,329.45000000000005,16472.500000000004,9.0,20230316.0,Received
579,20230601,1,36,50,329.45000000000005,16472.500000000004,11.0,20230612.0,Received
580,20230729,1,36,50,329.45000000000005,16472.500000000004,6.0,20230804.0,Received
581,20230915,1,36,50,329.45000000000005,16472.500000000004,9.0,20230924.0,Received
582,20231106,1,36,50,329.45000000000005,16472.500000000004,10.0,20231116.0,Received
583,20240120,1,36,50,329.45000000000005,16472.500000000004,5.0,20240125.0,Received
584,20240325,1,36,50,329.45000000000005,16472.500000000004,9.0,20240403.0,Received
585,20240615,1,36,50,329.45000000000005,16472.500000000004,5.0,20240620.0,Received
586,20240906,1,36,50,329.45000000000005,16472.500000000004,9.0,20240915.0,Received
587,20241104,1,36,50,329.45000000000005,16472.500000000004,,,Confirmed
588,20250118,1,36,50,329.45000000000005,16472.500000000004,5.0,20250123.0,Received
589,20250320,1,36,50,329.45000000000005,16472.500000000004,9.0,20250329.0,Received
590,20250522,1,36,50,329.45000000000005,16472.500000000004,,,Cancelled
591,20250706,1,36,50,329.45000000000005,16472.500000000004,10.0,20250716.0,Received
592,20250930,1,36,50,329.45000000000005,16472.500000000004,11.0,20251011.0,Received
593,20251228,1,36,50,329.45000000000005,16472.500000000004,6.0,20260103.0,Received
594,20230219,1,37,50,329.45000000000005,16472.500000000004,10.0,20230301.0,Received
595,20230518,1,37,50,329.45000000000005,16472.500000000004,9.0,20230527.0,Received
596,20230714,1,37,50,329.45000000000005,16472.500000000004,,,Confirmed
597,20230928,1,37,50,329.45000000000005,16472.500000000004,8.0,20231006.0,Received
598,20231129,1,37,50,329.45000000000005,16472.500000000004,11.0,20231210.0,Received
599,20240221,1,37,50,329.45000000000005,16472.500000000004,9.0,20240301.0,Received
600,20240415,1,37,50,329.45000000000005,16472.500000000004,5.0,20240420.0,Received
601,20240602,1,37,50,329.45000000000005,16472.500000000004,9.0,20240611.0,Received
602,20240813,1,37,50,329.45000000000005,16472.500000000004,,,Cancelled
603,20241016,1,37,50,329.45000000000005,16472.500000000004,11.0,20241027.0,Received
604,20250101,1,37,50,329.45000000000005,16472.500000000004,,,Confirmed
605,20250322,1,37,50,329.45000000000005,16472.500000000004,6.0,20250328.0,Received
606,20250615,1,37,50,329.45000000000005,16472.500000000004,7.0,20250622.0,Received
607,20250905,1,37,50,329.45000000000005,16472.500000000004,8.0,20250913.0,Received
608,20251115,1,37,50,329.45000000000005,16472.500000000004,5.0,20251120.0,Received
609,20260118,1,37,50,329.45000000000005,16472.500000000004,8.0,20260126.0,Received
610,20230313,1,38,50,329.45000000000005,16472.500000000004,6.0,20230319.0,Received
611,20230529,1,38,50,329.45000000000005,16472.500000000004,8.0,20230606.0,Received
612,20230802,1,38,50,329.45000000000005,16472.500000000004,5.0,20230807.0,Received
613,20230919,1,38,50,329.45000000000005,16472.500000000004,6.0,20230925.0,Received
614,20231128,1,38,50,329.45000000000005,16472.500000000004,10.0,20231208.0,Received
615,20240202,1,38,50,329.45000000000005,16472.500000000004,8.0,20240210.0,Received
616,20240427,1,38,50,329.45000000000005,16472.500000000004,5.0,20240502.0,Received
617,20240704,1,38,50,329.45000000000005,16472.500000000004,9.0,20240713.0,Received
618,20240913,1,38,50,329.45000000000005,16472.500000000004,9.0,20240922.0,Received
619,20241127,1,38,50,329.45000000000005,16472.500000000004,5.0,20241202.0,Received
620,20250120,1,38,50,329.45000000000005,16472.500000000004,8.0,20250128.0,Received
621,20250309,1,38,50,329.45000000000005,16472.500000000004,11.0,20250320.0,Received
622,20250521,1,38,50,329.45000000000005,16472.500000000004,5.0,20250526.0,Received
623,20250714,1,38,50,329.45000000000005,16472.500000000004,6.0,20250720.0,Received
624,20250910,1,38,50,329.45000000000005,16472.500000000004,6.0,20250916.0,Received
625,20251111,1,38,50,329.45000000000005,16472.500000000004,6.0,20251117.0,Received
626,20260124,1,38,50,329.45000000000005,16472.500000000004,11.0,20260204.0,Received
627,20230319,1,39,50,426.2312280460466,21311.56140230233,10.0,20230329.0,Received
628,20230523,1,39,50,426.2312280460466,21311.56140230233,6.0,20230529.0,Received
629,20230710,1,39,50,426.2312280460466,21311.56140230233,9.0,20230719.0,Received
630,20231002,1,39,50,426.2312280460466,21311.56140230233,7.0,20231009.0,Received
631,20231227,1,39,50,426.2312280460466,21311.56140230233,,,Confirmed
632,20240310,1,39,50,426.2312280460466,21311.56140230233,9.0,20240319.0,Received
633,20240530,1,39,50,426.2312280460466,21311.56140230233,10.0,20240609.0,Received
634,20240806,1,39,50,426.2312280460466,21311.56140230233,9.0,20240815.0,Received
635,20241011,1,39,50,426.2312280460466,21311.56140230233,6.0,20241017.0,Received
636,20241214,1,39,50,426.2312280460466,21311.56140230233,6.0,20241220.0,Received
637,20250305,1,39,50,426.2312280460466,21311.56140230233,10.0,20250315.0,Received
638,20250519,1,39,50,426.2312280460466,21311.56140230233,9.0,20250528.0,Received
639,20250704,1,39,50,426.2312280460466,21311.56140230233,8.0,20250712.0,Received
640,20250901,1,39,50,426.2312280460466,21311.56140230233,5.0,20250906.0,Received
641,20251026,1,39,50,426.2312280460466,21311.56140230233,6.0,20251101.0,Received
642,20260119,1,39,50,426.2312280460466,21311.56140230233,6.0,20260125.0,Received
643,20230331,1,40,50,329.45000000000005,16472.500000000004,8.0,20230408.0,Received
644,20230623,1,40,50,329.45000000000005,16472.500000000004,5.0,20230628.0,Received
645,20230829,1,40,50,329.45000000000005,16472.500000000004,8.0,20230906.0,Received
646,20231103,1,40,50,329.45000000000005,16472.500000000004,10.0,20231113.0,Received
647,20240106,1,40,50,329.45000000000005,16472.500000000004,7.0,20240113.0,Received
648,20240330,1,40,50,329.45000000000005,16472.500000000004,,,Cancelled
649,20240518,1,40,50,329.45000000000005,16472.500000000004,7.0,20240525.0,Received
650,20240716,1,40,50,329.45000000000005,16472.500000000004,11.0,20240727.0,Received
651,20241004,1,40,50,329.45000000000005,16472.500000000004,10.0,20241014.0,Received
652,20241118,1,40,50,329.45000000000005,16472.500000000004,6.0,20241124.0,Received
653,20250201,1,40,50,329.45000000000005,16472.500000000004,9.0,20250210.0,Received
654,20250403,1,40,50,329.45000000000005,16472.500000000004,11.0,20250414.0,Received
655,20250627,1,40,50,329.45000000000005,16472.500000000004,8.0,20250705.0,Received
656,20250830,1,40,50,329.45000000000005,16472.500000000004,9.0,20250908.0,Received
657,20251104,1,40,50,329.45000000000005,16472.500000000004,5.0,20251109.0,Received
658,20260103,1,40,50,329.45000000000005,16472.500000000004,6.0,20260109.0,Received
659,20230330,1,41,50,329.45000000000005,16472.500000000004,11.0,20230410.0,Received
660,20230529,1,41,50,329.45000000000005,16472.500000000004,10.0,20230608.0,Received
661,20230804,1,41,50,329.45000000000005,16472.500000000004,6.0,20230810.0,Received
662,20231008,1,41,50,329.45000000000005,16472.500000000004,,,Confirmed
663,20231216,1,41,50,329.45000000000005,16472.500000000004,7.0,20231223.0,Received
664,20240130,1,41,50,329.45000000000005,16472.500000000004,6.0,20240205.0,Received
665,20240321,1,41,50,329.45000000000005,16472.500000000004,11.0,20240401.0,Received
666,20240511,1,41,50,329.45000000000005,16472.500000000004,5.0,20240516.0,Received
667,20240726,1,41,50,329.45000000000005,16472.500000000004,8.0,20240803.0,Received
668,20241010,1,41,50,329.45000000000005,16472.500000000004,7.0,20241017.0,Received
669,20250104,1,41,50,329.45000000000005,16472.500000000004,,,Confirmed
670,20250323,1,41,50,329.45000000000005,16472.500000000004,10.0,20250402.0,Received
671,20250525,1,41,50,329.45000000000005,16472.500000000004,10.0,20250604.0,Received
672,20250710,1,41,50,329.45000000000005,16472.500000000004,9.0,20250719.0,Received
673,20250909,1,41,50,329.45000000000005,16472.500000000004,10.0,20250919.0,Received
674,20251107,1,41,50,329.45000000000005,16472.500000000004,6.0,20251113.0,Received
675,20251223,1,41,50,329.45000000000005,16472.500000000004,10.0,20260102.0,Received
676,20230316,1,42,50,329.45000000000005,16472.500000000004,5.0,20230321.0,Received
677,20230610,1,42,50,329.45000000000005,16472.500000000004,5.0,20230615.0,Received
678,20230826,1,42,50,329.45000000000005,16472.500000000004,8.0,20230903.0,Received
679,20231020,1,42,50,329.45000000000005,16472.500000000004,7.0,20231027.0,Received
680,20231210,1,42,50,329.45000000000005,16472.500000000004,5.0,20231215.0,Received
681,20240219,1,42,50,329.45000000000005,16472.500000000004,8.0,20240227.0,Received
682,20240515,1,42,50,329.45000000000005,16472.500000000004,,,Confirmed
683,20240804,1,42,50,329.45000000000005,16472.500000000004,9.0,20240813.0,Received
684,20241011,1,42,50,329.45000000000005,16472.500000000004,10.0,20241021.0,Received
685,20241230,1,42,50,329.45000000000005,16472.500000000004,11.0,20250110.0,Received
686,20250329,1,42,50,329.45000000000005,16472.500000000004,6.0,20250404.0,Received
687,20250625,1,42,50,329.45000000000005,16472.500000000004,9.0,20250704.0,Received
688,20250915,1,42,50,329.45000000000005,16472.500000000004,10.0,20250925.0,Received
689,20251123,1,42,50,329.45000000000005,16472.500000000004,11.0,20251204.0,Received
690,20230228,1,43,50,329.45000000000005,16472.500000000004,5.0,20230305.0,Received
691,20230504,1,43,50,329.45000000000005,16472.500000000004,5.0,20230509.0,Received
692,20230626,1,43,50,329.45000000000005,16472.500000000004,10.0,20230706.0,Received
693,20230829,1,43,50,329.45000000000005,16472.500000000004,9.0,20230907.0,Received
694,20231018,1,43,50,329.45000000000005,16472.500000000004,5.0,20231023.0,Received
695,20240103,1,43,50,329.45000000000005,16472.500000000004,8.0,20240111.0,Received
696,20240318,1,43,50,329.45000000000005,16472.500000000004,10.0,20240328.0,Received
697,20240607,1,43,50,329.45000000000005,16472.500000000004,5.0,20240612.0,Received
698,20240830,1,43,50,329.45000000000005,16472.500000000004,6.0,20240905.0,Received
699,20241022,1,43,50,329.45000000000005,16472.500000000004,6.0,20241028.0,Received
700,20250106,1,43,50,329.45000000000005,16472.500000000004,10.0,20250116.0,Received
701,20250318,1,43,50,329.45000000000005,16472.500000000004,11.0,20250329.0,Received
702,20250525,1,43,50,329.45000000000005,16472.500000000004,11.0,20250605.0,Received
703,20250812,1,43,50,329.45000000000005,16472.500000000004,11.0,20250823.0,Received
704,20250930,1,43,50,329.45000000000005,16472.500000000004,9.0,20251009.0,Received
705,20251129,1,43,50,329.45000000000005,16472.500000000004,9.0,20251208.0,Received
706,20230215,1,44,50,426.2312280460466,21311.56140230233,11.0,20230226.0,Received
707,20230402,1,44,50,426.2312280460466,21311.56140230233,9.0,20230411.0,Received
708,20230628,1,44,50,426.2312280460466,21311.56140230233,9.0,20230707.0,Received
709,20230924,1,44,50,426.2312280460466,21311.56140230233,11.0,20231005.0,Received
710,20231128,1,44,50,426.2312280460466,21311.56140230233,10.0,20231208.0,Received
711,20240114,1,44,50,426.2312280460466,21311.56140230233,11.0,20240125.0,Received
712,20240405,1,44,50,426.2312280460466,21311.56140230233,,,Cancelled
713,20240624,1,44,50,426.2312280460466,21311.56140230233,11.0,20240705.0,Received
714,20240827,1,44,50,426.2312280460466,21311.56140230233,7.0,20240903.0,Received
715,20241027,1,44,50,426.2312280460466,21311.56140230233,10.0,20241106.0,Received
716,20250104,1,44,50,426.2312280460466,21311.56140230233,7.0,20250111.0,Received
717,20250326,1,44,50,426.2312280460466,21311.56140230233,11.0,20250406.0,Received
718,20250617,1,44,50,426.2312280460466,21311.56140230233,6.0,20250623.0,Received
719,20250811,1,44,50,426.2312280460466,21311.56140230233,6.0,20250817.0,Received
720,20251002,1,44,50,426.2312280460466,21311.56140230233,5.0,20251007.0,Received
721,20251116,1,44,50,426.2312280460466,21311.56140230233,8.0,20251124.0,Received
722,20260113,1,44,50,426.2312280460466,21311.56140230233,9.0,20260122.0,Received
723,20230331,1,45,50,329.45000000000005,16472.500000000004,7.0,20230407.0,Received
724,20230527,1,45,50,329.45000000000005,16472.500000000004,7.0,20230603.0,Received
725,20230713,1,45,50,329.45000000000005,16472.500000000004,6.0,20230719.0,Received
726,20230910,1,45,50,329.45000000000005,16472.500000000004,11.0,20230921.0,Received
727,20231208,1,45,50,329.45000000000005,16472.500000000004,7.0,20231215.0,Received
728,20240211,1,45,50,329.45000000000005,16472.500000000004,9.0,20240220.0,Received
729,20240510,1,45,50,329.45000000000005,16472.500000000004,10.0,20240520.0,Received
730,20240803,1,45,50,329.45000000000005,16472.500000000004,,,Cancelled
731,20240918,1,45,50,329.45000000000005,16472.500000000004,11.0,20240929.0,Received
732,20241119,1,45,50,329.45000000000005,16472.500000000004,,,Cancelled
733,20250125,1,45,50,329.45000000000005,16472.500000000004,8.0,20250202.0,Received
734,20250421,1,45,50,329.45000000000005,16472.500000000004,7.0,20250428.0,Received
735,20250627,1,45,50,329.45000000000005,16472.500000000004,9.0,20250706.0,Received
736,20250825,1,45,50,329.45000000000005,16472.500000000004,7.0,20250901.0,Received
737,20251009,1,45,50,329.45000000000005,16472.500000000004,6.0,20251015.0,Received
738,20251228,1,45,50,329.45000000000005,16472.500000000004,10.0,20260107.0,Received
739,20230302,1,46,50,329.45000000000005,16472.500000000004,6.0,20230308.0,Received
740,20230420,1,46,50,329.45000000000005,16472.500000000004,8.0,20230428.0,Received
741,20230624,1,46,50,329.45000000000005,16472.500000000004,8.0,20230702.0,Received
742,20230811,1,46,50,329.45000000000005,16472.500000000004,11.0,20230822.0,Received
743,20231101,1,46,50,329.45000000000005,16472.500000000004,11.0,20231112.0,Received
744,20231230,1,46,50,329.45000000000005,16472.500000000004,10.0,20240109.0,Received
745,20240213,1,46,50,329.45000000000005,16472.500000000004,7.0,20240220.0,Received
746,20240412,1,46,50,329.45000000000005,16472.500000000004,7.0,20240419.0,Received
747,20240613,1,46,50,329.45000000000005,16472.500000000004,5.0,20240618.0,Received
748,20240818,1,46,50,329.45000000000005,16472.500000000004,7.0,20240825.0,Received
749,20241109,1,46,50,329.45000000000005,16472.500000000004,5.0,20241114.0,Received
750,20250108,1,46,50,329.45000000000005,16472.500000000004,,,Confirmed
751,20250321,1,46,50,329.45000000000005,16472.500000000004,,,Cancelled
752,20250522,1,46,50,329.45000000000005,16472.500000000004,5.0,20250527.0,Received
753,20250803,1,46,50,329.45000000000005,16472.500000000004,11.0,20250814.0,Received
754,20251023,1,46,50,329.45000000000005,16472.500000000004,11.0,20251103.0,Received
755,20251221,1,46,50,329.45000000000005,16472.500000000004,5.0,20251226.0,Received
756,20230310,1,47,60,329.45000000000005,19767.000000000004,6.0,20230316.0,Received
757,20230531,1,47,60,329.45000000000005,19767.000000000004,5.0,20230605.0,Received
758,20230810,1,47,60,329.45000000000005,19767.000000000004,9.0,20230819.0,Received
759,20231023,1,47,60,329.45000000000005,19767.000000000004,6.0,20231029.0,Received
760,20231223,1,47,60,329.45000000000005,19767.000000000004,,,Cancelled
761,20240304,1,47,60,329.45000000000005,19767.000000000004,5.0,20240309.0,Received
762,20240422,1,47,60,329.45000000000005,19767.000000000004,5.0,20240427.0,Received
763,20240618,1,47,60,329.45000000000005,19767.000000000004,7.0,20240625.0,Received
764,20240816,1,47,60,329.45000000000005,19767.000000000004,8.0,20240824.0,Received
765,20241016,1,47,60,329.45000000000005,19767.000000000004,6.0,20241022.0,Received
766,20250109,1,47,60,329.45000000000005,19767.000000000004,11.0,20250120.0,Received
767,20250224,1,47,60,329.45000000000005,19767.000000000004,10.0,20250306.0,Received
768,20250412,1,47,60,329.45000000000005,19767.000000000004,9.0,20250421.0,Received
769,20250610,1,47,60,329.45000000000005,19767.000000000004,10.0,20250620.0,Received
770,20250820,1,47,60,329.45000000000005,19767.000000000004,,,Confirmed
771,20251117,1,47,60,329.45000000000005,19767.000000000004,9.0,20251126.0,Received
772,20260111,1,47,60,329.45000000000005,19767.000000000004,11.0,20260122.0,Received
773,20230228,1,48,50,329.45000000000005,16472.500000000004,7.0,20230307.0,Received
774,20230526,1,48,50,329.45000000000005,16472.500000000004,8.0,20230603.0,Received
775,20230716,1,48,50,329.45000000000005,16472.500000000004,7.0,20230723.0,Received
776,20230916,1,48,50,329.45000000000005,16472.500000000004,11.0,20230927.0,Received
777,20231204,1,48,50,329.45000000000005,16472.500000000004,8.0,20231212.0,Received
778,20240201,1,48,50,329.45000000000005,16472.500000000004,7.0,20240208.0,Received
779,20240414,1,48,50,329.45000000000005,16472.500000000004,5.0,20240419.0,Received
780,20240620,1,48,50,329.45000000000005,16472.500000000004,10.0,20240630.0,Received
781,20240826,1,48,50,329.45000000000005,16472.500000000004,7.0,20240902.0,Received
782,20241019,1,48,50,329.45000000000005,16472.500000000004,6.0,20241025.0,Received
783,20250116,1,48,50,329.45000000000005,16472.500000000004,10.0,20250126.0,Received
784,20250315,1,48,50,329.45000000000005,16472.500000000004,8.0,20250323.0,Received
785,20250505,1,48,50,329.45000000000005,16472.500000000004,11.0,20250516.0,Received
786,20250717,1,48,50,329.45000000000005,16472.500000000004,6.0,20250723.0,Received
787,20250922,1,48,50,329.45000000000005,16472.500000000004,8.0,20250930.0,Received
788,20251120,1,48,50,329.45000000000005,16472.500000000004,7.0,20251127.0,Received
789,20230311,1,49,50,390.65266143118464,19532.63307155923,8.0,20230319.0,Received
790,20230425,1,49,50,390.65266143118464,19532.63307155923,5.0,20230430.0,Received
791,20230714,1,49,50,390.65266143118464,19532.63307155923,5.0,20230719.0,Received
792,20231006,1,49,50,390.65266143118464,19532.63307155923,5.0,20231011.0,Received
793,20231123,1,49,50,390.65266143118464,19532.63307155923,7.0,20231130.0,Received
794,20240109,1,49,50,390.65266143118464,19532.63307155923,9.0,20240118.0,Received
795,20240328,1,49,50,390.65266143118464,19532.63307155923,5.0,20240402.0,Received
796,20240625,1,49,50,390.65266143118464,19532.63307155923,8.0,20240703.0,Received
797,20240829,1,49,50,390.65266143118464,19532.63307155923,9.0,20240907.0,Received
798,20241108,1,49,50,390.65266143118464,19532.63307155923,9.0,20241117.0,Received
799,20250105,1,49,50,390.65266143118464,19532.63307155923,8.0,20250113.0,Received
800,20250322,1,49,50,390.65266143118464,19532.63307155923,8.0,20250330.0,Received
801,20250524,1,49,50,390.65266143118464,19532.63307155923,7.0,20250531.0,Received
802,20250728,1,49,50,390.65266143118464,19532.63307155923,11.0,20250808.0,Received
803,20251022,1,49,50,390.65266143118464,19532.63307155923,9.0,20251031.0,Received
804,20251220,1,49,50,390.65266143118464,19532.63307155923,6.0,20251226.0,Received
805,20230221,1,50,50,301.95000000000005,15097.500000000002,9.0,20230302.0,Received
806,20230517,1,50,50,301.95000000000005,15097.500000000002,5.0,20230522.0,Received
807,20230723,1,50,50,301.95000000000005,15097.500000000002,5.0,20230728.0,Received
808,20231015,1,50,50,301.95000000000005,15097.500000000002,7.0,20231022.0,Received
809,20240106,1,50,50,301.95000000000005,15097.500000000002,11.0,20240117.0,Received
810,20240220,1,50,50,301.95000000000005,15097.500000000002,8.0,20240228.0,Received
811,20240518,1,50,50,301.95000000000005,15097.500000000002,,,Cancelled
812,20240706,1,50,50,301.95000000000005,15097.500000000002,,,Confirmed
813,20240930,1,50,50,301.95000000000005,15097.500000000002,9.0,20241009.0,Received
814,20241128,1,50,50,301.95000000000005,15097.500000000002,11.0,20241209.0,Received
815,20250202,1,50,50,301.95000000000005,15097.500000000002,7.0,20250209.0,Received
816,20250403,1,50,50,301.95000000000005,15097.500000000002,5.0,20250408.0,Received
817,20250528,1,50,50,301.95000000000005,15097.500000000002,11.0,20250608.0,Received
818,20250811,1,50,50,301.95000000000005,15097.500000000002,10.0,20250821.0,Received
819,20251008,1,50,50,301.95000000000005,15097.500000000002,7.0,20251015.0,Received
820,20251231,1,50,50,301.95000000000005,15097.500000000002,6.0,20260106.0,Received
821,20230215,1,51,50,301.95000000000005,15097.500000000002,9.0,20230224.0,Received
822,20230510,1,51,50,301.95000000000005,15097.500000000002,5.0,20230515.0,Received
823,20230805,1,51,50,301.95000000000005,15097.500000000002,11.0,20230816.0,Received
824,20231010,1,51,50,301.95000000000005,15097.500000000002,7.0,20231017.0,Received
825,20231210,1,51,50,301.95000000000005,15097.500000000002,10.0,20231220.0,Received
826,20240224,1,51,50,301.95000000000005,15097.500000000002,6.0,20240301.0,Received
827,20240412,1,51,50,301.95000000000005,15097.500000000002,5.0,20240417.0,Received
828,20240624,1,51,50,301.95000000000005,15097.500000000002,8.0,20240702.0,Received
829,20240903,1,51,50,301.95000000000005,15097.500000000002,,,Confirmed
830,20241030,1,51,50,301.95000000000005,15097.500000000002,7.0,20241106.0,Received
831,20250119,1,51,50,301.95000000000005,15097.500000000002,10.0,20250129.0,Received
832,20250404,1,51,50,301.95000000000005,15097.500000000002,9.0,20250413.0,Received
833,20250602,1,51,50,301.95000000000005,15097.500000000002,8.0,20250610.0,Received
834,20250814,1,51,50,301.95000000000005,15097.500000000002,11.0,20250825.0,Received
835,20251106,1,51,50,301.95000000000005,15097.500000000002,6.0,20251112.0,Received
836,20260117,1,51,50,301.95000000000005,15097.500000000002,8.0,20260125.0,Received
837,20230227,1,52,50,301.95000000000005,15097.500000000002,10.0,20230309.0,Received
838,20230504,1,52,50,301.95000000000005,15097.500000000002,,,Cancelled
839,20230718,1,52,50,301.95000000000005,15097.500000000002,8.0,20230726.0,Received
840,20231008,1,52,50,301.95000000000005,15097.500000000002,6.0,20231014.0,Received
841,20231219,1,52,50,301.95000000000005,15097.500000000002,,,Confirmed
842,20240224,1,52,50,301.95000000000005,15097.500000000002,6.0,20240301.0,Received
843,20240501,1,52,50,301.95000000000005,15097.500000000002,6.0,20240507.0,Received
844,20240708,1,52,50,301.95000000000005,15097.500000000002,,,Confirmed
845,20240926,1,52,50,301.95000000000005,15097.500000000002,9.0,20241005.0,Received
846,20241216,1,52,50,301.95000000000005,15097.500000000002,5.0,20241221.0,Received
847,20250213,1,52,50,301.95000000000005,15097.500000000002,6.0,20250219.0,Received
848,20250501,1,52,50,301.95000000000005,15097.500000000002,11.0,20250512.0,Received
849,20250705,1,52,50,301.95000000000005,15097.500000000002,,,Cancelled
850,20250905,1,52,50,301.95000000000005,15097.500000000002,9.0,20250914.0,Received
851,20251127,1,52,50,301.95000000000005,15097.500000000002,6.0,20251203.0,Received
852,20230215,1,53,50,301.95000000000005,15097.500000000002,6.0,20230221.0,Received
853,20230428,1,53,50,301.95000000000005,15097.500000000002,7.0,20230505.0,Received
854,20230725,1,53,50,301.95000000000005,15097.500000000002,11.0,20230805.0,Received
855,20230930,1,53,50,301.95000000000005,15097.500000000002,8.0,20231008.0,Received
856,20231228,1,53,50,301.95000000000005,15097.500000000002,,,Confirmed
857,20240213,1,53,50,301.95000000000005,15097.500000000002,5.0,20240218.0,Received
858,20240412,1,53,50,301.95000000000005,15097.500000000002,,,Cancelled
859,20240603,1,53,50,301.95000000000005,15097.500000000002,5.0,20240608.0,Received
860,20240722,1,53,50,301.95000000000005,15097.500000000002,5.0,20240727.0,Received
861,20240911,1,53,50,301.95000000000005,15097.500000000002,,,Confirmed
862,20241110,1,53,50,301.95000000000005,15097.500000000002,5.0,20241115.0,Received
863,20241227,1,53,50,301.95000000000005,15097.500000000002,8.0,20250104.0,Received
864,20250322,1,53,50,301.95000000000005,15097.500000000002,10.0,20250401.0,Received
865,20250506,1,53,50,301.95000000000005,15097.500000000002,10.0,20250516.0,Received
866,20250620,1,53,50,301.95000000000005,15097.500000000002,11.0,20250701.0,Received
867,20250829,1,53,50,301.95000000000005,15097.500000000002,6.0,20250904.0,Received
868,20251015,1,53,50,301.95000000000005,15097.500000000002,10.0,20251025.0,Received
869,20251229,1,53,50,301.95000000000005,15097.500000000002,11.0,20260109.0,Received
870,20230215,1,54,50,390.65266143118464,19532.63307155923,11.0,20230226.0,Received
871,20230410,1,54,50,390.65266143118464,19532.63307155923,10.0,20230420.0,Received
872,20230610,1,54,50,390.65266143118464,19532.63307155923,7.0,20230617.0,Received
873,20230803,1,54,50,390.65266143118464,19532.63307155923,8.0,20230811.0,Received
874,20231002,1,54,50,390.65266143118464,19532.63307155923,11.0,20231013.0,Received
875,20231211,1,54,50,390.65266143118464,19532.63307155923,10.0,20231221.0,Received
876,20240214,1,54,50,390.65266143118464,19532.63307155923,7.0,20240221.0,Received
877,20240404,1,54,50,390.65266143118464,19532.63307155923,7.0,20240411.0,Received
878,20240615,1,54,50,390.65266143118464,19532.63307155923,8.0,20240623.0,Received
879,20240802,1,54,50,390.65266143118464,19532.63307155923,,,Cancelled
880,20241023,1,54,50,390.65266143118464,19532.63307155923,,,Confirmed
881,20241216,1,54,50,390.65266143118464,19532.63307155923,,,Cancelled
882,20250315,1,54,50,390.65266143118464,19532.63307155923,5.0,20250320.0,Received
883,20250525,1,54,50,390.65266143118464,19532.63307155923,6.0,20250531.0,Received
884,20250801,1,54,50,390.65266143118464,19532.63307155923,8.0,20250809.0,Received
885,20251006,1,54,50,390.65266143118464,19532.63307155923,6.0,20251012.0,Received
886,20251207,1,54,50,390.65266143118464,19532.63307155923,7.0,20251214.0,Received
887,20260123,1,54,50,390.65266143118464,19532.63307155923,,,Confirmed
888,20230320,1,55,50,301.95000000000005,15097.500000000002,9.0,20230329.0,Received
889,20230527,1,55,50,301.95000000000005,15097.500000000002,9.0,20230605.0,Received
890,20230811,1,55,50,301.95000000000005,15097.500000000002,8.0,20230819.0,Received
891,20231002,1,55,50,301.95000000000005,15097.500000000002,8.0,20231010.0,Received
892,20231202,1,55,50,301.95000000000005,15097.500000000002,6.0,20231208.0,Received
893,20240229,1,55,50,301.95000000000005,15097.500000000002,6.0,20240306.0,Received
894,20240414,1,55,50,301.95000000000005,15097.500000000002,10.0,20240424.0,Received
895,20240601,1,55,50,301.95000000000005,15097.500000000002,9.0,20240610.0,Received
896,20240805,1,55,50,301.95000000000005,15097.500000000002,6.0,20240811.0,Received
897,20241013,1,55,50,301.95000000000005,15097.500000000002,6.0,20241019.0,Received
898,20241211,1,55,50,301.95000000000005,15097.500000000002,8.0,20241219.0,Received
899,20250216,1,55,50,301.95000000000005,15097.500000000002,5.0,20250221.0,Received
900,20250420,1,55,50,301.95000000000005,15097.500000000002,10.0,20250430.0,Received
901,20250623,1,55,50,301.95000000000005,15097.500000000002,11.0,20250704.0,Received
902,20250919,1,55,50,301.95000000000005,15097.500000000002,,,Cancelled
903,20251208,1,55,50,301.95000000000005,15097.500000000002,11.0,20251219.0,Received
904,20230222,1,56,50,301.95000000000005,15097.500000000002,11.0,20230305.0,Received
905,20230507,1,56,50,301.95000000000005,15097.500000000002,8.0,20230515.0,Received
906,20230711,1,56,50,301.95000000000005,15097.500000000002,8.0,20230719.0,Received
907,20230926,1,56,50,301.95000000000005,15097.500000000002,5.0,20231001.0,Received
908,20231210,1,56,50,301.95000000000005,15097.500000000002,9.0,20231219.0,Received
909,20240229,1,56,50,301.95000000000005,15097.500000000002,6.0,20240306.0,Received
910,20240519,1,56,50,301.95000000000005,15097.500000000002,11.0,20240530.0,Received
911,20240706,1,56,50,301.95000000000005,15097.500000000002,9.0,20240715.0,Received
912,20240923,1,56,50,301.95000000000005,15097.500000000002,10.0,20241003.0,Received
913,20241211,1,56,50,301.95000000000005,15097.500000000002,7.0,20241218.0,Received
914,20250217,1,56,50,301.95000000000005,15097.500000000002,11.0,20250228.0,Received
915,20250512,1,56,50,301.95000000000005,15097.500000000002,11.0,20250523.0,Received
916,20250805,1,56,50,301.95000000000005,15097.500000000002,11.0,20250816.0,Received
917,20251101,1,56,50,301.95000000000005,15097.500000000002,8.0,20251109.0,Received
918,20260113,1,56,50,301.95000000000005,15097.500000000002,11.0,20260124.0,Received
919,20230316,1,57,50,301.95000000000005,15097.500000000002,6.0,20230322.0,Received
920,20230525,1,57,50,301.95000000000005,15097.500000000002,,,Confirmed
921,20230709,1,57,50,301.95000000000005,15097.500000000002,6.0,20230715.0,Received
922,20230831,1,57,50,301.95000000000005,15097.500000000002,10.0,20230910.0,Received
923,20231029,1,57,50,301.95000000000005,15097.500000000002,10.0,20231108.0,Received
924,20231214,1,57,50,301.95000000000005,15097.500000000002,7.0,20231221.0,Received
925,20240310,1,57,50,301.95000000000005,15097.500000000002,8.0,20240318.0,Received
926,20240502,1,57,50,301.95000000000005,15097.500000000002,7.0,20240509.0,Received
927,20240703,1,57,50,301.95000000000005,15097.500000000002,11.0,20240714.0,Received
928,20240910,1,57,50,301.95000000000005,15097.500000000002,10.0,20240920.0,Received
929,20241113,1,57,50,301.95000000000005,15097.500000000002,9.0,20241122.0,Received
930,20250114,1,57,50,301.95000000000005,15097.500000000002,9.0,20250123.0,Received
931,20250410,1,57,50,301.95000000000005,15097.500000000002,9.0,20250419.0,Received
932,20250624,1,57,50,301.95000000000005,15097.500000000002,10.0,20250704.0,Received
933,20250920,1,57,50,301.95000000000005,15097.500000000002,,,Confirmed
934,20251123,1,57,50,301.95000000000005,15097.500000000002,10.0,20251203.0,Received
935,20230317,1,58,50,301.95000000000005,15097.500000000002,9.0,20230326.0,Received
936,20230608,1,58,50,301.95000000000005,15097.500000000002,10.0,20230618.0,Received
937,20230723,1,58,50,301.95000000000005,15097.500000000002,8.0,20230731.0,Received
938,20231009,1,58,50,301.95000000000005,15097.500000000002,6.0,20231015.0,Received
939,20231206,1,58,50,301.95000000000005,15097.500000000002,,,Confirmed
940,20240224,1,58,50,301.95000000000005,15097.500000000002,7.0,20240302.0,Received
941,20240512,1,58,50,301.95000000000005,15097.500000000002,8.0,20240520.0,Received
942,20240713,1,58,50,301.95000000000005,15097.500000000002,8.0,20240721.0,Received
943,20240927,1,58,50,301.95000000000005,15097.500000000002,6.0,20241003.0,Received
944,20241206,1,58,50,301.95000000000005,15097.500000000002,9.0,20241215.0,Received
945,20250223,1,58,50,301.95000000000005,15097.500000000002,7.0,20250302.0,Received
946,20250512,1,58,50,301.95000000000005,15097.500000000002,6.0,20250518.0,Received
947,20250706,1,58,50,301.95000000000005,15097.500000000002,11.0,20250717.0,Received
948,20250915,1,58,50,301.95000000000005,15097.500000000002,6.0,20250921.0,Received
949,20251204,1,58,50,301.95000000000005,15097.500000000002,5.0,20251209.0,Received
950,20230313,1,59,50,255.25751072961373,12762.875536480686,11.0,20230324.0,Received
951,20230528,1,59,50,255.25751072961373,12762.875536480686,,,Confirmed
952,20230806,1,59,50,255.25751072961373,12762.875536480686,6.0,20230812.0,Received
953,20231011,1,59,50,255.25751072961373,12762.875536480686,7.0,20231018.0,Received
954,20231205,1,59,50,255.25751072961373,12762.875536480686,7.0,20231212.0,Received
955,20240203,1,59,50,255.25751072961373,12762.875536480686,11.0,20240214.0,Received
956,20240414,1,59,50,255.25751072961373,12762.875536480686,5.0,20240419.0,Received
957,20240704,1,59,50,255.25751072961373,12762.875536480686,6.0,20240710.0,Received
958,20240926,1,59,50,255.25751072961373,12762.875536480686,6.0,20241002.0,Received
959,20241118,1,59,50,255.25751072961373,12762.875536480686,11.0,20241129.0,Received
960,20250212,1,59,50,255.25751072961373,12762.875536480686,6.0,20250218.0,Received
961,20250512,1,59,50,255.25751072961373,12762.875536480686,8.0,20250520.0,Received
962,20250806,1,59,50,255.25751072961373,12762.875536480686,10.0,20250816.0,Received
963,20251102,1,59,50,255.25751072961373,12762.875536480686,6.0,20251108.0,Received
964,20251224,1,59,50,255.25751072961373,12762.875536480686,11.0,20260104.0,Received
965,20230325,1,60,50,357.50000000000006,17875.000000000004,,,Cancelled
966,20230524,1,60,50,357.50000000000006,17875.000000000004,5.0,20230529.0,Received
967,20230817,1,60,50,357.50000000000006,17875.000000000004,5.0,20230822.0,Received
968,20231029,1,60,50,357.50000000000006,17875.000000000004,7.0,20231105.0,Received
969,20240106,1,60,50,357.50000000000006,17875.000000000004,7.0,20240113.0,Received
970,20240329,1,60,50,357.50000000000006,17875.000000000004,8.0,20240406.0,Received
971,20240620,1,60,50,357.50000000000006,17875.000000000004,7.0,20240627.0,Received
972,20240914,1,60,50,357.50000000000006,17875.000000000004,5.0,20240919.0,Received
973,20241129,1,60,50,357.50000000000006,17875.000000000004,7.0,20241206.0,Received
974,20250131,1,60,50,357.50000000000006,17875.000000000004,,,Cancelled
975,20250323,1,60,50,357.50000000000006,17875.000000000004,10.0,20250402.0,Received
976,20250611,1,60,50,357.50000000000006,17875.000000000004,9.0,20250620.0,Received
977,20250802,1,60,50,357.50000000000006,17875.000000000004,,,Cancelled
978,20251010,1,60,50,357.50000000000006,17875.000000000004,5.0,20251015.0,Received
979,20251208,1,60,50,357.50000000000006,17875.000000000004,,,Confirmed
980,20230217,1,61,50,357.50000000000006,17875.000000000004,8.0,20230225.0,Received
981,20230504,1,61,50,357.50000000000006,17875.000000000004,5.0,20230509.0,Received
982,20230716,1,61,50,357.50000000000006,17875.000000000004,10.0,20230726.0,Received
983,20230901,1,61,50,357.50000000000006,17875.000000000004,,,Cancelled
984,20231024,1,61,50,357.50000000000006,17875.000000000004,8.0,20231101.0,Received
985,20231213,1,61,50,357.50000000000006,17875.000000000004,10.0,20231223.0,Received
986,20240214,1,61,50,357.50000000000006,17875.000000000004,7.0,20240221.0,Received
987,20240411,1,61,50,357.50000000000006,17875.000000000004,5.0,20240416.0,Received
988,20240706,1,61,50,357.50000000000006,17875.000000000004,6.0,20240712.0,Received
989,20240908,1,61,50,357.50000000000006,17875.000000000004,8.0,20240916.0,Received
990,20241023,1,61,50,357.50000000000006,17875.000000000004,,,Cancelled
991,20241231,1,61,50,357.50000000000006,17875.000000000004,5.0,20250105.0,Received
992,20250325,1,61,50,357.50000000000006,17875.000000000004,11.0,20250405.0,Received
993,20250527,1,61,50,357.50000000000006,17875.000000000004,5.0,20250601.0,Received
994,20250814,1,61,50,357.50000000000006,17875.000000000004,11.0,20250825.0,Received
995,20250928,1,61,50,357.50000000000006,17875.000000000004,5.0,20251003.0,Received
996,20251217,1,61,50,357.50000000000006,17875.000000000004,11.0,20251228.0,Received
997,20230227,1,62,50,357.50000000000006,17875.000000000004,5.0,20230304.0,Received
998,20230519,1,62,50,357.50000000000006,17875.000000000004,8.0,20230527.0,Received
999,20230810,1,62,50,357.50000000000006,17875.000000000004,9.0,20230819.0,Received
1000,20231009,1,62,50,357.50000000000006,17875.000000000004,5.0,20231014.0,Received
1001,20231205,1,62,50,357.50000000000006,17875.000000000004,5.0,20231210.0,Received
1002,20240203,1,62,50,357.50000000000006,17875.000000000004,7.0,20240210.0,Received
1003,20240427,1,62,50,357.50000000000006,17875.000000000004,11.0,20240508.0,Received
1004,20240618,1,62,50,357.50000000000006,17875.000000000004,9.0,20240627.0,Received
1005,20240907,1,62,50,357.50000000000006,17875.000000000004,6.0,20240913.0,Received
1006,20241023,1,62,50,357.50000000000006,17875.000000000004,7.0,20241030.0,Received
1007,20250117,1,62,50,357.50000000000006,17875.000000000004,7.0,20250124.0,Received
1008,20250321,1,62,50,357.50000000000006,17875.000000000004,,,Cancelled
1009,20250517,1,62,50,357.50000000000006,17875.000000000004,10.0,20250527.0,Received
1010,20250810,1,62,50,357.50000000000006,17875.000000000004,11.0,20250821.0,Received
1011,20251013,1,62,50,357.50000000000006,17875.000000000004,6.0,20251019.0,Received
1012,20260103,1,62,50,357.50000000000006,17875.000000000004,5.0,20260108.0,Received
1013,20230301,1,63,50,357.50000000000006,17875.000000000004,10.0,20230311.0,Received
1014,20230522,1,63,50,357.50000000000006,17875.000000000004,11.0,20230602.0,Received
1015,20230803,1,63,50,357.50000000000006,17875.000000000004,11.0,20230814.0,Received
1016,20230924,1,63,50,357.50000000000006,17875.000000000004,11.0,20231005.0,Received
1017,20231204,1,63,50,357.50000000000006,17875.000000000004,6.0,20231210.0,Received
1018,20240128,1,63,50,357.50000000000006,17875.000000000004,8.0,20240205.0,Received
1019,20240404,1,63,50,357.50000000000006,17875.000000000004,11.0,20240415.0,Received
1020,20240625,1,63,50,357.50000000000006,17875.000000000004,5.0,20240630.0,Received
1021,20240912,1,63,50,357.50000000000006,17875.000000000004,6.0,20240918.0,Received
1022,20241208,1,63,50,357.50000000000006,17875.000000000004,5.0,20241213.0,Received
1023,20250225,1,63,50,357.50000000000006,17875.000000000004,9.0,20250306.0,Received
1024,20250512,1,63,50,357.50000000000006,17875.000000000004,11.0,20250523.0,Received
1025,20250718,1,63,50,357.50000000000006,17875.000000000004,9.0,20250727.0,Received
1026,20250929,1,63,50,357.50000000000006,17875.000000000004,10.0,20251009.0,Received
1027,20251210,1,63,50,357.50000000000006,17875.000000000004,5.0,20251215.0,Received
1028,20230303,1,64,50,130.0,6500.0,,,Confirmed
1029,20230523,1,64,50,130.0,6500.0,9.0,20230601.0,Received
1030,20230818,1,64,50,130.0,6500.0,6.0,20230824.0,Received
1031,20231022,1,64,50,130.0,6500.0,,,Cancelled
1032,20231226,1,64,50,130.0,6500.0,6.0,20240101.0,Received
1033,20240217,1,64,50,130.0,6500.0,6.0,20240223.0,Received
1034,20240409,1,64,50,130.0,6500.0,10.0,20240419.0,Received
1035,20240605,1,64,50,130.0,6500.0,5.0,20240610.0,Received
1036,20240830,1,64,50,130.0,6500.0,7.0,20240906.0,Received
1037,20241121,1,64,50,130.0,6500.0,11.0,20241202.0,Received
1038,20250116,1,64,50,130.0,6500.0,7.0,20250123.0,Received
1039,20250408,1,64,50,130.0,6500.0,5.0,20250413.0,Received
1040,20250612,1,64,50,130.0,6500.0,6.0,20250618.0,Received
1041,20250908,1,64,50,130.0,6500.0,10.0,20250918.0,Received
1042,20251027,1,64,50,130.0,6500.0,11.0,20251107.0,Received
1043,20251226,1,64,50,130.0,6500.0,6.0,20260101.0,Received
1044,20230215,1,65,50,130.0,6500.0,5.0,20230220.0,Received
1045,20230428,1,65,50,130.0,6500.0,10.0,20230508.0,Received
1046,20230716,1,65,50,130.0,6500.0,8.0,20230724.0,Received
1047,20230907,1,65,50,130.0,6500.0,10.0,20230917.0,Received
1048,20231120,1,65,50,130.0,6500.0,,,Cancelled
1049,20240204,1,65,50,130.0,6500.0,,,Confirmed
1050,20240423,1,65,50,130.0,6500.0,7.0,20240430.0,Received
1051,20240714,1,65,50,130.0,6500.0,6.0,20240720.0,Received
1052,20240831,1,65,50,130.0,6500.0,6.0,20240906.0,Received
1053,20241017,1,65,50,130.0,6500.0,11.0,20241028.0,Received
1054,20250110,1,65,50,130.0,6500.0,10.0,20250120.0,Received
1055,20250404,1,65,50,130.0,6500.0,5.0,20250409.0,Received
1056,20250605,1,65,50,130.0,6500.0,9.0,20250614.0,Received
1057,20250804,1,65,50,130.0,6500.0,10.0,20250814.0,Received
1058,20250921,1,65,50,130.0,6500.0,10.0,20251001.0,Received
1059,20251117,1,65,50,130.0,6500.0,11.0,20251128.0,Received
1060,20260104,1,65,50,130.0,6500.0,,,Confirmed
1061,20230226,1,66,50,130.0,6500.0,9.0,20230307.0,Received
1062,20230516,1,66,50,130.0,6500.0,6.0,20230522.0,Received
1063,20230709,1,66,50,130.0,6500.0,6.0,20230715.0,Received
1064,20230917,1,66,50,130.0,6500.0,11.0,20230928.0,Received
1065,20231119,1,66,50,130.0,6500.0,10.0,20231129.0,Received
1066,20240116,1,66,50,130.0,6500.0,11.0,20240127.0,Received
1067,20240314,1,66,50,130.0,6500.0,6.0,20240320.0,Received
1068,20240601,1,66,50,130.0,6500.0,11.0,20240612.0,Received
1069,20240729,1,66,50,130.0,6500.0,7.0,20240805.0,Received
1070,20240915,1,66,50,130.0,6500.0,5.0,20240920.0,Received
1071,20241117,1,66,50,130.0,6500.0,5.0,20241122.0,Received
1072,20250126,1,66,50,130.0,6500.0,10.0,20250205.0,Received
1073,20250331,1,66,50,130.0,6500.0,8.0,20250408.0,Received
1074,20250624,1,66,50,130.0,6500.0,10.0,20250704.0,Received
1075,20250809,1,66,50,130.0,6500.0,9.0,20250818.0,Received
1076,20251030,1,66,50,130.0,6500.0,7.0,20251106.0,Received
1077,20251217,1,66,50,130.0,6500.0,7.0,20251224.0,Received
1078,20230224,1,67,50,130.0,6500.0,,,Cancelled
1079,20230520,1,67,50,130.0,6500.0,5.0,20230525.0,Received
1080,20230705,1,67,50,130.0,6500.0,9.0,20230714.0,Received
1081,20230820,1,67,50,130.0,6500.0,6.0,20230826.0,Received
1082,20231019,1,67,50,130.0,6500.0,10.0,20231029.0,Received
1083,20240107,1,67,50,130.0,6500.0,6.0,20240113.0,Received
1084,20240402,1,67,50,130.0,6500.0,7.0,20240409.0,Received
1085,20240622,1,67,50,130.0,6500.0,5.0,20240627.0,Received
1086,20240917,1,67,50,130.0,6500.0,7.0,20240924.0,Received
1087,20241214,1,67,50,130.0,6500.0,8.0,20241222.0,Received
1088,20250312,1,67,50,130.0,6500.0,8.0,20250320.0,Received
1089,20250519,1,67,50,130.0,6500.0,9.0,20250528.0,Received
1090,20250713,1,67,50,130.0,6500.0,11.0,20250724.0,Received
1091,20250918,1,67,50,130.0,6500.0,6.0,20250924.0,Received
1092,20251124,1,67,50,130.0,6500.0,10.0,20251204.0,Received
1093,20230311,1,68,50,130.0,6500.0,6.0,20230317.0,Received
1094,20230507,1,68,50,130.0,6500.0,6.0,20230513.0,Received
1095,20230730,1,68,50,130.0,6500.0,9.0,20230808.0,Received
1096,20230927,1,68,50,130.0,6500.0,11.0,20231008.0,Received
1097,20231111,1,68,50,130.0,6500.0,8.0,20231119.0,Received
1098,20240131,1,68,50,130.0,6500.0,9.0,20240209.0,Received
1099,20240414,1,68,50,130.0,6500.0,6.0,20240420.0,Received
1100,20240530,1,68,50,130.0,6500.0,10.0,20240609.0,Received
1101,20240812,1,68,50,130.0,6500.0,10.0,20240822.0,Received
1102,20241017,1,68,50,130.0,6500.0,7.0,20241024.0,Received
1103,20241228,1,68,50,130.0,6500.0,,,Confirmed
1104,20250316,1,68,50,130.0,6500.0,10.0,20250326.0,Received
1105,20250613,1,68,50,130.0,6500.0,9.0,20250622.0,Received
1106,20250819,1,68,50,130.0,6500.0,,,Confirmed
1107,20251014,1,68,50,130.0,6500.0,5.0,20251019.0,Received
1108,20251228,1,68,50,130.0,6500.0,7.0,20260104.0,Received
1109,20230222,1,69,50,130.0,6500.0,11.0,20230305.0,Received
1110,20230503,1,69,50,130.0,6500.0,11.0,20230514.0,Received
1111,20230730,1,69,50,130.0,6500.0,11.0,20230810.0,Received
1112,20231004,1,69,50,130.0,6500.0,10.0,20231014.0,Received
1113,20231219,1,69,50,130.0,6500.0,8.0,20231227.0,Received
1114,20240228,1,69,50,130.0,6500.0,9.0,20240308.0,Received
1115,20240422,1,69,50,130.0,6500.0,6.0,20240428.0,Received
1116,20240720,1,69,50,130.0,6500.0,8.0,20240728.0,Received
1117,20240911,1,69,50,130.0,6500.0,7.0,20240918.0,Received
1118,20241106,1,69,50,130.0,6500.0,8.0,20241114.0,Received
1119,20241231,1,69,50,130.0,6500.0,10.0,20250110.0,Received
1120,20250310,1,69,50,130.0,6500.0,6.0,20250316.0,Received
1121,20250520,1,69,50,130.0,6500.0,5.0,20250525.0,Received
1122,20250815,1,69,50,130.0,6500.0,9.0,20250824.0,Received
1123,20251025,1,69,50,130.0,6500.0,6.0,20251031.0,Received
1124,20251226,1,69,50,130.0,6500.0,6.0,20260101.0,Received
1125,20230219,1,70,50,130.0,6500.0,11.0,20230302.0,Received
1126,20230517,1,70,50,130.0,6500.0,,,Confirmed
1127,20230723,1,70,50,130.0,6500.0,10.0,20230802.0,Received
1128,20231005,1,70,50,130.0,6500.0,9.0,20231014.0,Received
1129,20231207,1,70,50,130.0,6500.0,8.0,20231215.0,Received
1130,20240213,1,70,50,130.0,6500.0,5.0,20240218.0,Received
1131,20240411,1,70,50,130.0,6500.0,11.0,20240422.0,Received
1132,20240531,1,70,50,130.0,6500.0,9.0,20240609.0,Received
1133,20240717,1,70,50,130.0,6500.0,8.0,20240725.0,Received
1134,20240903,1,70,50,130.0,6500.0,5.0,20240908.0,Received
1135,20241028,1,70,50,130.0,6500.0,8.0,20241105.0,Received
1136,20241216,1,70,50,130.0,6500.0,9.0,20241225.0,Received
1137,20250306,1,70,50,130.0,6500.0,8.0,20250314.0,Received
1138,20250429,1,70,50,130.0,6500.0,11.0,20250510.0,Received
1139,20250627,1,70,50,130.0,6500.0,5.0,20250702.0,Received
1140,20250922,1,70,50,130.0,6500.0,11.0,20251003.0,Received
1141,20251112,1,70,50,130.0,6500.0,11.0,20251123.0,Received
1142,20230227,1,71,50,130.0,6500.0,11.0,20230310.0,Received
1143,20230422,1,71,50,130.0,6500.0,,,Cancelled
1144,20230720,1,71,50,130.0,6500.0,6.0,20230726.0,Received
1145,20231009,1,71,50,130.0,6500.0,5.0,20231014.0,Received
1146,20231228,1,71,50,130.0,6500.0,8.0,20240105.0,Received
1147,20240321,1,71,50,130.0,6500.0,,,Confirmed
1148,20240530,1,71,50,130.0,6500.0,11.0,20240610.0,Received
1149,20240804,1,71,50,130.0,6500.0,5.0,20240809.0,Received
1150,20241003,1,71,50,130.0,6500.0,5.0,20241008.0,Received
1151,20241128,1,71,50,130.0,6500.0,5.0,20241203.0,Received
1152,20250206,1,71,50,130.0,6500.0,5.0,20250211.0,Received
1153,20250327,1,71,50,130.0,6500.0,8.0,20250404.0,Received
1154,20250526,1,71,50,130.0,6500.0,5.0,20250531.0,Received
1155,20250728,1,71,50,130.0,6500.0,6.0,20250803.0,Received
1156,20251022,1,71,50,130.0,6500.0,10.0,20251101.0,Received
1157,20251206,1,71,50,130.0,6500.0,11.0,20251217.0,Received
1158,20230304,1,72,50,130.0,6500.0,11.0,20230315.0,Received
1159,20230518,1,72,50,130.0,6500.0,9.0,20230527.0,Received
1160,20230713,1,72,50,130.0,6500.0,7.0,20230720.0,Received
1161,20230910,1,72,50,130.0,6500.0,10.0,20230920.0,Received
1162,20231029,1,72,50,130.0,6500.0,10.0,20231108.0,Received
1163,20231225,1,72,50,130.0,6500.0,11.0,20240105.0,Received
1164,20240309,1,72,50,130.0,6500.0,5.0,20240314.0,Received
1165,20240427,1,72,50,130.0,6500.0,8.0,20240505.0,Received
1166,20240708,1,72,50,130.0,6500.0,10.0,20240718.0,Received
1167,20240826,1,72,50,130.0,6500.0,,,Cancelled
1168,20241114,1,72,50,130.0,6500.0,7.0,20241121.0,Received
1169,20241229,1,72,50,130.0,6500.0,5.0,20250103.0,Received
1170,20250226,1,72,50,130.0,6500.0,9.0,20250307.0,Received
1171,20250517,1,72,50,130.0,6500.0,,,Confirmed
1172,20250805,1,72,50,130.0,6500.0,5.0,20250810.0,Received
1173,20251002,1,72,50,130.0,6500.0,6.0,20251008.0,Received
1174,20251127,1,72,50,130.0,6500.0,5.0,20251202.0,Received
1175,20230301,1,73,50,130.0,6500.0,5.0,20230306.0,Received
1176,20230415,1,73,50,130.0,6500.0,10.0,20230425.0,Received
1177,20230608,1,73,50,130.0,6500.0,9.0,20230617.0,Received
1178,20230820,1,73,50,130.0,6500.0,9.0,20230829.0,Received
1179,20231117,1,73,50,130.0,6500.0,7.0,20231124.0,Received
1180,20240118,1,73,50,130.0,6500.0,10.0,20240128.0,Received
1181,20240409,1,73,50,130.0,6500.0,5.0,20240414.0,Received
1182,20240620,1,73,50,130.0,6500.0,11.0,20240701.0,Received
1183,20240904,1,73,50,130.0,6500.0,5.0,20240909.0,Received
1184,20241122,1,73,50,130.0,6500.0,6.0,20241128.0,Received
1185,20250216,1,73,50,130.0,6500.0,5.0,20250221.0,Received
1186,20250509,1,73,50,130.0,6500.0,9.0,20250518.0,Received
1187,20250710,1,73,50,130.0,6500.0,5.0,20250715.0,Received
1188,20251001,1,73,50,130.0,6500.0,,,Cancelled
1189,20251224,1,73,50,130.0,6500.0,8.0,20260101.0,Received
1190,20230226,1,74,50,130.0,6500.0,7.0,20230305.0,Received
1191,20230421,1,74,50,130.0,6500.0,8.0,20230429.0,Received
1192,20230714,1,74,50,130.0,6500.0,7.0,20230721.0,Received
1193,20231009,1,74,50,130.0,6500.0,8.0,20231017.0,Received
1194,20240106,1,74,50,130.0,6500.0,6.0,20240112.0,Received
1195,20240315,1,74,50,130.0,6500.0,8.0,20240323.0,Received
1196,20240604,1,74,50,130.0,6500.0,,,Confirmed
1197,20240825,1,74,50,130.0,6500.0,11.0,20240905.0,Received
1198,20241019,1,74,50,130.0,6500.0,8.0,20241027.0,Received
1199,20241216,1,74,50,130.0,6500.0,10.0,20241226.0,Received
1200,20250315,1,74,50,130.0,6500.0,10.0,20250325.0,Received
1201,20250602,1,74,50,130.0,6500.0,7.0,20250609.0,Received
1202,20250819,1,74,50,130.0,6500.0,9.0,20250828.0,Received
1203,20251104,1,74,50,130.0,6500.0,8.0,20251112.0,Received
1204,20260129,1,74,50,130.0,6500.0,8.0,20260206.0,Received
1205,20230223,1,75,50,130.0,6500.0,8.0,20230303.0,Received
1206,20230417,1,75,50,130.0,6500.0,7.0,20230424.0,Received
1207,20230630,1,75,50,130.0,6500.0,6.0,20230706.0,Received
1208,20230916,1,75,50,130.0,6500.0,10.0,20230926.0,Received
1209,20231213,1,75,50,130.0,6500.0,6.0,20231219.0,Received
1210,20240308,1,75,50,130.0,6500.0,11.0,20240319.0,Received
1211,20240605,1,75,50,130.0,6500.0,8.0,20240613.0,Received
1212,20240813,1,75,50,130.0,6500.0,6.0,20240819.0,Received
1213,20241102,1,75,50,130.0,6500.0,11.0,20241113.0,Received
1214,20241217,1,75,50,130.0,6500.0,7.0,20241224.0,Received
1215,20250226,1,75,50,130.0,6500.0,6.0,20250304.0,Received
1216,20250418,1,75,50,130.0,6500.0,8.0,20250426.0,Received
1217,20250624,1,75,50,130.0,6500.0,8.0,20250702.0,Received
1218,20250824,1,75,50,130.0,6500.0,11.0,20250904.0,Received
1219,20251105,1,75,50,130.0,6500.0,11.0,20251116.0,Received
1220,20251223,1,75,50,130.0,6500.0,8.0,20251231.0,Received
1221,20230220,1,76,50,130.0,6500.0,,,Cancelled
1222,20230422,1,76,50,130.0,6500.0,8.0,20230430.0,Received
1223,20230624,1,76,50,130.0,6500.0,6.0,20230630.0,Received
1224,20230914,1,76,50,130.0,6500.0,7.0,20230921.0,Received
1225,20231106,1,76,50,130.0,6500.0,6.0,20231112.0,Received
1226,20231222,1,76,50,130.0,6500.0,5.0,20231227.0,Received
1227,20240228,1,76,50,130.0,6500.0,7.0,20240306.0,Received
1228,20240510,1,76,50,130.0,6500.0,9.0,20240519.0,Received
1229,20240718,1,76,50,130.0,6500.0,7.0,20240725.0,Received
1230,20240929,1,76,50,130.0,6500.0,6.0,20241005.0,Received
1231,20241124,1,76,50,130.0,6500.0,11.0,20241205.0,Received
1232,20250121,1,76,50,130.0,6500.0,11.0,20250201.0,Received
1233,20250326,1,76,50,130.0,6500.0,9.0,20250404.0,Received
1234,20250615,1,76,50,130.0,6500.0,9.0,20250624.0,Received
1235,20250902,1,76,50,130.0,6500.0,11.0,20250913.0,Received
1236,20251102,1,76,50,130.0,6500.0,10.0,20251112.0,Received
1237,20251231,1,76,50,130.0,6500.0,9.0,20260109.0,Received
1238,20230315,1,77,50,130.0,6500.0,11.0,20230326.0,Received
1239,20230508,1,77,50,130.0,6500.0,7.0,20230515.0,Received
1240,20230716,1,77,50,130.0,6500.0,10.0,20230726.0,Received
1241,20230907,1,77,50,130.0,6500.0,,,Confirmed
1242,20231202,1,77,50,130.0,6500.0,5.0,20231207.0,Received
1243,20240208,1,77,50,130.0,6500.0,5.0,20240213.0,Received
1244,20240424,1,77,50,130.0,6500.0,7.0,20240501.0,Received
1245,20240619,1,77,50,130.0,6500.0,5.0,20240624.0,Received
1246,20240804,1,77,50,130.0,6500.0,,,Cancelled
1247,20241023,1,77,50,130.0,6500.0,6.0,20241029.0,Received
1248,20250120,1,77,50,130.0,6500.0,7.0,20250127.0,Received
1249,20250410,1,77,50,130.0,6500.0,8.0,20250418.0,Received
1250,20250610,1,77,50,130.0,6500.0,9.0,20250619.0,Received
1251,20250825,1,77,50,130.0,6500.0,,,Cancelled
1252,20251023,1,77,50,130.0,6500.0,,,Cancelled
1253,20260107,1,77,50,130.0,6500.0,6.0,20260113.0,Received
1254,20230304,1,78,50,130.0,6500.0,6.0,20230310.0,Received
1255,20230516,1,78,50,130.0,6500.0,,,Confirmed
1256,20230810,1,78,50,130.0,6500.0,11.0,20230821.0,Received
1257,20231005,1,78,50,130.0,6500.0,6.0,20231011.0,Received
1258,20231122,1,78,50,130.0,6500.0,7.0,20231129.0,Received
1259,20240216,1,78,50,130.0,6500.0,7.0,20240223.0,Received
1260,20240423,1,78,50,130.0,6500.0,,,Cancelled
1261,20240715,1,78,50,130.0,6500.0,9.0,20240724.0,Received
1262,20241005,1,78,50,130.0,6500.0,8.0,20241013.0,Received
1263,20241224,1,78,50,130.0,6500.0,9.0,20250102.0,Received
1264,20250322,1,78,50,130.0,6500.0,9.0,20250331.0,Received
1265,20250604,1,78,50,130.0,6500.0,7.0,20250611.0,Received
1266,20250729,1,78,50,130.0,6500.0,5.0,20250803.0,Received
1267,20251003,1,78,50,130.0,6500.0,9.0,20251012.0,Received
1268,20251118,1,78,50,130.0,6500.0,11.0,20251129.0,Received
1269,20260113,1,78,50,130.0,6500.0,11.0,20260124.0,Received
1270,20230331,1,79,50,130.0,6500.0,7.0,20230407.0,Received
1271,20230521,1,79,50,130.0,6500.0,7.0,20230528.0,Received
1272,20230728,1,79,50,130.0,6500.0,7.0,20230804.0,Received
1273,20231013,1,79,50,130.0,6500.0,7.0,20231020.0,Received
1274,20231205,1,79,50,130.0,6500.0,8.0,20231213.0,Received
1275,20240301,1,79,50,130.0,6500.0,9.0,20240310.0,Received
1276,20240416,1,79,50,130.0,6500.0,9.0,20240425.0,Received
1277,20240606,1,79,50,130.0,6500.0,11.0,20240617.0,Received
1278,20240815,1,79,50,130.0,6500.0,11.0,20240826.0,Received
1279,20241106,1,79,50,130.0,6500.0,,,Cancelled
1280,20250203,1,79,50,130.0,6500.0,6.0,20250209.0,Received
1281,20250408,1,79,50,130.0,6500.0,9.0,20250417.0,Received
1282,20250528,1,79,50,130.0,6500.0,7.0,20250604.0,Received
1283,20250720,1,79,50,130.0,6500.0,7.0,20250727.0,Received
1284,20250929,1,79,50,130.0,6500.0,7.0,20251006.0,Received
1285,20251223,1,79,50,130.0,6500.0,9.0,20260101.0,Received
1286,20230311,1,80,50,130.0,6500.0,6.0,20230317.0,Received
1287,20230518,1,80,50,130.0,6500.0,8.0,20230526.0,Received
1288,20230729,1,80,50,130.0,6500.0,5.0,20230803.0,Received
1289,20231008,1,80,50,130.0,6500.0,7.0,20231015.0,Received
1290,20231205,1,80,50,130.0,6500.0,7.0,20231212.0,Received
1291,20240202,1,80,50,130.0,6500.0,8.0,20240210.0,Received
1292,20240330,1,80,50,130.0,6500.0,10.0,20240409.0,Received
1293,20240531,1,80,50,130.0,6500.0,11.0,20240611.0,Received
1294,20240807,1,80,50,130.0,6500.0,11.0,20240818.0,Received
1295,20241015,1,80,50,130.0,6500.0,6.0,20241021.0,Received
1296,20241208,1,80,50,130.0,6500.0,7.0,20241215.0,Received
1297,20250213,1,80,50,130.0,6500.0,10.0,20250223.0,Received
1298,20250406,1,80,50,130.0,6500.0,8.0,20250414.0,Received
1299,20250623,1,80,50,130.0,6500.0,11.0,20250704.0,Received
1300,20250819,1,80,50,130.0,6500.0,5.0,20250824.0,Received
1301,20251019,1,80,50,130.0,6500.0,6.0,20251025.0,Received
1302,20251209,1,80,50,130.0,6500.0,,,Cancelled
1303,20260131,1,80,50,130.0,6500.0,10.0,20260210.0,Received
1304,20230308,1,81,50,130.0,6500.0,5.0,20230313.0,Received
1305,20230430,1,81,50,130.0,6500.0,7.0,20230507.0,Received
1306,20230710,1,81,50,130.0,6500.0,,,Confirmed
1307,20230902,1,81,50,130.0,6500.0,6.0,20230908.0,Received
1308,20231108,1,81,50,130.0,6500.0,10.0,20231118.0,Received
1309,20240120,1,81,50,130.0,6500.0,10.0,20240130.0,Received
1310,20240319,1,81,50,130.0,6500.0,11.0,20240330.0,Received
1311,20240602,1,81,50,130.0,6500.0,,,Cancelled
1312,20240823,1,81,50,130.0,6500.0,11.0,20240903.0,Received
1313,20241012,1,81,50,130.0,6500.0,,,Cancelled
1314,20241227,1,81,50,130.0,6500.0,7.0,20250103.0,Received
1315,20250221,1,81,50,130.0,6500.0,,,Confirmed
1316,20250419,1,81,50,130.0,6500.0,9.0,20250428.0,Received
1317,20250714,1,81,50,130.0,6500.0,10.0,20250724.0,Received
1318,20250917,1,81,50,130.0,6500.0,5.0,20250922.0,Received
1319,20251129,1,81,50,130.0,6500.0,,,Confirmed
1320,20230221,1,82,50,130.0,6500.0,7.0,20230228.0,Received
1321,20230506,1,82,50,130.0,6500.0,8.0,20230514.0,Received
1322,20230730,1,82,50,130.0,6500.0,7.0,20230806.0,Received
1323,20231006,1,82,50,130.0,6500.0,11.0,20231017.0,Received
1324,20231219,1,82,50,130.0,6500.0,5.0,20231224.0,Received
1325,20240225,1,82,50,130.0,6500.0,8.0,20240304.0,Received
1326,20240411,1,82,50,130.0,6500.0,10.0,20240421.0,Received
1327,20240619,1,82,50,130.0,6500.0,8.0,20240627.0,Received
1328,20240811,1,82,50,130.0,6500.0,8.0,20240819.0,Received
1329,20241010,1,82,50,130.0,6500.0,,,Cancelled
1330,20241227,1,82,50,130.0,6500.0,5.0,20250101.0,Received
1331,20250310,1,82,50,130.0,6500.0,10.0,20250320.0,Received
1332,20250604,1,82,50,130.0,6500.0,10.0,20250614.0,Received
1333,20250812,1,82,50,130.0,6500.0,7.0,20250819.0,Received
1334,20251019,1,82,50,130.0,6500.0,7.0,20251026.0,Received
1335,20260111,1,82,50,130.0,6500.0,11.0,20260122.0,Received
1336,20230318,1,83,50,130.0,6500.0,5.0,20230323.0,Received
1337,20230530,1,83,50,130.0,6500.0,8.0,20230607.0,Received
1338,20230714,1,83,50,130.0,6500.0,5.0,20230719.0,Received
1339,20230928,1,83,50,130.0,6500.0,7.0,20231005.0,Received
1340,20231223,1,83,50,130.0,6500.0,11.0,20240103.0,Received
1341,20240305,1,83,50,130.0,6500.0,11.0,20240316.0,Received
1342,20240419,1,83,50,130.0,6500.0,5.0,20240424.0,Received
1343,20240715,1,83,50,130.0,6500.0,9.0,20240724.0,Received
1344,20240910,1,83,50,130.0,6500.0,5.0,20240915.0,Received
1345,20241028,1,83,50,130.0,6500.0,7.0,20241104.0,Received
1346,20250122,1,83,50,130.0,6500.0,6.0,20250128.0,Received
1347,20250324,1,83,50,130.0,6500.0,9.0,20250402.0,Received
1348,20250611,1,83,50,130.0,6500.0,9.0,20250620.0,Received
1349,20250823,1,83,50,130.0,6500.0,8.0,20250831.0,Received
1350,20251021,1,83,50,130.0,6500.0,6.0,20251027.0,Received
1351,20260117,1,83,50,130.0,6500.0,8.0,20260125.0,Received
1352,20230315,1,84,50,130.0,6500.0,,,Cancelled
1353,20230528,1,84,50,130.0,6500.0,5.0,20230602.0,Received
1354,20230803,1,84,50,130.0,6500.0,11.0,20230814.0,Received
1355,20231009,1,84,50,130.0,6500.0,11.0,20231020.0,Received
1356,20231123,1,84,50,130.0,6500.0,9.0,20231202.0,Received
1357,20240211,1,84,50,130.0,6500.0,7.0,20240218.0,Received
1358,20240417,1,84,50,130.0,6500.0,9.0,20240426.0,Received
1359,20240715,1,84,50,130.0,6500.0,8.0,20240723.0,Received
1360,20240917,1,84,50,130.0,6500.0,8.0,20240925.0,Received
1361,20241209,1,84,50,130.0,6500.0,,,Cancelled
1362,20250214,1,84,50,130.0,6500.0,9.0,20250223.0,Received
1363,20250413,1,84,50,130.0,6500.0,7.0,20250420.0,Received
1364,20250612,1,84,50,130.0,6500.0,6.0,20250618.0,Received
1365,20250809,1,84,50,130.0,6500.0,11.0,20250820.0,Received
1366,20251006,1,84,50,130.0,6500.0,11.0,20251017.0,Received
1367,20251206,1,84,50,130.0,6500.0,7.0,20251213.0,Received
1368,20260125,1,84,50,130.0,6500.0,6.0,20260131.0,Received
1369,20230310,1,85,50,130.0,6500.0,7.0,20230317.0,Received
1370,20230429,1,85,50,130.0,6500.0,11.0,20230510.0,Received
1371,20230721,1,85,50,130.0,6500.0,8.0,20230729.0,Received
1372,20230924,1,85,50,130.0,6500.0,9.0,20231003.0,Received
1373,20231126,1,85,50,130.0,6500.0,11.0,20231207.0,Received
1374,20240210,1,85,50,130.0,6500.0,8.0,20240218.0,Received
1375,20240331,1,85,50,130.0,6500.0,,,Confirmed
1376,20240615,1,85,50,130.0,6500.0,8.0,20240623.0,Received
1377,20240904,1,85,50,130.0,6500.0,10.0,20240914.0,Received
1378,20241030,1,85,50,130.0,6500.0,8.0,20241107.0,Received
1379,20250122,1,85,50,130.0,6500.0,,,Confirmed
1380,20250311,1,85,50,130.0,6500.0,10.0,20250321.0,Received
1381,20250510,1,85,50,130.0,6500.0,7.0,20250517.0,Received
1382,20250714,1,85,50,130.0,6500.0,11.0,20250725.0,Received
1383,20250905,1,85,50,130.0,6500.0,11.0,20250916.0,Received
1384,20251202,1,85,50,130.0,6500.0,6.0,20251208.0,Received
1385,20230326,1,86,50,130.0,6500.0,8.0,20230403.0,Received
1386,20230530,1,86,50,130.0,6500.0,11.0,20230610.0,Received
1387,20230825,1,86,50,130.0,6500.0,8.0,20230902.0,Received
1388,20231029,1,86,50,130.0,6500.0,6.0,20231104.0,Received
1389,20240119,1,86,50,130.0,6500.0,5.0,20240124.0,Received
1390,20240416,1,86,50,130.0,6500.0,,,Confirmed
1391,20240630,1,86,50,130.0,6500.0,11.0,20240711.0,Received
1392,20240905,1,86,50,130.0,6500.0,9.0,20240914.0,Received
1393,20241101,1,86,50,130.0,6500.0,,,Confirmed
1394,20250126,1,86,50,130.0,6500.0,5.0,20250131.0,Received
1395,20250317,1,86,50,130.0,6500.0,11.0,20250328.0,Received
1396,20250510,1,86,50,130.0,6500.0,5.0,20250515.0,Received
1397,20250625,1,86,50,130.0,6500.0,10.0,20250705.0,Received
1398,20250906,1,86,50,130.0,6500.0,6.0,20250912.0,Received
1399,20251204,1,86,50,130.0,6500.0,6.0,20251210.0,Received
1400,20230320,1,87,50,130.0,6500.0,8.0,20230328.0,Received
1401,20230607,1,87,50,130.0,6500.0,5.0,20230612.0,Received
1402,20230804,1,87,50,130.0,6500.0,7.0,20230811.0,Received
1403,20231011,1,87,50,130.0,6500.0,11.0,20231022.0,Received
1404,20231220,1,87,50,130.0,6500.0,6.0,20231226.0,Received
1405,20240208,1,87,50,130.0,6500.0,6.0,20240214.0,Received
1406,20240405,1,87,50,130.0,6500.0,6.0,20240411.0,Received
1407,20240615,1,87,50,130.0,6500.0,10.0,20240625.0,Received
1408,20240810,1,87,50,130.0,6500.0,5.0,20240815.0,Received
1409,20241023,1,87,50,130.0,6500.0,7.0,20241030.0,Received
1410,20241221,1,87,50,130.0,6500.0,11.0,20250101.0,Received
1411,20250310,1,87,50,130.0,6500.0,10.0,20250320.0,Received
1412,20250525,1,87,50,130.0,6500.0,9.0,20250603.0,Received
1413,20250814,1,87,50,130.0,6500.0,7.0,20250821.0,Received
1414,20251106,1,87,50,130.0,6500.0,,,Cancelled
1415,20230223,1,88,50,255.25751072961373,12762.875536480686,,,Confirmed
1416,20230502,1,88,50,255.25751072961373,12762.875536480686,11.0,20230513.0,Received
1417,20230623,1,88,50,255.25751072961373,12762.875536480686,5.0,20230628.0,Received
1418,20230910,1,88,50,255.25751072961373,12762.875536480686,10.0,20230920.0,Received
1419,20231126,1,88,50,255.25751072961373,12762.875536480686,11.0,20231207.0,Received
1420,20240204,1,88,50,255.25751072961373,12762.875536480686,9.0,20240213.0,Received
1421,20240330,1,88,50,255.25751072961373,12762.875536480686,7.0,20240406.0,Received
1422,20240616,1,88,50,255.25751072961373,12762.875536480686,7.0,20240623.0,Received
1423,20240913,1,88,50,255.25751072961373,12762.875536480686,9.0,20240922.0,Received
1424,20241124,1,88,50,255.25751072961373,12762.875536480686,9.0,20241203.0,Received
1425,20250202,1,88,50,255.25751072961373,12762.875536480686,,,Cancelled
1426,20250501,1,88,50,255.25751072961373,12762.875536480686,6.0,20250507.0,Received
1427,20250728,1,88,50,255.25751072961373,12762.875536480686,6.0,20250803.0,Received
1428,20251005,1,88,50,255.25751072961373,12762.875536480686,10.0,20251015.0,Received
1429,20251125,1,88,50,255.25751072961373,12762.875536480686,8.0,20251203.0,Received
1430,20260120,1,88,50,255.25751072961373,12762.875536480686,7.0,20260127.0,Received
1431,20230318,1,89,50,357.50000000000006,17875.000000000004,7.0,20230325.0,Received
1432,20230613,1,89,50,357.50000000000006,17875.000000000004,7.0,20230620.0,Received
1433,20230814,1,89,50,357.50000000000006,17875.000000000004,10.0,20230824.0,Received
1434,20231013,1,89,50,357.50000000000006,17875.000000000004,10.0,20231023.0,Received
1435,20231231,1,89,50,357.50000000000006,17875.000000000004,7.0,20240107.0,Received
1436,20240316,1,89,50,357.50000000000006,17875.000000000004,10.0,20240326.0,Received
1437,20240526,1,89,50,357.50000000000006,17875.000000000004,9.0,20240604.0,Received
1438,20240819,1,89,50,357.50000000000006,17875.000000000004,,,Cancelled
1439,20241012,1,89,50,357.50000000000006,17875.000000000004,9.0,20241021.0,Received
1440,20241201,1,89,50,357.50000000000006,17875.000000000004,8.0,20241209.0,Received
1441,20250211,1,89,50,357.50000000000006,17875.000000000004,10.0,20250221.0,Received
1442,20250429,1,89,50,357.50000000000006,17875.000000000004,9.0,20250508.0,Received
1443,20250629,1,89,50,357.50000000000006,17875.000000000004,5.0,20250704.0,Received
1444,20250815,1,89,50,357.50000000000006,17875.000000000004,7.0,20250822.0,Received
1445,20251009,1,89,50,357.50000000000006,17875.000000000004,7.0,20251016.0,Received
1446,20251229,1,89,50,357.50000000000006,17875.000000000004,9.0,20260107.0,Received
1447,20230215,1,90,50,357.50000000000006,17875.000000000004,5.0,20230220.0,Received
1448,20230504,1,90,50,357.50000000000006,17875.000000000004,5.0,20230509.0,Received
1449,20230623,1,90,50,357.50000000000006,17875.000000000004,8.0,20230701.0,Received
1450,20230910,1,90,50,357.50000000000006,17875.000000000004,9.0,20230919.0,Received
1451,20231120,1,90,50,357.50000000000006,17875.000000000004,5.0,20231125.0,Received
1452,20240119,1,90,50,357.50000000000006,17875.000000000004,11.0,20240130.0,Received
1453,20240414,1,90,50,357.50000000000006,17875.000000000004,6.0,20240420.0,Received
1454,20240618,1,90,50,357.50000000000006,17875.000000000004,7.0,20240625.0,Received
1455,20240906,1,90,50,357.50000000000006,17875.000000000004,11.0,20240917.0,Received
1456,20241202,1,90,50,357.50000000000006,17875.000000000004,7.0,20241209.0,Received
1457,20250204,1,90,50,357.50000000000006,17875.000000000004,9.0,20250213.0,Received
1458,20250328,1,90,50,357.50000000000006,17875.000000000004,8.0,20250405.0,Received
1459,20250612,1,90,50,357.50000000000006,17875.000000000004,7.0,20250619.0,Received
1460,20250811,1,90,50,357.50000000000006,17875.000000000004,7.0,20250818.0,Received
1461,20251023,1,90,50,357.50000000000006,17875.000000000004,9.0,20251101.0,Received
1462,20251229,1,90,50,357.50000000000006,17875.000000000004,5.0,20260103.0,Received
1463,20230221,1,91,50,357.50000000000006,17875.000000000004,11.0,20230304.0,Received
1464,20230409,1,91,50,357.50000000000006,17875.000000000004,9.0,20230418.0,Received
1465,20230525,1,91,50,357.50000000000006,17875.000000000004,6.0,20230531.0,Received
1466,20230718,1,91,50,357.50000000000006,17875.000000000004,,,Cancelled
1467,20231015,1,91,50,357.50000000000006,17875.000000000004,8.0,20231023.0,Received
1468,20240110,1,91,50,357.50000000000006,17875.000000000004,,,Cancelled
1469,20240313,1,91,50,357.50000000000006,17875.000000000004,7.0,20240320.0,Received
1470,20240610,1,91,50,357.50000000000006,17875.000000000004,6.0,20240616.0,Received
1471,20240906,1,91,50,357.50000000000006,17875.000000000004,11.0,20240917.0,Received
1472,20241116,1,91,50,357.50000000000006,17875.000000000004,5.0,20241121.0,Received
1473,20250208,1,91,50,357.50000000000006,17875.000000000004,10.0,20250218.0,Received
1474,20250412,1,91,50,357.50000000000006,17875.000000000004,5.0,20250417.0,Received
1475,20250528,1,91,50,357.50000000000006,17875.000000000004,,,Cancelled
1476,20250713,1,91,50,357.50000000000006,17875.000000000004,9.0,20250722.0,Received
1477,20250915,1,91,50,357.50000000000006,17875.000000000004,8.0,20250923.0,Received
1478,20251125,1,91,50,357.50000000000006,17875.000000000004,6.0,20251201.0,Received
1479,20230317,1,92,50,357.50000000000006,17875.000000000004,9.0,20230326.0,Received
1480,20230517,1,92,50,357.50000000000006,17875.000000000004,9.0,20230526.0,Received
1481,20230814,1,92,50,357.50000000000006,17875.000000000004,11.0,20230825.0,Received
1482,20230930,1,92,50,357.50000000000006,17875.000000000004,10.0,20231010.0,Received
1483,20231130,1,92,50,357.50000000000006,17875.000000000004,8.0,20231208.0,Received
1484,20240129,1,92,50,357.50000000000006,17875.000000000004,5.0,20240203.0,Received
1485,20240402,1,92,50,357.50000000000006,17875.000000000004,6.0,20240408.0,Received
1486,20240621,1,92,50,357.50000000000006,17875.000000000004,11.0,20240702.0,Received
1487,20240814,1,92,50,357.50000000000006,17875.000000000004,,,Confirmed
1488,20241106,1,92,50,357.50000000000006,17875.000000000004,10.0,20241116.0,Received
1489,20250115,1,92,50,357.50000000000006,17875.000000000004,6.0,20250121.0,Received
1490,20250402,1,92,50,357.50000000000006,17875.000000000004,11.0,20250413.0,Received
1491,20250606,1,92,50,357.50000000000006,17875.000000000004,7.0,20250613.0,Received
1492,20250808,1,92,50,357.50000000000006,17875.000000000004,7.0,20250815.0,Received
1493,20251022,1,92,50,357.50000000000006,17875.000000000004,,,Confirmed
1494,20251211,1,92,50,357.50000000000006,17875.000000000004,6.0,20251217.0,Received
1495,20230224,1,93,50,255.25751072961373,12762.875536480686,11.0,20230307.0,Received
1496,20230506,1,93,50,255.25751072961373,12762.875536480686,9.0,20230515.0,Received
1497,20230710,1,93,50,255.25751072961373,12762.875536480686,7.0,20230717.0,Received
1498,20231004,1,93,50,255.25751072961373,12762.875536480686,11.0,20231015.0,Received
1499,20231122,1,93,50,255.25751072961373,12762.875536480686,9.0,20231201.0,Received
1500,20240215,1,93,50,255.25751072961373,12762.875536480686,5.0,20240220.0,Received
1501,20240511,1,93,50,255.25751072961373,12762.875536480686,11.0,20240522.0,Received
1502,20240729,1,93,50,255.25751072961373,12762.875536480686,7.0,20240805.0,Received
1503,20241004,1,93,50,255.25751072961373,12762.875536480686,8.0,20241012.0,Received
1504,20241122,1,93,50,255.25751072961373,12762.875536480686,6.0,20241128.0,Received
1505,20250107,1,93,50,255.25751072961373,12762.875536480686,7.0,20250114.0,Received
1506,20250330,1,93,50,255.25751072961373,12762.875536480686,10.0,20250409.0,Received
1507,20250624,1,93,50,255.25751072961373,12762.875536480686,8.0,20250702.0,Received
1508,20250828,1,93,50,255.25751072961373,12762.875536480686,7.0,20250904.0,Received
1509,20251114,1,93,50,255.25751072961373,12762.875536480686,5.0,20251119.0,Received
1510,20260101,1,93,50,255.25751072961373,12762.875536480686,,,Confirmed
1511,20230330,1,94,69,357.50000000000006,24667.500000000004,5.0,20230404.0,Received
1512,20230610,1,94,69,357.50000000000006,24667.500000000004,5.0,20230615.0,Received
1513,20230820,1,94,69,357.50000000000006,24667.500000000004,10.0,20230830.0,Received
1514,20231117,1,94,69,357.50000000000006,24667.500000000004,6.0,20231123.0,Received
1515,20240115,1,94,69,357.50000000000006,24667.500000000004,11.0,20240126.0,Received
1516,20240319,1,94,69,357.50000000000006,24667.500000000004,6.0,20240325.0,Received
1517,20240530,1,94,69,357.50000000000006,24667.500000000004,5.0,20240604.0,Received
1518,20240716,1,94,69,357.50000000000006,24667.500000000004,10.0,20240726.0,Received
1519,20240919,1,94,69,357.50000000000006,24667.500000000004,5.0,20240924.0,Received
1520,20241103,1,94,69,357.50000000000006,24667.500000000004,10.0,20241113.0,Received
1521,20250105,1,94,69,357.50000000000006,24667.500000000004,9.0,20250114.0,Received
1522,20250304,1,94,69,357.50000000000006,24667.500000000004,5.0,20250309.0,Received
1523,20250418,1,94,69,357.50000000000006,24667.500000000004,10.0,20250428.0,Received
1524,20250628,1,94,69,357.50000000000006,24667.500000000004,9.0,20250707.0,Received
1525,20250923,1,94,69,357.50000000000006,24667.500000000004,8.0,20251001.0,Received
1526,20251204,1,94,69,357.50000000000006,24667.500000000004,5.0,20251209.0,Received
1527,20260118,1,94,69,357.50000000000006,24667.500000000004,6.0,20260124.0,Received
1528,20230311,1,95,50,357.50000000000006,17875.000000000004,,,Confirmed
1529,20230511,1,95,50,357.50000000000006,17875.000000000004,10.0,20230521.0,Received
1530,20230728,1,95,50,357.50000000000006,17875.000000000004,5.0,20230802.0,Received
1531,20231025,1,95,50,357.50000000000006,17875.000000000004,6.0,20231031.0,Received
1532,20231219,1,95,50,357.50000000000006,17875.000000000004,10.0,20231229.0,Received
1533,20240314,1,95,50,357.50000000000006,17875.000000000004,9.0,20240323.0,Received
1534,20240518,1,95,50,357.50000000000006,17875.000000000004,6.0,20240524.0,Received
1535,20240715,1,95,50,357.50000000000006,17875.000000000004,,,Confirmed
1536,20240901,1,95,50,357.50000000000006,17875.000000000004,8.0,20240909.0,Received
1537,20241019,1,95,50,357.50000000000006,17875.000000000004,5.0,20241024.0,Received
1538,20241226,1,95,50,357.50000000000006,17875.000000000004,7.0,20250102.0,Received
1539,20250322,1,95,50,357.50000000000006,17875.000000000004,8.0,20250330.0,Received
1540,20250514,1,95,50,357.50000000000006,17875.000000000004,7.0,20250521.0,Received
1541,20250705,1,95,50,357.50000000000006,17875.000000000004,8.0,20250713.0,Received
1542,20250916,1,95,50,357.50000000000006,17875.000000000004,11.0,20250927.0,Received
1543,20251213,1,95,50,357.50000000000006,17875.000000000004,11.0,20251224.0,Received
1544,20230324,1,96,50,357.50000000000006,17875.000000000004,10.0,20230403.0,Received
1545,20230606,1,96,50,357.50000000000006,17875.000000000004,5.0,20230611.0,Received
1546,20230724,1,96,50,357.50000000000006,17875.000000000004,7.0,20230731.0,Received
1547,20231002,1,96,50,357.50000000000006,17875.000000000004,10.0,20231012.0,Received
1548,20231127,1,96,50,357.50000000000006,17875.000000000004,10.0,20231207.0,Received
1549,20240130,1,96,50,357.50000000000006,17875.000000000004,,,Confirmed
1550,20240321,1,96,50,357.50000000000006,17875.000000000004,8.0,20240329.0,Received
1551,20240530,1,96,50,357.50000000000006,17875.000000000004,8.0,20240607.0,Received
1552,20240808,1,96,50,357.50000000000006,17875.000000000004,7.0,20240815.0,Received
1553,20240922,1,96,50,357.50000000000006,17875.000000000004,5.0,20240927.0,Received
1554,20241203,1,96,50,357.50000000000006,17875.000000000004,7.0,20241210.0,Received
1555,20250202,1,96,50,357.50000000000006,17875.000000000004,7.0,20250209.0,Received
1556,20250412,1,96,50,357.50000000000006,17875.000000000004,8.0,20250420.0,Received
1557,20250606,1,96,50,357.50000000000006,17875.000000000004,11.0,20250617.0,Received
1558,20250813,1,96,50,357.50000000000006,17875.000000000004,5.0,20250818.0,Received
1559,20251012,1,96,50,357.50000000000006,17875.000000000004,10.0,20251022.0,Received
1560,20260102,1,96,50,357.50000000000006,17875.000000000004,7.0,20260109.0,Received
1561,20230319,1,97,50,357.50000000000006,17875.000000000004,9.0,20230328.0,Received
1562,20230607,1,97,50,357.50000000000006,17875.000000000004,11.0,20230618.0,Received
1563,20230902,1,97,50,357.50000000000006,17875.000000000004,10.0,20230912.0,Received
1564,20231120,1,97,50,357.50000000000006,17875.000000000004,6.0,20231126.0,Received
1565,20240213,1,97,50,357.50000000000006,17875.000000000004,,,Confirmed
1566,20240412,1,97,50,357.50000000000006,17875.000000000004,6.0,20240418.0,Received
1567,20240616,1,97,50,357.50000000000006,17875.000000000004,9.0,20240625.0,Received
1568,20240807,1,97,50,357.50000000000006,17875.000000000004,8.0,20240815.0,Received
1569,20241006,1,97,50,357.50000000000006,17875.000000000004,6.0,20241012.0,Received
1570,20241215,1,97,50,357.50000000000006,17875.000000000004,10.0,20241225.0,Received
1571,20250225,1,97,50,357.50000000000006,17875.000000000004,7.0,20250304.0,Received
1572,20250510,1,97,50,357.50000000000006,17875.000000000004,5.0,20250515.0,Received
1573,20250805,1,97,50,357.50000000000006,17875.000000000004,7.0,20250812.0,Received
1574,20251025,1,97,50,357.50000000000006,17875.000000000004,7.0,20251101.0,Received
1575,20251220,1,97,50,357.50000000000006,17875.000000000004,6.0,20251226.0,Received
1576,20230218,1,98,50,255.25751072961373,12762.875536480686,6.0,20230224.0,Received
1577,20230422,1,98,50,255.25751072961373,12762.875536480686,7.0,20230429.0,Received
1578,20230620,1,98,50,255.25751072961373,12762.875536480686,5.0,20230625.0,Received
1579,20230913,1,98,50,255.25751072961373,12762.875536480686,5.0,20230918.0,Received
1580,20231115,1,98,50,255.25751072961373,12762.875536480686,5.0,20231120.0,Received
1581,20240111,1,98,50,255.25751072961373,12762.875536480686,,,Confirmed
1582,20240312,1,98,50,255.25751072961373,12762.875536480686,,,Confirmed
1583,20240511,1,98,50,255.25751072961373,12762.875536480686,,,Cancelled
1584,20240707,1,98,50,255.25751072961373,12762.875536480686,8.0,20240715.0,Received
1585,20240907,1,98,50,255.25751072961373,12762.875536480686,,,Cancelled
1586,20241103,1,98,50,255.25751072961373,12762.875536480686,10.0,20241113.0,Received
1587,20250104,1,98,50,255.25751072961373,12762.875536480686,6.0,20250110.0,Received
1588,20250324,1,98,50,255.25751072961373,12762.875536480686,5.0,20250329.0,Received
1589,20250608,1,98,50,255.25751072961373,12762.875536480686,8.0,20250616.0,Received
1590,20250814,1,98,50,255.25751072961373,12762.875536480686,8.0,20250822.0,Received
1591,20251031,1,98,50,255.25751072961373,12762.875536480686,11.0,20251111.0,Received
1592,20251227,1,98,50,255.25751072961373,12762.875536480686,6.0,20260102.0,Received
1593,20230326,1,99,50,357.50000000000006,17875.000000000004,7.0,20230402.0,Received
1594,20230613,1,99,50,357.50000000000006,17875.000000000004,10.0,20230623.0,Received
1595,20230902,1,99,50,357.50000000000006,17875.000000000004,5.0,20230907.0,Received
1596,20231028,1,99,50,357.50000000000006,17875.000000000004,9.0,20231106.0,Received
1597,20240125,1,99,50,357.50000000000006,17875.000000000004,11.0,20240205.0,Received
1598,20240312,1,99,50,357.50000000000006,17875.000000000004,6.0,20240318.0,Received
1599,20240509,1,99,50,357.50000000000006,17875.000000000004,10.0,20240519.0,Received
1600,20240802,1,99,50,357.50000000000006,17875.000000000004,11.0,20240813.0,Received
1601,20241005,1,99,50,357.50000000000006,17875.000000000004,10.0,20241015.0,Received
1602,20241209,1,99,50,357.50000000000006,17875.000000000004,11.0,20241220.0,Received
1603,20250207,1,99,50,357.50000000000006,17875.000000000004,11.0,20250218.0,Received
1604,20250418,1,99,50,357.50000000000006,17875.000000000004,11.0,20250429.0,Received
1605,20250624,1,99,50,357.50000000000006,17875.000000000004,7.0,20250701.0,Received
1606,20250915,1,99,50,357.50000000000006,17875.000000000004,5.0,20250920.0,Received
1607,20251116,1,99,50,357.50000000000006,17875.000000000004,11.0,20251127.0,Received
1608,20260127,1,99,50,357.50000000000006,17875.000000000004,6.0,20260202.0,Received
1609,20230324,1,100,50,357.50000000000006,17875.000000000004,5.0,20230329.0,Received
1610,20230614,1,100,50,357.50000000000006,17875.000000000004,10.0,20230624.0,Received
1611,20230910,1,100,50,357.50000000000006,17875.000000000004,10.0,20230920.0,Received
1612,20231113,1,100,50,357.50000000000006,17875.000000000004,7.0,20231120.0,Received
1613,20240209,1,100,50,357.50000000000006,17875.000000000004,,,Cancelled
1614,20240403,1,100,50,357.50000000000006,17875.000000000004,6.0,20240409.0,Received
1615,20240520,1,100,50,357.50000000000006,17875.000000000004,7.0,20240527.0,Received
1616,20240716,1,100,50,357.50000000000006,17875.000000000004,11.0,20240727.0,Received
1617,20240930,1,100,50,357.50000000000006,17875.000000000004,11.0,20241011.0,Received
1618,20241130,1,100,50,357.50000000000006,17875.000000000004,8.0,20241208.0,Received
1619,20250217,1,100,50,357.50000000000006,17875.000000000004,8.0,20250225.0,Received
1620,20250422,1,100,50,357.50000000000006,17875.000000000004,8.0,20250430.0,Received
1621,20250717,1,100,50,357.50000000000006,17875.000000000004,10.0,20250727.0,Received
1622,20250914,1,100,50,357.50000000000006,17875.000000000004,11.0,20250925.0,Received
1623,20251203,1,100,50,357.50000000000006,17875.000000000004,6.0,20251209.0,Received
1624,20230331,1,101,54,357.50000000000006,19305.000000000004,5.0,20230405.0,Received
1625,20230604,1,101,54,357.50000000000006,19305.000000000004,8.0,20230612.0,Received
1626,20230826,1,101,54,357.50000000000006,19305.000000000004,9.0,20230904.0,Received
1627,20231108,1,101,54,357.50000000000006,19305.000000000004,6.0,20231114.0,Received
1628,20231225,1,101,54,357.50000000000006,19305.000000000004,10.0,20240104.0,Received
1629,20240306,1,101,54,357.50000000000006,19305.000000000004,5.0,20240311.0,Received
1630,20240422,1,101,54,357.50000000000006,19305.000000000004,5.0,20240427.0,Received
1631,20240713,1,101,54,357.50000000000006,19305.000000000004,8.0,20240721.0,Received
1632,20240906,1,101,54,357.50000000000006,19305.000000000004,5.0,20240911.0,Received
1633,20241117,1,101,54,357.50000000000006,19305.000000000004,11.0,20241128.0,Received
1634,20250130,1,101,54,357.50000000000006,19305.000000000004,9.0,20250208.0,Received
1635,20250407,1,101,54,357.50000000000006,19305.000000000004,9.0,20250416.0,Received
1636,20250625,1,101,54,357.50000000000006,19305.000000000004,9.0,20250704.0,Received
1637,20250816,1,101,54,357.50000000000006,19305.000000000004,7.0,20250823.0,Received
1638,20251010,1,101,54,357.50000000000006,19305.000000000004,6.0,20251016.0,Received
1639,20251216,1,101,54,357.50000000000006,19305.000000000004,6.0,20251222.0,Received
1640,20230306,1,102,50,357.50000000000006,17875.000000000004,7.0,20230313.0,Received
1641,20230522,1,102,50,357.50000000000006,17875.000000000004,5.0,20230527.0,Received
1642,20230712,1,102,50,357.50000000000006,17875.000000000004,11.0,20230723.0,Received
1643,20230909,1,102,50,357.50000000000006,17875.000000000004,8.0,20230917.0,Received
1644,20231124,1,102,50,357.50000000000006,17875.000000000004,10.0,20231204.0,Received
1645,20240218,1,102,50,357.50000000000006,17875.000000000004,5.0,20240223.0,Received
1646,20240405,1,102,50,357.50000000000006,17875.000000000004,5.0,20240410.0,Received
1647,20240602,1,102,50,357.50000000000006,17875.000000000004,5.0,20240607.0,Received
1648,20240816,1,102,50,357.50000000000006,17875.000000000004,7.0,20240823.0,Received
1649,20241112,1,102,50,357.50000000000006,17875.000000000004,5.0,20241117.0,Received
1650,20250204,1,102,50,357.50000000000006,17875.000000000004,11.0,20250215.0,Received
1651,20250324,1,102,50,357.50000000000006,17875.000000000004,10.0,20250403.0,Received
1652,20250515,1,102,50,357.50000000000006,17875.000000000004,7.0,20250522.0,Received
1653,20250717,1,102,50,357.50000000000006,17875.000000000004,8.0,20250725.0,Received
1654,20250905,1,102,50,357.50000000000006,17875.000000000004,7.0,20250912.0,Received
1655,20251202,1,102,50,357.50000000000006,17875.000000000004,11.0,20251213.0,Received
1656,20260116,1,102,50,357.50000000000006,17875.000000000004,9.0,20260125.0,Received
1657,20230326,1,103,50,302.5,15125.0,7.0,20230402.0,Received
1658,20230526,1,103,50,302.5,15125.0,7.0,20230602.0,Received
1659,20230731,1,103,50,302.5,15125.0,6.0,20230806.0,Received
1660,20231023,1,103,50,302.5,15125.0,9.0,20231101.0,Received
1661,20231221,1,103,50,302.5,15125.0,11.0,20240101.0,Received
1662,20240224,1,103,50,302.5,15125.0,8.0,20240303.0,Received
1663,20240422,1,103,50,302.5,15125.0,6.0,20240428.0,Received
1664,20240716,1,103,50,302.5,15125.0,6.0,20240722.0,Received
1665,20240929,1,103,50,302.5,15125.0,5.0,20241004.0,Received
1666,20241227,1,103,50,302.5,15125.0,,,Cancelled
1667,20250313,1,103,50,302.5,15125.0,6.0,20250319.0,Received
1668,20250507,1,103,50,302.5,15125.0,11.0,20250518.0,Received
1669,20250703,1,103,50,302.5,15125.0,10.0,20250713.0,Received
1670,20250919,1,103,50,302.5,15125.0,11.0,20250930.0,Received
1671,20251106,1,103,50,302.5,15125.0,11.0,20251117.0,Received
1672,20260120,1,103,50,302.5,15125.0,11.0,20260131.0,Received
1673,20230218,1,104,50,302.5,15125.0,7.0,20230225.0,Received
1674,20230515,1,104,50,302.5,15125.0,7.0,20230522.0,Received
1675,20230727,1,104,50,302.5,15125.0,11.0,20230807.0,Received
1676,20231008,1,104,50,302.5,15125.0,11.0,20231019.0,Received
1677,20231215,1,104,50,302.5,15125.0,7.0,20231222.0,Received
1678,20240220,1,104,50,302.5,15125.0,,,Confirmed
1679,20240417,1,104,50,302.5,15125.0,6.0,20240423.0,Received
1680,20240706,1,104,50,302.5,15125.0,5.0,20240711.0,Received
1681,20240820,1,104,50,302.5,15125.0,7.0,20240827.0,Received
1682,20241115,1,104,50,302.5,15125.0,7.0,20241122.0,Received
1683,20250128,1,104,50,302.5,15125.0,11.0,20250208.0,Received
1684,20250417,1,104,50,302.5,15125.0,5.0,20250422.0,Received
1685,20250618,1,104,50,302.5,15125.0,7.0,20250625.0,Received
1686,20250811,1,104,50,302.5,15125.0,11.0,20250822.0,Received
1687,20251019,1,104,50,302.5,15125.0,5.0,20251024.0,Received
1688,20260107,1,104,50,302.5,15125.0,11.0,20260118.0,Received
1689,20230216,1,105,50,302.5,15125.0,5.0,20230221.0,Received
1690,20230502,1,105,50,302.5,15125.0,,,Confirmed
1691,20230704,1,105,50,302.5,15125.0,7.0,20230711.0,Received
1692,20230912,1,105,50,302.5,15125.0,6.0,20230918.0,Received
1693,20231202,1,105,50,302.5,15125.0,10.0,20231212.0,Received
1694,20240224,1,105,50,302.5,15125.0,8.0,20240303.0,Received
1695,20240413,1,105,50,302.5,15125.0,9.0,20240422.0,Received
1696,20240704,1,105,50,302.5,15125.0,10.0,20240714.0,Received
1697,20240914,1,105,50,302.5,15125.0,7.0,20240921.0,Received
1698,20241211,1,105,50,302.5,15125.0,5.0,20241216.0,Received
1699,20250212,1,105,50,302.5,15125.0,5.0,20250217.0,Received
1700,20250418,1,105,50,302.5,15125.0,5.0,20250423.0,Received
1701,20250714,1,105,50,302.5,15125.0,8.0,20250722.0,Received
1702,20250919,1,105,50,302.5,15125.0,7.0,20250926.0,Received
1703,20251206,1,105,50,302.5,15125.0,6.0,20251212.0,Received
1704,20230309,1,106,50,302.5,15125.0,9.0,20230318.0,Received
1705,20230604,1,106,50,302.5,15125.0,11.0,20230615.0,Received
1706,20230802,1,106,50,302.5,15125.0,8.0,20230810.0,Received
1707,20231030,1,106,50,302.5,15125.0,10.0,20231109.0,Received
1708,20231218,1,106,50,302.5,15125.0,7.0,20231225.0,Received
1709,20240314,1,106,50,302.5,15125.0,6.0,20240320.0,Received
1710,20240529,1,106,50,302.5,15125.0,9.0,20240607.0,Received
1711,20240723,1,106,50,302.5,15125.0,11.0,20240803.0,Received
1712,20240922,1,106,50,302.5,15125.0,5.0,20240927.0,Received
1713,20241110,1,106,50,302.5,15125.0,6.0,20241116.0,Received
1714,20250131,1,106,50,302.5,15125.0,8.0,20250208.0,Received
1715,20250423,1,106,50,302.5,15125.0,,,Confirmed
1716,20250625,1,106,50,302.5,15125.0,9.0,20250704.0,Received
1717,20250909,1,106,50,302.5,15125.0,5.0,20250914.0,Received
1718,20251121,1,106,50,302.5,15125.0,7.0,20251128.0,Received
1719,20230307,1,107,50,302.5,15125.0,9.0,20230316.0,Received
1720,20230429,1,107,50,302.5,15125.0,5.0,20230504.0,Received
1721,20230722,1,107,50,302.5,15125.0,10.0,20230801.0,Received
1722,20231007,1,107,50,302.5,15125.0,7.0,20231014.0,Received
1723,20231130,1,107,50,302.5,15125.0,9.0,20231209.0,Received
1724,20240221,1,107,50,302.5,15125.0,5.0,20240226.0,Received
1725,20240408,1,107,50,302.5,15125.0,9.0,20240417.0,Received
1726,20240613,1,107,50,302.5,15125.0,6.0,20240619.0,Received
1727,20240904,1,107,50,302.5,15125.0,9.0,20240913.0,Received
1728,20241125,1,107,50,302.5,15125.0,11.0,20241206.0,Received
1729,20250118,1,107,50,302.5,15125.0,9.0,20250127.0,Received
1730,20250321,1,107,50,302.5,15125.0,7.0,20250328.0,Received
1731,20250515,1,107,50,302.5,15125.0,7.0,20250522.0,Received
1732,20250721,1,107,50,302.5,15125.0,10.0,20250731.0,Received
1733,20251009,1,107,50,302.5,15125.0,5.0,20251014.0,Received
1734,20260104,1,107,50,302.5,15125.0,7.0,20260111.0,Received
1735,20230323,1,108,50,302.5,15125.0,9.0,20230401.0,Received
1736,20230608,1,108,50,302.5,15125.0,,,Cancelled
1737,20230829,1,108,50,302.5,15125.0,10.0,20230908.0,Received
1738,20231116,1,108,50,302.5,15125.0,11.0,20231127.0,Received
1739,20240103,1,108,50,302.5,15125.0,7.0,20240110.0,Received
1740,20240225,1,108,50,302.5,15125.0,9.0,20240305.0,Received
1741,20240501,1,108,50,302.5,15125.0,11.0,20240512.0,Received
1742,20240713,1,108,50,302.5,15125.0,9.0,20240722.0,Received
1743,20240923,1,108,50,302.5,15125.0,11.0,20241004.0,Received
1744,20241209,1,108,50,302.5,15125.0,9.0,20241218.0,Received
1745,20250302,1,108,50,302.5,15125.0,5.0,20250307.0,Received
1746,20250504,1,108,50,302.5,15125.0,11.0,20250515.0,Received
1747,20250710,1,108,50,302.5,15125.0,8.0,20250718.0,Received
1748,20250915,1,108,50,302.5,15125.0,9.0,20250924.0,Received
1749,20251205,1,108,50,302.5,15125.0,,,Cancelled
1750,20230319,1,109,57,302.5,17242.5,6.0,20230325.0,Received
1751,20230609,1,109,57,302.5,17242.5,7.0,20230616.0,Received
1752,20230812,1,109,57,302.5,17242.5,10.0,20230822.0,Received
1753,20231008,1,109,57,302.5,17242.5,11.0,20231019.0,Received
1754,20231218,1,109,57,302.5,17242.5,7.0,20231225.0,Received
1755,20240213,1,109,57,302.5,17242.5,11.0,20240224.0,Received
1756,20240416,1,109,57,302.5,17242.5,9.0,20240425.0,Received
1757,20240713,1,109,57,302.5,17242.5,11.0,20240724.0,Received
1758,20240829,1,109,57,302.5,17242.5,10.0,20240908.0,Received
1759,20241114,1,109,57,302.5,17242.5,6.0,20241120.0,Received
1760,20250207,1,109,57,302.5,17242.5,7.0,20250214.0,Received
1761,20250331,1,109,57,302.5,17242.5,11.0,20250411.0,Received
1762,20250608,1,109,57,302.5,17242.5,7.0,20250615.0,Received
1763,20250821,1,109,57,302.5,17242.5,5.0,20250826.0,Received
1764,20251026,1,109,57,302.5,17242.5,11.0,20251106.0,Received
1765,20260101,1,109,57,302.5,17242.5,7.0,20260108.0,Received
1766,20230329,1,110,50,302.5,15125.0,10.0,20230408.0,Received
1767,20230623,1,110,50,302.5,15125.0,,,Confirmed
1768,20230829,1,110,50,302.5,15125.0,,,Cancelled
1769,20231108,1,110,50,302.5,15125.0,7.0,20231115.0,Received
1770,20240102,1,110,50,302.5,15125.0,,,Confirmed
1771,20240327,1,110,50,302.5,15125.0,9.0,20240405.0,Received
1772,20240523,1,110,50,302.5,15125.0,11.0,20240603.0,Received
1773,20240807,1,110,50,302.5,15125.0,,,Confirmed
1774,20240928,1,110,50,302.5,15125.0,6.0,20241004.0,Received
1775,20241117,1,110,50,302.5,15125.0,10.0,20241127.0,Received
1776,20250119,1,110,50,302.5,15125.0,5.0,20250124.0,Received
1777,20250406,1,110,50,302.5,15125.0,6.0,20250412.0,Received
1778,20250626,1,110,50,302.5,15125.0,10.0,20250706.0,Received
1779,20250906,1,110,50,302.5,15125.0,5.0,20250911.0,Received
1780,20251021,1,110,50,302.5,15125.0,5.0,20251026.0,Received
1781,20260101,1,110,50,302.5,15125.0,7.0,20260108.0,Received
1782,20230327,1,111,50,302.5,15125.0,6.0,20230402.0,Received
1783,20230520,1,111,50,302.5,15125.0,10.0,20230530.0,Received
1784,20230715,1,111,50,302.5,15125.0,,,Cancelled
1785,20231007,1,111,50,302.5,15125.0,11.0,20231018.0,Received
1786,20231125,1,111,50,302.5,15125.0,8.0,20231203.0,Received
1787,20240122,1,111,50,302.5,15125.0,6.0,20240128.0,Received
1788,20240408,1,111,50,302.5,15125.0,9.0,20240417.0,Received
1789,20240531,1,111,50,302.5,15125.0,10.0,20240610.0,Received
1790,20240804,1,111,50,302.5,15125.0,9.0,20240813.0,Received
1791,20240930,1,111,50,302.5,15125.0,11.0,20241011.0,Received
1792,20241214,1,111,50,302.5,15125.0,6.0,20241220.0,Received
1793,20250202,1,111,50,302.5,15125.0,6.0,20250208.0,Received
1794,20250414,1,111,50,302.5,15125.0,8.0,20250422.0,Received
1795,20250708,1,111,50,302.5,15125.0,8.0,20250716.0,Received
1796,20250822,1,111,50,302.5,15125.0,5.0,20250827.0,Received
1797,20251025,1,111,50,302.5,15125.0,6.0,20251031.0,Received
1798,20260121,1,111,50,302.5,15125.0,5.0,20260126.0,Received
1799,20230218,1,112,50,302.5,15125.0,10.0,20230228.0,Received
1800,20230508,1,112,50,302.5,15125.0,5.0,20230513.0,Received
1801,20230712,1,112,50,302.5,15125.0,,,Confirmed
1802,20230826,1,112,50,302.5,15125.0,10.0,20230905.0,Received
1803,20231015,1,112,50,302.5,15125.0,5.0,20231020.0,Received
1804,20240103,1,112,50,302.5,15125.0,9.0,20240112.0,Received
1805,20240315,1,112,50,302.5,15125.0,10.0,20240325.0,Received
1806,20240520,1,112,50,302.5,15125.0,8.0,20240528.0,Received
1807,20240711,1,112,50,302.5,15125.0,5.0,20240716.0,Received
1808,20240913,1,112,50,302.5,15125.0,8.0,20240921.0,Received
1809,20241115,1,112,50,302.5,15125.0,5.0,20241120.0,Received
1810,20250105,1,112,50,302.5,15125.0,11.0,20250116.0,Received
1811,20250328,1,112,50,302.5,15125.0,9.0,20250406.0,Received
1812,20250617,1,112,50,302.5,15125.0,6.0,20250623.0,Received
1813,20250901,1,112,50,302.5,15125.0,,,Cancelled
1814,20251105,1,112,50,302.5,15125.0,6.0,20251111.0,Received
1815,20260101,1,112,50,302.5,15125.0,5.0,20260106.0,Received
1816,20230303,1,113,50,302.5,15125.0,10.0,20230313.0,Received
1817,20230519,1,113,50,302.5,15125.0,11.0,20230530.0,Received
1818,20230705,1,113,50,302.5,15125.0,11.0,20230716.0,Received
1819,20230828,1,113,50,302.5,15125.0,9.0,20230906.0,Received
1820,20231113,1,113,50,302.5,15125.0,,,Cancelled
1821,20240108,1,113,50,302.5,15125.0,10.0,20240118.0,Received
1822,20240307,1,113,50,302.5,15125.0,5.0,20240312.0,Received
1823,20240528,1,113,50,302.5,15125.0,10.0,20240607.0,Received
1824,20240719,1,113,50,302.5,15125.0,5.0,20240724.0,Received
1825,20241009,1,113,50,302.5,15125.0,11.0,20241020.0,Received
1826,20241224,1,113,50,302.5,15125.0,8.0,20250101.0,Received
1827,20250305,1,113,50,302.5,15125.0,11.0,20250316.0,Received
1828,20250510,1,113,50,302.5,15125.0,8.0,20250518.0,Received
1829,20250722,1,113,50,302.5,15125.0,11.0,20250802.0,Received
1830,20250927,1,113,50,302.5,15125.0,10.0,20251007.0,Received
1831,20251212,1,113,50,302.5,15125.0,5.0,20251217.0,Received
1832,20230215,1,114,50,302.5,15125.0,11.0,20230226.0,Received
1833,20230429,1,114,50,302.5,15125.0,,,Cancelled
1834,20230706,1,114,50,302.5,15125.0,8.0,20230714.0,Received
1835,20230916,1,114,50,302.5,15125.0,11.0,20230927.0,Received
1836,20231125,1,114,50,302.5,15125.0,9.0,20231204.0,Received
1837,20240123,1,114,50,302.5,15125.0,5.0,20240128.0,Received
1838,20240418,1,114,50,302.5,15125.0,9.0,20240427.0,Received
1839,20240618,1,114,50,302.5,15125.0,5.0,20240623.0,Received
1840,20240816,1,114,50,302.5,15125.0,10.0,20240826.0,Received
1841,20241112,1,114,50,302.5,15125.0,6.0,20241118.0,Received
1842,20241229,1,114,50,302.5,15125.0,7.0,20250105.0,Received
1843,20250328,1,114,50,302.5,15125.0,10.0,20250407.0,Received
1844,20250518,1,114,50,302.5,15125.0,,,Cancelled
1845,20250813,1,114,50,302.5,15125.0,10.0,20250823.0,Received
1846,20251006,1,114,50,302.5,15125.0,6.0,20251012.0,Received
1847,20251228,1,114,50,302.5,15125.0,10.0,20260107.0,Received
1848,20230222,1,115,50,302.5,15125.0,9.0,20230303.0,Received
1849,20230430,1,115,50,302.5,15125.0,,,Cancelled
1850,20230629,1,115,50,302.5,15125.0,11.0,20230710.0,Received
1851,20230829,1,115,50,302.5,15125.0,5.0,20230903.0,Received
1852,20231121,1,115,50,302.5,15125.0,,,Cancelled
1853,20240216,1,115,50,302.5,15125.0,6.0,20240222.0,Received
1854,20240418,1,115,50,302.5,15125.0,11.0,20240429.0,Received
1855,20240716,1,115,50,302.5,15125.0,10.0,20240726.0,Received
1856,20240924,1,115,50,302.5,15125.0,11.0,20241005.0,Received
1857,20241214,1,115,50,302.5,15125.0,8.0,20241222.0,Received
1858,20250212,1,115,50,302.5,15125.0,,,Cancelled
1859,20250409,1,115,50,302.5,15125.0,8.0,20250417.0,Received
1860,20250529,1,115,50,302.5,15125.0,8.0,20250606.0,Received
1861,20250719,1,115,50,302.5,15125.0,10.0,20250729.0,Received
1862,20250910,1,115,50,302.5,15125.0,9.0,20250919.0,Received
1863,20251127,1,115,50,302.5,15125.0,5.0,20251202.0,Received
1864,20230224,1,116,50,302.5,15125.0,9.0,20230305.0,Received
1865,20230517,1,116,50,302.5,15125.0,,,Cancelled
1866,20230726,1,116,50,302.5,15125.0,9.0,20230804.0,Received
1867,20230911,1,116,50,302.5,15125.0,9.0,20230920.0,Received
1868,20231113,1,116,50,302.5,15125.0,10.0,20231123.0,Received
1869,20240111,1,116,50,302.5,15125.0,11.0,20240122.0,Received
1870,20240323,1,116,50,302.5,15125.0,8.0,20240331.0,Received
1871,20240603,1,116,50,302.5,15125.0,6.0,20240609.0,Received
1872,20240808,1,116,50,302.5,15125.0,,,Cancelled
1873,20241102,1,116,50,302.5,15125.0,6.0,20241108.0,Received
1874,20250128,1,116,50,302.5,15125.0,8.0,20250205.0,Received
1875,20250408,1,116,50,302.5,15125.0,6.0,20250414.0,Received
1876,20250621,1,116,50,302.5,15125.0,6.0,20250627.0,Received
1877,20250818,1,116,50,302.5,15125.0,5.0,20250823.0,Received
1878,20251114,1,116,50,302.5,15125.0,7.0,20251121.0,Received
1879,20230331,1,117,50,302.5,15125.0,6.0,20230406.0,Received
1880,20230622,1,117,50,302.5,15125.0,9.0,20230701.0,Received
1881,20230824,1,117,50,302.5,15125.0,10.0,20230903.0,Received
1882,20231009,1,117,50,302.5,15125.0,7.0,20231016.0,Received
1883,20231203,1,117,50,302.5,15125.0,9.0,20231212.0,Received
1884,20240214,1,117,50,302.5,15125.0,6.0,20240220.0,Received
1885,20240330,1,117,50,302.5,15125.0,8.0,20240407.0,Received
1886,20240527,1,117,50,302.5,15125.0,7.0,20240603.0,Received
1887,20240715,1,117,50,302.5,15125.0,6.0,20240721.0,Received
1888,20240926,1,117,50,302.5,15125.0,5.0,20241001.0,Received
1889,20241111,1,117,50,302.5,15125.0,5.0,20241116.0,Received
1890,20250103,1,117,50,302.5,15125.0,11.0,20250114.0,Received
1891,20250225,1,117,50,302.5,15125.0,11.0,20250308.0,Received
1892,20250423,1,117,50,302.5,15125.0,8.0,20250501.0,Received
1893,20250613,1,117,50,302.5,15125.0,11.0,20250624.0,Received
1894,20250815,1,117,50,302.5,15125.0,8.0,20250823.0,Received
1895,20251028,1,117,50,302.5,15125.0,9.0,20251106.0,Received
1896,20260105,1,117,50,302.5,15125.0,11.0,20260116.0,Received
1897,20230224,1,118,50,302.5,15125.0,7.0,20230303.0,Received
1898,20230515,1,118,50,302.5,15125.0,8.0,20230523.0,Received
1899,20230710,1,118,50,302.5,15125.0,10.0,20230720.0,Received
1900,20230913,1,118,50,302.5,15125.0,8.0,20230921.0,Received
1901,20231108,1,118,50,302.5,15125.0,10.0,20231118.0,Received
1902,20231224,1,118,50,302.5,15125.0,10.0,20240103.0,Received
1903,20240220,1,118,50,302.5,15125.0,11.0,20240302.0,Received
1904,20240519,1,118,50,302.5,15125.0,6.0,20240525.0,Received
1905,20240711,1,118,50,302.5,15125.0,,,Confirmed
1906,20240923,1,118,50,302.5,15125.0,8.0,20241001.0,Received
1907,20241124,1,118,50,302.5,15125.0,8.0,20241202.0,Received
1908,20250220,1,118,50,302.5,15125.0,9.0,20250301.0,Received
1909,20250520,1,118,50,302.5,15125.0,11.0,20250531.0,Received
1910,20250713,1,118,50,302.5,15125.0,5.0,20250718.0,Received
1911,20251003,1,118,50,302.5,15125.0,7.0,20251010.0,Received
1912,20251202,1,118,50,302.5,15125.0,6.0,20251208.0,Received
1913,20230323,1,119,50,302.5,15125.0,5.0,20230328.0,Received
1914,20230604,1,119,50,302.5,15125.0,8.0,20230612.0,Received
1915,20230829,1,119,50,302.5,15125.0,11.0,20230909.0,Received
1916,20231110,1,119,50,302.5,15125.0,9.0,20231119.0,Received
1917,20240112,1,119,50,302.5,15125.0,5.0,20240117.0,Received
1918,20240408,1,119,50,302.5,15125.0,9.0,20240417.0,Received
1919,20240609,1,119,50,302.5,15125.0,9.0,20240618.0,Received
1920,20240801,1,119,50,302.5,15125.0,10.0,20240811.0,Received
1921,20241014,1,119,50,302.5,15125.0,10.0,20241024.0,Received
1922,20241231,1,119,50,302.5,15125.0,5.0,20250105.0,Received
1923,20250221,1,119,50,302.5,15125.0,8.0,20250301.0,Received
1924,20250421,1,119,50,302.5,15125.0,6.0,20250427.0,Received
1925,20250705,1,119,50,302.5,15125.0,10.0,20250715.0,Received
1926,20250917,1,119,50,302.5,15125.0,11.0,20250928.0,Received
1927,20251128,1,119,50,302.5,15125.0,8.0,20251206.0,Received
1928,20230216,1,120,50,302.5,15125.0,10.0,20230226.0,Received
1929,20230513,1,120,50,302.5,15125.0,10.0,20230523.0,Received
1930,20230702,1,120,50,302.5,15125.0,6.0,20230708.0,Received
1931,20230916,1,120,50,302.5,15125.0,8.0,20230924.0,Received
1932,20231125,1,120,50,302.5,15125.0,9.0,20231204.0,Received
1933,20240117,1,120,50,302.5,15125.0,6.0,20240123.0,Received
1934,20240324,1,120,50,302.5,15125.0,5.0,20240329.0,Received
1935,20240524,1,120,50,302.5,15125.0,10.0,20240603.0,Received
1936,20240713,1,120,50,302.5,15125.0,6.0,20240719.0,Received
1937,20240910,1,120,50,302.5,15125.0,8.0,20240918.0,Received
1938,20241205,1,120,50,302.5,15125.0,9.0,20241214.0,Received
1939,20250125,1,120,50,302.5,15125.0,9.0,20250203.0,Received
1940,20250319,1,120,50,302.5,15125.0,6.0,20250325.0,Received
1941,20250514,1,120,50,302.5,15125.0,6.0,20250520.0,Received
1942,20250808,1,120,50,302.5,15125.0,9.0,20250817.0,Received
1943,20250930,1,120,50,302.5,15125.0,5.0,20251005.0,Received
1944,20251216,1,120,50,302.5,15125.0,6.0,20251222.0,Received
1945,20230215,1,121,50,302.5,15125.0,8.0,20230223.0,Received
1946,20230407,1,121,50,302.5,15125.0,8.0,20230415.0,Received
1947,20230704,1,121,50,302.5,15125.0,10.0,20230714.0,Received
1948,20230825,1,121,50,302.5,15125.0,8.0,20230902.0,Received
1949,20231030,1,121,50,302.5,15125.0,7.0,20231106.0,Received
1950,20240111,1,121,50,302.5,15125.0,5.0,20240116.0,Received
1951,20240408,1,121,50,302.5,15125.0,5.0,20240413.0,Received
1952,20240601,1,121,50,302.5,15125.0,8.0,20240609.0,Received
1953,20240725,1,121,50,302.5,15125.0,8.0,20240802.0,Received
1954,20241009,1,121,50,302.5,15125.0,,,Confirmed
1955,20250104,1,121,50,302.5,15125.0,10.0,20250114.0,Received
1956,20250323,1,121,50,302.5,15125.0,,,Confirmed
1957,20250608,1,121,50,302.5,15125.0,7.0,20250615.0,Received
1958,20250813,1,121,50,302.5,15125.0,10.0,20250823.0,Received
1959,20251008,1,121,50,302.5,15125.0,6.0,20251014.0,Received
1960,20251213,1,121,50,302.5,15125.0,9.0,20251222.0,Received
1961,20230309,1,122,50,302.5,15125.0,11.0,20230320.0,Received
1962,20230522,1,122,50,302.5,15125.0,10.0,20230601.0,Received
1963,20230807,1,122,50,302.5,15125.0,11.0,20230818.0,Received
1964,20231007,1,122,50,302.5,15125.0,,,Cancelled
1965,20231213,1,122,50,302.5,15125.0,11.0,20231224.0,Received
1966,20240226,1,122,50,302.5,15125.0,7.0,20240304.0,Received
1967,20240426,1,122,50,302.5,15125.0,7.0,20240503.0,Received
1968,20240625,1,122,50,302.5,15125.0,7.0,20240702.0,Received
1969,20240823,1,122,50,302.5,15125.0,9.0,20240901.0,Received
1970,20241119,1,122,50,302.5,15125.0,9.0,20241128.0,Received
1971,20250109,1,122,50,302.5,15125.0,7.0,20250116.0,Received
1972,20250317,1,122,50,302.5,15125.0,6.0,20250323.0,Received
1973,20250606,1,122,50,302.5,15125.0,5.0,20250611.0,Received
1974,20250814,1,122,50,302.5,15125.0,6.0,20250820.0,Received
1975,20251002,1,122,50,302.5,15125.0,9.0,20251011.0,Received
1976,20251118,1,122,50,302.5,15125.0,,,Cancelled
1977,20260109,1,122,50,302.5,15125.0,10.0,20260119.0,Received
1978,20230217,1,123,50,231.00000000000003,11550.000000000002,8.0,20230225.0,Received
1979,20230403,1,123,50,231.00000000000003,11550.000000000002,10.0,20230413.0,Received
1980,20230519,1,123,50,231.00000000000003,11550.000000000002,,,Cancelled
1981,20230722,1,123,50,231.00000000000003,11550.000000000002,8.0,20230730.0,Received
1982,20230909,1,123,50,231.00000000000003,11550.000000000002,,,Confirmed
1983,20231202,1,123,50,231.00000000000003,11550.000000000002,7.0,20231209.0,Received
1984,20240118,1,123,50,231.00000000000003,11550.000000000002,5.0,20240123.0,Received
1985,20240313,1,123,50,231.00000000000003,11550.000000000002,10.0,20240323.0,Received
1986,20240603,1,123,50,231.00000000000003,11550.000000000002,10.0,20240613.0,Received
1987,20240830,1,123,50,231.00000000000003,11550.000000000002,11.0,20240910.0,Received
1988,20241119,1,123,50,231.00000000000003,11550.000000000002,7.0,20241126.0,Received
1989,20250115,1,123,50,231.00000000000003,11550.000000000002,8.0,20250123.0,Received
1990,20250403,1,123,50,231.00000000000003,11550.000000000002,10.0,20250413.0,Received
1991,20250624,1,123,50,231.00000000000003,11550.000000000002,6.0,20250630.0,Received
1992,20250812,1,123,50,231.00000000000003,11550.000000000002,6.0,20250818.0,Received
1993,20251029,1,123,50,231.00000000000003,11550.000000000002,5.0,20251103.0,Received
1994,20251222,1,123,50,231.00000000000003,11550.000000000002,9.0,20251231.0,Received
1995,20230310,1,124,50,231.00000000000003,11550.000000000002,5.0,20230315.0,Received
1996,20230513,1,124,50,231.00000000000003,11550.000000000002,9.0,20230522.0,Received
1997,20230713,1,124,50,231.00000000000003,11550.000000000002,6.0,20230719.0,Received
1998,20231007,1,124,50,231.00000000000003,11550.000000000002,11.0,20231018.0,Received
1999,20240103,1,124,50,231.00000000000003,11550.000000000002,11.0,20240114.0,Received
2000,20240321,1,124,50,231.00000000000003,11550.000000000002,,,Cancelled
2001,20240528,1,124,50,231.00000000000003,11550.000000000002,8.0,20240605.0,Received
2002,20240722,1,124,50,231.00000000000003,11550.000000000002,8.0,20240730.0,Received
2003,20240918,1,124,50,231.00000000000003,11550.000000000002,10.0,20240928.0,Received
2004,20241123,1,124,50,231.00000000000003,11550.000000000002,8.0,20241201.0,Received
2005,20250115,1,124,50,231.00000000000003,11550.000000000002,10.0,20250125.0,Received
2006,20250320,1,124,50,231.00000000000003,11550.000000000002,6.0,20250326.0,Received
2007,20250529,1,124,50,231.00000000000003,11550.000000000002,10.0,20250608.0,Received
2008,20250811,1,124,50,231.00000000000003,11550.000000000002,8.0,20250819.0,Received
2009,20251031,1,124,50,231.00000000000003,11550.000000000002,6.0,20251106.0,Received
2010,20251230,1,124,50,231.00000000000003,11550.000000000002,8.0,20260107.0,Received
2011,20230225,1,125,50,231.00000000000003,11550.000000000002,9.0,20230306.0,Received
2012,20230510,1,125,50,231.00000000000003,11550.000000000002,5.0,20230515.0,Received
2013,20230714,1,125,50,231.00000000000003,11550.000000000002,,,Cancelled
2014,20231006,1,125,50,231.00000000000003,11550.000000000002,9.0,20231015.0,Received
2015,20231204,1,125,50,231.00000000000003,11550.000000000002,6.0,20231210.0,Received
2016,20240207,1,125,50,231.00000000000003,11550.000000000002,,,Confirmed
2017,20240410,1,125,50,231.00000000000003,11550.000000000002,7.0,20240417.0,Received
2018,20240528,1,125,50,231.00000000000003,11550.000000000002,7.0,20240604.0,Received
2019,20240720,1,125,50,231.00000000000003,11550.000000000002,7.0,20240727.0,Received
2020,20240904,1,125,50,231.00000000000003,11550.000000000002,7.0,20240911.0,Received
2021,20241112,1,125,50,231.00000000000003,11550.000000000002,,,Confirmed
2022,20250110,1,125,50,231.00000000000003,11550.000000000002,9.0,20250119.0,Received
2023,20250405,1,125,50,231.00000000000003,11550.000000000002,5.0,20250410.0,Received
2024,20250606,1,125,50,231.00000000000003,11550.000000000002,11.0,20250617.0,Received
2025,20250828,1,125,50,231.00000000000003,11550.000000000002,10.0,20250907.0,Received
2026,20251023,1,125,50,231.00000000000003,11550.000000000002,9.0,20251101.0,Received
2027,20260107,1,125,50,231.00000000000003,11550.000000000002,6.0,20260113.0,Received
2028,20230321,1,126,50,231.00000000000003,11550.000000000002,11.0,20230401.0,Received
2029,20230526,1,126,50,231.00000000000003,11550.000000000002,,,Confirmed
2030,20230725,1,126,50,231.00000000000003,11550.000000000002,7.0,20230801.0,Received
2031,20231006,1,126,50,231.00000000000003,11550.000000000002,7.0,20231013.0,Received
2032,20231122,1,126,50,231.00000000000003,11550.000000000002,11.0,20231203.0,Received
2033,20240218,1,126,50,231.00000000000003,11550.000000000002,5.0,20240223.0,Received
2034,20240508,1,126,50,231.00000000000003,11550.000000000002,6.0,20240514.0,Received
2035,20240712,1,126,50,231.00000000000003,11550.000000000002,7.0,20240719.0,Received
2036,20240929,1,126,50,231.00000000000003,11550.000000000002,6.0,20241005.0,Received
2037,20241225,1,126,50,231.00000000000003,11550.000000000002,7.0,20250101.0,Received
2038,20250220,1,126,50,231.00000000000003,11550.000000000002,11.0,20250303.0,Received
2039,20250510,1,126,50,231.00000000000003,11550.000000000002,10.0,20250520.0,Received
2040,20250725,1,126,50,231.00000000000003,11550.000000000002,11.0,20250805.0,Received
2041,20251008,1,126,50,231.00000000000003,11550.000000000002,6.0,20251014.0,Received
2042,20251206,1,126,50,231.00000000000003,11550.000000000002,9.0,20251215.0,Received
2043,20230216,1,127,50,231.00000000000003,11550.000000000002,7.0,20230223.0,Received
2044,20230408,1,127,50,231.00000000000003,11550.000000000002,9.0,20230417.0,Received
2045,20230628,1,127,50,231.00000000000003,11550.000000000002,10.0,20230708.0,Received
2046,20230814,1,127,50,231.00000000000003,11550.000000000002,11.0,20230825.0,Received
2047,20231014,1,127,50,231.00000000000003,11550.000000000002,9.0,20231023.0,Received
2048,20231222,1,127,50,231.00000000000003,11550.000000000002,11.0,20240102.0,Received
2049,20240313,1,127,50,231.00000000000003,11550.000000000002,7.0,20240320.0,Received
2050,20240501,1,127,50,231.00000000000003,11550.000000000002,10.0,20240511.0,Received
2051,20240702,1,127,50,231.00000000000003,11550.000000000002,9.0,20240711.0,Received
2052,20240825,1,127,50,231.00000000000003,11550.000000000002,6.0,20240831.0,Received
2053,20241120,1,127,50,231.00000000000003,11550.000000000002,7.0,20241127.0,Received
2054,20250113,1,127,50,231.00000000000003,11550.000000000002,9.0,20250122.0,Received
2055,20250319,1,127,50,231.00000000000003,11550.000000000002,7.0,20250326.0,Received
2056,20250607,1,127,50,231.00000000000003,11550.000000000002,8.0,20250615.0,Received
2057,20250824,1,127,50,231.00000000000003,11550.000000000002,8.0,20250901.0,Received
2058,20251102,1,127,50,231.00000000000003,11550.000000000002,11.0,20251113.0,Received
2059,20260109,1,127,50,231.00000000000003,11550.000000000002,9.0,20260118.0,Received
2060,20230318,1,128,50,188.4978540772532,9424.89270386266,11.0,20230329.0,Received
2061,20230607,1,128,50,188.4978540772532,9424.89270386266,7.0,20230614.0,Received
2062,20230818,1,128,50,188.4978540772532,9424.89270386266,5.0,20230823.0,Received
2063,20231027,1,128,50,188.4978540772532,9424.89270386266,,,Cancelled
2064,20240123,1,128,50,188.4978540772532,9424.89270386266,8.0,20240131.0,Received
2065,20240415,1,128,50,188.4978540772532,9424.89270386266,11.0,20240426.0,Received
2066,20240612,1,128,50,188.4978540772532,9424.89270386266,6.0,20240618.0,Received
2067,20240807,1,128,50,188.4978540772532,9424.89270386266,10.0,20240817.0,Received
2068,20241007,1,128,50,188.4978540772532,9424.89270386266,8.0,20241015.0,Received
2069,20241226,1,128,50,188.4978540772532,9424.89270386266,11.0,20250106.0,Received
2070,20250306,1,128,50,188.4978540772532,9424.89270386266,9.0,20250315.0,Received
2071,20250429,1,128,50,188.4978540772532,9424.89270386266,6.0,20250505.0,Received
2072,20250727,1,128,50,188.4978540772532,9424.89270386266,8.0,20250804.0,Received
2073,20251011,1,128,50,188.4978540772532,9424.89270386266,7.0,20251018.0,Received
2074,20251205,1,128,50,188.4978540772532,9424.89270386266,,,Cancelled
2075,20230320,1,129,50,264.0,13200.0,5.0,20230325.0,Received
2076,20230523,1,129,50,264.0,13200.0,9.0,20230601.0,Received
2077,20230805,1,129,50,264.0,13200.0,9.0,20230814.0,Received
2078,20231003,1,129,50,264.0,13200.0,6.0,20231009.0,Received
2079,20231202,1,129,50,264.0,13200.0,6.0,20231208.0,Received
2080,20240217,1,129,50,264.0,13200.0,10.0,20240227.0,Received
2081,20240513,1,129,50,264.0,13200.0,6.0,20240519.0,Received
2082,20240801,1,129,50,264.0,13200.0,10.0,20240811.0,Received
2083,20241002,1,129,50,264.0,13200.0,11.0,20241013.0,Received
2084,20241125,1,129,50,264.0,13200.0,7.0,20241202.0,Received
2085,20250217,1,129,50,264.0,13200.0,6.0,20250223.0,Received
2086,20250505,1,129,50,264.0,13200.0,6.0,20250511.0,Received
2087,20250626,1,129,50,264.0,13200.0,10.0,20250706.0,Received
2088,20250917,1,129,50,264.0,13200.0,,,Cancelled
2089,20251123,1,129,50,264.0,13200.0,9.0,20251202.0,Received
2090,20230326,1,130,50,549.45,27472.500000000004,6.0,20230401.0,Received
2091,20230612,1,130,50,549.45,27472.500000000004,5.0,20230617.0,Received
2092,20230825,1,130,50,549.45,27472.500000000004,,,Cancelled
2093,20231023,1,130,50,549.45,27472.500000000004,10.0,20231102.0,Received
2094,20240108,1,130,50,549.45,27472.500000000004,6.0,20240114.0,Received
2095,20240331,1,130,50,549.45,27472.500000000004,5.0,20240405.0,Received
2096,20240530,1,130,50,549.45,27472.500000000004,7.0,20240606.0,Received
2097,20240719,1,130,50,549.45,27472.500000000004,8.0,20240727.0,Received
2098,20240903,1,130,50,549.45,27472.500000000004,11.0,20240914.0,Received
2099,20241125,1,130,50,549.45,27472.500000000004,,,Cancelled
2100,20250202,1,130,50,549.45,27472.500000000004,6.0,20250208.0,Received
2101,20250419,1,130,50,549.45,27472.500000000004,8.0,20250427.0,Received
2102,20250620,1,130,50,549.45,27472.500000000004,7.0,20250627.0,Received
2103,20250911,1,130,50,549.45,27472.500000000004,10.0,20250921.0,Received
2104,20251027,1,130,50,549.45,27472.500000000004,5.0,20251101.0,Received
2105,20251219,1,130,50,549.45,27472.500000000004,7.0,20251226.0,Received
2106,20230317,1,131,50,549.45,27472.500000000004,9.0,20230326.0,Received
2107,20230528,1,131,50,549.45,27472.500000000004,5.0,20230602.0,Received
2108,20230715,1,131,50,549.45,27472.500000000004,5.0,20230720.0,Received
2109,20230914,1,131,50,549.45,27472.500000000004,6.0,20230920.0,Received
2110,20231128,1,131,50,549.45,27472.500000000004,6.0,20231204.0,Received
2111,20240118,1,131,50,549.45,27472.500000000004,5.0,20240123.0,Received
2112,20240407,1,131,50,549.45,27472.500000000004,11.0,20240418.0,Received
2113,20240618,1,131,50,549.45,27472.500000000004,6.0,20240624.0,Received
2114,20240808,1,131,50,549.45,27472.500000000004,8.0,20240816.0,Received
2115,20241002,1,131,50,549.45,27472.500000000004,10.0,20241012.0,Received
2116,20241121,1,131,50,549.45,27472.500000000004,11.0,20241202.0,Received
2117,20250215,1,131,50,549.45,27472.500000000004,7.0,20250222.0,Received
2118,20250407,1,131,50,549.45,27472.500000000004,8.0,20250415.0,Received
2119,20250620,1,131,50,549.45,27472.500000000004,7.0,20250627.0,Received
2120,20250824,1,131,50,549.45,27472.500000000004,,,Cancelled
2121,20251029,1,131,50,549.45,27472.500000000004,6.0,20251104.0,Received
2122,20260111,1,131,50,549.45,27472.500000000004,6.0,20260117.0,Received
2123,20230220,1,132,50,549.45,27472.500000000004,9.0,20230301.0,Received
2124,20230418,1,132,50,549.45,27472.500000000004,11.0,20230429.0,Received
2125,20230622,1,132,50,549.45,27472.500000000004,8.0,20230630.0,Received
2126,20230906,1,132,50,549.45,27472.500000000004,11.0,20230917.0,Received
2127,20231127,1,132,50,549.45,27472.500000000004,,,Confirmed
2128,20240219,1,132,50,549.45,27472.500000000004,9.0,20240228.0,Received
2129,20240505,1,132,50,549.45,27472.500000000004,6.0,20240511.0,Received
2130,20240702,1,132,50,549.45,27472.500000000004,9.0,20240711.0,Received
2131,20240901,1,132,50,549.45,27472.500000000004,7.0,20240908.0,Received
2132,20241122,1,132,50,549.45,27472.500000000004,5.0,20241127.0,Received
2133,20250125,1,132,50,549.45,27472.500000000004,10.0,20250204.0,Received
2134,20250324,1,132,50,549.45,27472.500000000004,11.0,20250404.0,Received
2135,20250621,1,132,50,549.45,27472.500000000004,5.0,20250626.0,Received
2136,20250824,1,132,50,549.45,27472.500000000004,11.0,20250904.0,Received
2137,20251016,1,132,50,549.45,27472.500000000004,8.0,20251024.0,Received
2138,20251216,1,132,50,549.45,27472.500000000004,5.0,20251221.0,Received
2139,20230227,1,133,50,549.45,27472.500000000004,9.0,20230308.0,Received
2140,20230508,1,133,50,549.45,27472.500000000004,8.0,20230516.0,Received
2141,20230723,1,133,50,549.45,27472.500000000004,11.0,20230803.0,Received
2142,20230916,1,133,50,549.45,27472.500000000004,9.0,20230925.0,Received
2143,20231124,1,133,50,549.45,27472.500000000004,8.0,20231202.0,Received
2144,20240201,1,133,50,549.45,27472.500000000004,11.0,20240212.0,Received
2145,20240411,1,133,50,549.45,27472.500000000004,10.0,20240421.0,Received
2146,20240620,1,133,50,549.45,27472.500000000004,,,Cancelled
2147,20240815,1,133,50,549.45,27472.500000000004,11.0,20240826.0,Received
2148,20241013,1,133,50,549.45,27472.500000000004,5.0,20241018.0,Received
2149,20241128,1,133,50,549.45,27472.500000000004,8.0,20241206.0,Received
2150,20250220,1,133,50,549.45,27472.500000000004,10.0,20250302.0,Received
2151,20250407,1,133,50,549.45,27472.500000000004,9.0,20250416.0,Received
2152,20250607,1,133,50,549.45,27472.500000000004,7.0,20250614.0,Received
2153,20250808,1,133,50,549.45,27472.500000000004,7.0,20250815.0,Received
2154,20251016,1,133,50,549.45,27472.500000000004,5.0,20251021.0,Received
2155,20251210,1,133,50,549.45,27472.500000000004,5.0,20251215.0,Received
2156,20230222,1,134,50,549.45,27472.500000000004,11.0,20230305.0,Received
2157,20230426,1,134,50,549.45,27472.500000000004,10.0,20230506.0,Received
2158,20230718,1,134,50,549.45,27472.500000000004,8.0,20230726.0,Received
2159,20230904,1,134,50,549.45,27472.500000000004,10.0,20230914.0,Received
2160,20231104,1,134,50,549.45,27472.500000000004,10.0,20231114.0,Received
2161,20240116,1,134,50,549.45,27472.500000000004,8.0,20240124.0,Received
2162,20240316,1,134,50,549.45,27472.500000000004,11.0,20240327.0,Received
2163,20240524,1,134,50,549.45,27472.500000000004,5.0,20240529.0,Received
2164,20240714,1,134,50,549.45,27472.500000000004,7.0,20240721.0,Received
2165,20240923,1,134,50,549.45,27472.500000000004,8.0,20241001.0,Received
2166,20241124,1,134,50,549.45,27472.500000000004,5.0,20241129.0,Received
2167,20250127,1,134,50,549.45,27472.500000000004,9.0,20250205.0,Received
2168,20250426,1,134,50,549.45,27472.500000000004,7.0,20250503.0,Received
2169,20250708,1,134,50,549.45,27472.500000000004,6.0,20250714.0,Received
2170,20251002,1,134,50,549.45,27472.500000000004,5.0,20251007.0,Received
2171,20251204,1,134,50,549.45,27472.500000000004,,,Confirmed
2172,20260120,1,134,50,549.45,27472.500000000004,7.0,20260127.0,Received
2173,20230219,1,135,50,549.45,27472.500000000004,9.0,20230228.0,Received
2174,20230416,1,135,50,549.45,27472.500000000004,9.0,20230425.0,Received
2175,20230628,1,135,50,549.45,27472.500000000004,5.0,20230703.0,Received
2176,20230813,1,135,50,549.45,27472.500000000004,9.0,20230822.0,Received
2177,20231029,1,135,50,549.45,27472.500000000004,7.0,20231105.0,Received
2178,20231224,1,135,50,549.45,27472.500000000004,8.0,20240101.0,Received
2179,20240320,1,135,50,549.45,27472.500000000004,6.0,20240326.0,Received
2180,20240531,1,135,50,549.45,27472.500000000004,11.0,20240611.0,Received
2181,20240716,1,135,50,549.45,27472.500000000004,6.0,20240722.0,Received
2182,20240906,1,135,50,549.45,27472.500000000004,10.0,20240916.0,Received
2183,20241105,1,135,50,549.45,27472.500000000004,7.0,20241112.0,Received
2184,20250111,1,135,50,549.45,27472.500000000004,11.0,20250122.0,Received
2185,20250410,1,135,50,549.45,27472.500000000004,8.0,20250418.0,Received
2186,20250701,1,135,50,549.45,27472.500000000004,6.0,20250707.0,Received
2187,20250928,1,135,50,549.45,27472.500000000004,9.0,20251007.0,Received
2188,20251120,1,135,50,549.45,27472.500000000004,7.0,20251127.0,Received
2189,20230225,1,136,50,549.45,27472.500000000004,11.0,20230308.0,Received
2190,20230516,1,136,50,549.45,27472.500000000004,6.0,20230522.0,Received
2191,20230712,1,136,50,549.45,27472.500000000004,8.0,20230720.0,Received
2192,20231007,1,136,50,549.45,27472.500000000004,11.0,20231018.0,Received
2193,20231213,1,136,50,549.45,27472.500000000004,10.0,20231223.0,Received
2194,20240128,1,136,50,549.45,27472.500000000004,7.0,20240204.0,Received
2195,20240405,1,136,50,549.45,27472.500000000004,11.0,20240416.0,Received
2196,20240531,1,136,50,549.45,27472.500000000004,10.0,20240610.0,Received
2197,20240819,1,136,50,549.45,27472.500000000004,7.0,20240826.0,Received
2198,20241114,1,136,50,549.45,27472.500000000004,9.0,20241123.0,Received
2199,20250202,1,136,50,549.45,27472.500000000004,11.0,20250213.0,Received
2200,20250324,1,136,50,549.45,27472.500000000004,9.0,20250402.0,Received
2201,20250529,1,136,50,549.45,27472.500000000004,8.0,20250606.0,Received
2202,20250809,1,136,50,549.45,27472.500000000004,5.0,20250814.0,Received
2203,20251017,1,136,50,549.45,27472.500000000004,6.0,20251023.0,Received
2204,20251225,1,136,50,549.45,27472.500000000004,9.0,20260103.0,Received
2205,20230217,1,137,50,549.45,27472.500000000004,11.0,20230228.0,Received
2206,20230409,1,137,50,549.45,27472.500000000004,7.0,20230416.0,Received
2207,20230627,1,137,50,549.45,27472.500000000004,9.0,20230706.0,Received
2208,20230923,1,137,50,549.45,27472.500000000004,11.0,20231004.0,Received
2209,20231203,1,137,50,549.45,27472.500000000004,8.0,20231211.0,Received
2210,20240212,1,137,50,549.45,27472.500000000004,6.0,20240218.0,Received
2211,20240424,1,137,50,549.45,27472.500000000004,5.0,20240429.0,Received
2212,20240626,1,137,50,549.45,27472.500000000004,10.0,20240706.0,Received
2213,20240814,1,137,50,549.45,27472.500000000004,,,Cancelled
2214,20241020,1,137,50,549.45,27472.500000000004,10.0,20241030.0,Received
2215,20250105,1,137,50,549.45,27472.500000000004,10.0,20250115.0,Received
2216,20250225,1,137,50,549.45,27472.500000000004,5.0,20250302.0,Received
2217,20250415,1,137,50,549.45,27472.500000000004,6.0,20250421.0,Received
2218,20250601,1,137,50,549.45,27472.500000000004,9.0,20250610.0,Received
2219,20250821,1,137,50,549.45,27472.500000000004,5.0,20250826.0,Received
2220,20251006,1,137,50,549.45,27472.500000000004,,,Cancelled
2221,20251218,1,137,50,549.45,27472.500000000004,6.0,20251224.0,Received
2222,20230321,1,138,50,467.50000000000006,23375.000000000004,11.0,20230401.0,Received
2223,20230506,1,138,50,467.50000000000006,23375.000000000004,9.0,20230515.0,Received
2224,20230801,1,138,50,467.50000000000006,23375.000000000004,7.0,20230808.0,Received
2225,20231003,1,138,50,467.50000000000006,23375.000000000004,11.0,20231014.0,Received
2226,20231211,1,138,50,467.50000000000006,23375.000000000004,7.0,20231218.0,Received
2227,20240219,1,138,50,467.50000000000006,23375.000000000004,9.0,20240228.0,Received
2228,20240501,1,138,50,467.50000000000006,23375.000000000004,9.0,20240510.0,Received
2229,20240629,1,138,50,467.50000000000006,23375.000000000004,8.0,20240707.0,Received
2230,20240922,1,138,50,467.50000000000006,23375.000000000004,6.0,20240928.0,Received
2231,20241218,1,138,50,467.50000000000006,23375.000000000004,5.0,20241223.0,Received
2232,20250214,1,138,50,467.50000000000006,23375.000000000004,8.0,20250222.0,Received
2233,20250401,1,138,50,467.50000000000006,23375.000000000004,,,Cancelled
2234,20250524,1,138,50,467.50000000000006,23375.000000000004,5.0,20250529.0,Received
2235,20250820,1,138,50,467.50000000000006,23375.000000000004,9.0,20250829.0,Received
2236,20251012,1,138,50,467.50000000000006,23375.000000000004,11.0,20251023.0,Received
2237,20251211,1,138,50,467.50000000000006,23375.000000000004,11.0,20251222.0,Received
2238,20230302,1,139,50,467.50000000000006,23375.000000000004,11.0,20230313.0,Received
2239,20230503,1,139,50,467.50000000000006,23375.000000000004,5.0,20230508.0,Received
2240,20230728,1,139,50,467.50000000000006,23375.000000000004,,,Cancelled
2241,20231011,1,139,50,467.50000000000006,23375.000000000004,8.0,20231019.0,Received
2242,20231203,1,139,50,467.50000000000006,23375.000000000004,11.0,20231214.0,Received
2243,20240223,1,139,50,467.50000000000006,23375.000000000004,10.0,20240304.0,Received
2244,20240428,1,139,50,467.50000000000006,23375.000000000004,,,Cancelled
2245,20240619,1,139,50,467.50000000000006,23375.000000000004,11.0,20240630.0,Received
2246,20240909,1,139,50,467.50000000000006,23375.000000000004,9.0,20240918.0,Received
2247,20241118,1,139,50,467.50000000000006,23375.000000000004,,,Confirmed
2248,20250113,1,139,50,467.50000000000006,23375.000000000004,8.0,20250121.0,Received
2249,20250314,1,139,50,467.50000000000006,23375.000000000004,6.0,20250320.0,Received
2250,20250530,1,139,50,467.50000000000006,23375.000000000004,,,Confirmed
2251,20250808,1,139,50,467.50000000000006,23375.000000000004,10.0,20250818.0,Received
2252,20251015,1,139,50,467.50000000000006,23375.000000000004,,,Confirmed
2253,20260101,1,139,50,467.50000000000006,23375.000000000004,11.0,20260112.0,Received
2254,20230313,1,140,50,467.50000000000006,23375.000000000004,6.0,20230319.0,Received
2255,20230510,1,140,50,467.50000000000006,23375.000000000004,5.0,20230515.0,Received
2256,20230704,1,140,50,467.50000000000006,23375.000000000004,10.0,20230714.0,Received
2257,20230908,1,140,50,467.50000000000006,23375.000000000004,6.0,20230914.0,Received
2258,20231205,1,140,50,467.50000000000006,23375.000000000004,5.0,20231210.0,Received
2259,20240212,1,140,50,467.50000000000006,23375.000000000004,5.0,20240217.0,Received
2260,20240509,1,140,50,467.50000000000006,23375.000000000004,6.0,20240515.0,Received
2261,20240712,1,140,50,467.50000000000006,23375.000000000004,,,Cancelled
2262,20241008,1,140,50,467.50000000000006,23375.000000000004,5.0,20241013.0,Received
2263,20241122,1,140,50,467.50000000000006,23375.000000000004,10.0,20241202.0,Received
2264,20250120,1,140,50,467.50000000000006,23375.000000000004,5.0,20250125.0,Received
2265,20250320,1,140,50,467.50000000000006,23375.000000000004,11.0,20250331.0,Received
2266,20250616,1,140,50,467.50000000000006,23375.000000000004,7.0,20250623.0,Received
2267,20250906,1,140,50,467.50000000000006,23375.000000000004,8.0,20250914.0,Received
2268,20251021,1,140,50,467.50000000000006,23375.000000000004,5.0,20251026.0,Received
2269,20260103,1,140,50,467.50000000000006,23375.000000000004,9.0,20260112.0,Received
2270,20230328,1,141,50,467.50000000000006,23375.000000000004,11.0,20230408.0,Received
2271,20230620,1,141,50,467.50000000000006,23375.000000000004,,,Cancelled
2272,20230804,1,141,50,467.50000000000006,23375.000000000004,5.0,20230809.0,Received
2273,20231023,1,141,50,467.50000000000006,23375.000000000004,,,Cancelled
2274,20240107,1,141,50,467.50000000000006,23375.000000000004,9.0,20240116.0,Received
2275,20240311,1,141,50,467.50000000000006,23375.000000000004,9.0,20240320.0,Received
2276,20240426,1,141,50,467.50000000000006,23375.000000000004,7.0,20240503.0,Received
2277,20240719,1,141,50,467.50000000000006,23375.000000000004,7.0,20240726.0,Received
2278,20240925,1,141,50,467.50000000000006,23375.000000000004,6.0,20241001.0,Received
2279,20241217,1,141,50,467.50000000000006,23375.000000000004,8.0,20241225.0,Received
2280,20250225,1,141,50,467.50000000000006,23375.000000000004,5.0,20250302.0,Received
2281,20250525,1,141,50,467.50000000000006,23375.000000000004,11.0,20250605.0,Received
2282,20250820,1,141,50,467.50000000000006,23375.000000000004,8.0,20250828.0,Received
2283,20251111,1,141,50,467.50000000000006,23375.000000000004,,,Cancelled
2284,20251228,1,141,50,467.50000000000006,23375.000000000004,5.0,20260102.0,Received
2285,20230308,1,142,50,549.45,27472.500000000004,8.0,20230316.0,Received
2286,20230511,1,142,50,549.45,27472.500000000004,10.0,20230521.0,Received
2287,20230715,1,142,50,549.45,27472.500000000004,8.0,20230723.0,Received
2288,20230905,1,142,50,549.45,27472.500000000004,6.0,20230911.0,Received
2289,20231027,1,142,50,549.45,27472.500000000004,10.0,20231106.0,Received
2290,20240115,1,142,50,549.45,27472.500000000004,5.0,20240120.0,Received
2291,20240308,1,142,50,549.45,27472.500000000004,5.0,20240313.0,Received
2292,20240530,1,142,50,549.45,27472.500000000004,10.0,20240609.0,Received
2293,20240817,1,142,50,549.45,27472.500000000004,6.0,20240823.0,Received
2294,20241026,1,142,50,549.45,27472.500000000004,7.0,20241102.0,Received
2295,20241221,1,142,50,549.45,27472.500000000004,,,Cancelled
2296,20250206,1,142,50,549.45,27472.500000000004,11.0,20250217.0,Received
2297,20250326,1,142,50,549.45,27472.500000000004,9.0,20250404.0,Received
2298,20250612,1,142,50,549.45,27472.500000000004,8.0,20250620.0,Received
2299,20250904,1,142,50,549.45,27472.500000000004,7.0,20250911.0,Received
2300,20251031,1,142,50,549.45,27472.500000000004,9.0,20251109.0,Received
2301,20260112,1,142,50,549.45,27472.500000000004,9.0,20260121.0,Received
2302,20230320,1,143,50,549.45,27472.500000000004,6.0,20230326.0,Received
2303,20230529,1,143,50,549.45,27472.500000000004,9.0,20230607.0,Received
2304,20230805,1,143,50,549.45,27472.500000000004,6.0,20230811.0,Received
2305,20231023,1,143,50,549.45,27472.500000000004,11.0,20231103.0,Received
2306,20231214,1,143,50,549.45,27472.500000000004,11.0,20231225.0,Received
2307,20240221,1,143,50,549.45,27472.500000000004,9.0,20240301.0,Received
2308,20240408,1,143,50,549.45,27472.500000000004,6.0,20240414.0,Received
2309,20240614,1,143,50,549.45,27472.500000000004,10.0,20240624.0,Received
2310,20240906,1,143,50,549.45,27472.500000000004,11.0,20240917.0,Received
2311,20241112,1,143,50,549.45,27472.500000000004,10.0,20241122.0,Received
2312,20250103,1,143,50,549.45,27472.500000000004,,,Confirmed
2313,20250227,1,143,50,549.45,27472.500000000004,7.0,20250306.0,Received
2314,20250420,1,143,50,549.45,27472.500000000004,10.0,20250430.0,Received
2315,20250703,1,143,50,549.45,27472.500000000004,5.0,20250708.0,Received
2316,20250823,1,143,50,549.45,27472.500000000004,,,Cancelled
2317,20251013,1,143,50,549.45,27472.500000000004,11.0,20251024.0,Received
2318,20251231,1,143,50,549.45,27472.500000000004,10.0,20260110.0,Received
2319,20230223,1,144,50,549.45,27472.500000000004,7.0,20230302.0,Received
2320,20230514,1,144,50,549.45,27472.500000000004,7.0,20230521.0,Received
2321,20230705,1,144,50,549.45,27472.500000000004,,,Confirmed
2322,20230903,1,144,50,549.45,27472.500000000004,8.0,20230911.0,Received
2323,20231019,1,144,50,549.45,27472.500000000004,11.0,20231030.0,Received
2324,20231214,1,144,50,549.45,27472.500000000004,,,Cancelled
2325,20240203,1,144,50,549.45,27472.500000000004,5.0,20240208.0,Received
2326,20240330,1,144,50,549.45,27472.500000000004,9.0,20240408.0,Received
2327,20240516,1,144,50,549.45,27472.500000000004,6.0,20240522.0,Received
2328,20240705,1,144,50,549.45,27472.500000000004,8.0,20240713.0,Received
2329,20240907,1,144,50,549.45,27472.500000000004,,,Cancelled
2330,20241105,1,144,50,549.45,27472.500000000004,11.0,20241116.0,Received
2331,20250124,1,144,50,549.45,27472.500000000004,8.0,20250201.0,Received
2332,20250417,1,144,50,549.45,27472.500000000004,11.0,20250428.0,Received
2333,20250623,1,144,50,549.45,27472.500000000004,10.0,20250703.0,Received
2334,20250830,1,144,50,549.45,27472.500000000004,5.0,20250904.0,Received
2335,20251018,1,144,50,549.45,27472.500000000004,10.0,20251028.0,Received
2336,20251223,1,144,50,549.45,27472.500000000004,5.0,20251228.0,Received
2337,20230326,1,145,50,549.45,27472.500000000004,8.0,20230403.0,Received
2338,20230603,1,145,50,549.45,27472.500000000004,5.0,20230608.0,Received
2339,20230728,1,145,50,549.45,27472.500000000004,6.0,20230803.0,Received
2340,20230922,1,145,50,549.45,27472.500000000004,9.0,20231001.0,Received
2341,20231218,1,145,50,549.45,27472.500000000004,6.0,20231224.0,Received
2342,20240225,1,145,50,549.45,27472.500000000004,6.0,20240302.0,Received
2343,20240510,1,145,50,549.45,27472.500000000004,,,Confirmed
2344,20240726,1,145,50,549.45,27472.500000000004,7.0,20240802.0,Received
2345,20240912,1,145,50,549.45,27472.500000000004,8.0,20240920.0,Received
2346,20241103,1,145,50,549.45,27472.500000000004,7.0,20241110.0,Received
2347,20250111,1,145,50,549.45,27472.500000000004,10.0,20250121.0,Received
2348,20250323,1,145,50,549.45,27472.500000000004,10.0,20250402.0,Received
2349,20250610,1,145,50,549.45,27472.500000000004,11.0,20250621.0,Received
2350,20250807,1,145,50,549.45,27472.500000000004,5.0,20250812.0,Received
2351,20251001,1,145,50,549.45,27472.500000000004,6.0,20251007.0,Received
2352,20251211,1,145,50,549.45,27472.500000000004,7.0,20251218.0,Received
2353,20230224,1,146,50,130.0,6500.0,8.0,20230304.0,Received
2354,20230410,1,146,50,130.0,6500.0,5.0,20230415.0,Received
2355,20230703,1,146,50,130.0,6500.0,8.0,20230711.0,Received
2356,20230920,1,146,50,130.0,6500.0,6.0,20230926.0,Received
2357,20231128,1,146,50,130.0,6500.0,8.0,20231206.0,Received
2358,20240225,1,146,50,130.0,6500.0,9.0,20240305.0,Received
2359,20240505,1,146,50,130.0,6500.0,9.0,20240514.0,Received
2360,20240702,1,146,50,130.0,6500.0,10.0,20240712.0,Received
2361,20240826,1,146,50,130.0,6500.0,7.0,20240902.0,Received
2362,20241021,1,146,50,130.0,6500.0,,,Cancelled
2363,20241207,1,146,50,130.0,6500.0,9.0,20241216.0,Received
2364,20250301,1,146,50,130.0,6500.0,8.0,20250309.0,Received
2365,20250504,1,146,50,130.0,6500.0,8.0,20250512.0,Received
2366,20250621,1,146,50,130.0,6500.0,,,Cancelled
2367,20250810,1,146,50,130.0,6500.0,5.0,20250815.0,Received
2368,20251019,1,146,50,130.0,6500.0,6.0,20251025.0,Received
2369,20251207,1,146,50,130.0,6500.0,,,Confirmed
2370,20260130,1,146,50,130.0,6500.0,8.0,20260207.0,Received
2371,20230225,1,147,50,130.0,6500.0,7.0,20230304.0,Received
2372,20230417,1,147,50,130.0,6500.0,11.0,20230428.0,Received
2373,20230707,1,147,50,130.0,6500.0,,,Confirmed
2374,20230919,1,147,50,130.0,6500.0,5.0,20230924.0,Received
2375,20231213,1,147,50,130.0,6500.0,5.0,20231218.0,Received
2376,20240205,1,147,50,130.0,6500.0,8.0,20240213.0,Received
2377,20240413,1,147,50,130.0,6500.0,11.0,20240424.0,Received
2378,20240627,1,147,50,130.0,6500.0,5.0,20240702.0,Received
2379,20240901,1,147,50,130.0,6500.0,10.0,20240911.0,Received
2380,20241020,1,147,50,130.0,6500.0,10.0,20241030.0,Received
2381,20250103,1,147,50,130.0,6500.0,,,Confirmed
2382,20250221,1,147,50,130.0,6500.0,7.0,20250228.0,Received
2383,20250504,1,147,50,130.0,6500.0,,,Confirmed
2384,20250726,1,147,50,130.0,6500.0,8.0,20250803.0,Received
2385,20250918,1,147,50,130.0,6500.0,10.0,20250928.0,Received
2386,20251128,1,147,50,130.0,6500.0,11.0,20251209.0,Received
2387,20260128,1,147,50,130.0,6500.0,6.0,20260203.0,Received
2388,20230319,1,148,50,130.0,6500.0,9.0,20230328.0,Received
2389,20230606,1,148,50,130.0,6500.0,7.0,20230613.0,Received
2390,20230808,1,148,50,130.0,6500.0,11.0,20230819.0,Received
2391,20231016,1,148,50,130.0,6500.0,7.0,20231023.0,Received
2392,20240104,1,148,50,130.0,6500.0,11.0,20240115.0,Received
2393,20240315,1,148,50,130.0,6500.0,5.0,20240320.0,Received
2394,20240514,1,148,50,130.0,6500.0,9.0,20240523.0,Received
2395,20240715,1,148,50,130.0,6500.0,,,Confirmed
2396,20241012,1,148,50,130.0,6500.0,9.0,20241021.0,Received
2397,20241226,1,148,50,130.0,6500.0,6.0,20250101.0,Received
2398,20250302,1,148,50,130.0,6500.0,6.0,20250308.0,Received
2399,20250522,1,148,50,130.0,6500.0,9.0,20250531.0,Received
2400,20250727,1,148,50,130.0,6500.0,,,Confirmed
2401,20251004,1,148,50,130.0,6500.0,8.0,20251012.0,Received
2402,20251123,1,148,50,130.0,6500.0,5.0,20251128.0,Received
2403,20260112,1,148,50,130.0,6500.0,9.0,20260121.0,Received
2404,20230322,1,149,50,130.0,6500.0,6.0,20230328.0,Received
2405,20230611,1,149,50,130.0,6500.0,11.0,20230622.0,Received
2406,20230817,1,149,50,130.0,6500.0,9.0,20230826.0,Received
2407,20231114,1,149,50,130.0,6500.0,7.0,20231121.0,Received
2408,20240105,1,149,50,130.0,6500.0,9.0,20240114.0,Received
2409,20240310,1,149,50,130.0,6500.0,7.0,20240317.0,Received
2410,20240519,1,149,50,130.0,6500.0,,,Cancelled
2411,20240709,1,149,50,130.0,6500.0,,,Confirmed
2412,20240922,1,149,50,130.0,6500.0,9.0,20241001.0,Received
2413,20241126,1,149,50,130.0,6500.0,5.0,20241201.0,Received
2414,20250214,1,149,50,130.0,6500.0,8.0,20250222.0,Received
2415,20250405,1,149,50,130.0,6500.0,8.0,20250413.0,Received
2416,20250521,1,149,50,130.0,6500.0,11.0,20250601.0,Received
2417,20250708,1,149,50,130.0,6500.0,7.0,20250715.0,Received
2418,20250915,1,149,50,130.0,6500.0,10.0,20250925.0,Received
2419,20251208,1,149,50,130.0,6500.0,10.0,20251218.0,Received
2420,20230327,1,150,50,130.0,6500.0,10.0,20230406.0,Received
2421,20230614,1,150,50,130.0,6500.0,11.0,20230625.0,Received
2422,20230818,1,150,50,130.0,6500.0,6.0,20230824.0,Received
2423,20231102,1,150,50,130.0,6500.0,9.0,20231111.0,Received
2424,20240111,1,150,50,130.0,6500.0,9.0,20240120.0,Received
2425,20240228,1,150,50,130.0,6500.0,9.0,20240308.0,Received
2426,20240519,1,150,50,130.0,6500.0,,,Confirmed
2427,20240705,1,150,50,130.0,6500.0,7.0,20240712.0,Received
2428,20240901,1,150,50,130.0,6500.0,9.0,20240910.0,Received
2429,20241121,1,150,50,130.0,6500.0,6.0,20241127.0,Received
2430,20250112,1,150,50,130.0,6500.0,10.0,20250122.0,Received
2431,20250301,1,150,50,130.0,6500.0,9.0,20250310.0,Received
2432,20250517,1,150,50,130.0,6500.0,5.0,20250522.0,Received
2433,20250809,1,150,50,130.0,6500.0,6.0,20250815.0,Received
2434,20251102,1,150,50,130.0,6500.0,5.0,20251107.0,Received
2435,20260108,1,150,50,130.0,6500.0,7.0,20260115.0,Received
2436,20230222,1,151,50,130.0,6500.0,6.0,20230228.0,Received
2437,20230521,1,151,50,130.0,6500.0,8.0,20230529.0,Received
2438,20230709,1,151,50,130.0,6500.0,10.0,20230719.0,Received
2439,20230825,1,151,50,130.0,6500.0,11.0,20230905.0,Received
2440,20231023,1,151,50,130.0,6500.0,7.0,20231030.0,Received
2441,20231207,1,151,50,130.0,6500.0,11.0,20231218.0,Received
2442,20240126,1,151,50,130.0,6500.0,11.0,20240206.0,Received
2443,20240410,1,151,50,130.0,6500.0,7.0,20240417.0,Received
2444,20240704,1,151,50,130.0,6500.0,9.0,20240713.0,Received
2445,20240905,1,151,50,130.0,6500.0,5.0,20240910.0,Received
2446,20241021,1,151,50,130.0,6500.0,,,Confirmed
2447,20250113,1,151,50,130.0,6500.0,10.0,20250123.0,Received
2448,20250402,1,151,50,130.0,6500.0,8.0,20250410.0,Received
2449,20250526,1,151,50,130.0,6500.0,10.0,20250605.0,Received
2450,20250719,1,151,50,130.0,6500.0,9.0,20250728.0,Received
2451,20250930,1,151,50,130.0,6500.0,,,Confirmed
2452,20251122,1,151,50,130.0,6500.0,9.0,20251201.0,Received
2453,20260116,1,151,50,130.0,6500.0,11.0,20260127.0,Received
2454,20230320,1,152,50,130.0,6500.0,8.0,20230328.0,Received
2455,20230504,1,152,50,130.0,6500.0,11.0,20230515.0,Received
2456,20230706,1,152,50,130.0,6500.0,10.0,20230716.0,Received
2457,20230923,1,152,50,130.0,6500.0,11.0,20231004.0,Received
2458,20231220,1,152,50,130.0,6500.0,5.0,20231225.0,Received
2459,20240315,1,152,50,130.0,6500.0,9.0,20240324.0,Received
2460,20240610,1,152,50,130.0,6500.0,,,Confirmed
2461,20240821,1,152,50,130.0,6500.0,11.0,20240901.0,Received
2462,20241022,1,152,50,130.0,6500.0,8.0,20241030.0,Received
2463,20241223,1,152,50,130.0,6500.0,5.0,20241228.0,Received
2464,20250306,1,152,50,130.0,6500.0,6.0,20250312.0,Received
2465,20250430,1,152,50,130.0,6500.0,6.0,20250506.0,Received
2466,20250708,1,152,50,130.0,6500.0,,,Cancelled
2467,20250919,1,152,50,130.0,6500.0,6.0,20250925.0,Received
2468,20251212,1,152,50,130.0,6500.0,9.0,20251221.0,Received
2469,20230219,1,153,50,130.0,6500.0,5.0,20230224.0,Received
2470,20230424,1,153,50,130.0,6500.0,5.0,20230429.0,Received
2471,20230621,1,153,50,130.0,6500.0,,,Confirmed
2472,20230830,1,153,50,130.0,6500.0,8.0,20230907.0,Received
2473,20231027,1,153,50,130.0,6500.0,10.0,20231106.0,Received
2474,20231225,1,153,50,130.0,6500.0,9.0,20240103.0,Received
2475,20240226,1,153,50,130.0,6500.0,5.0,20240302.0,Received
2476,20240426,1,153,50,130.0,6500.0,7.0,20240503.0,Received
2477,20240626,1,153,50,130.0,6500.0,11.0,20240707.0,Received
2478,20240914,1,153,50,130.0,6500.0,7.0,20240921.0,Received
2479,20241109,1,153,50,130.0,6500.0,11.0,20241120.0,Received
2480,20250205,1,153,50,130.0,6500.0,9.0,20250214.0,Received
2481,20250403,1,153,50,130.0,6500.0,11.0,20250414.0,Received
2482,20250626,1,153,50,130.0,6500.0,9.0,20250705.0,Received
2483,20250831,1,153,50,130.0,6500.0,5.0,20250905.0,Received
2484,20251031,1,153,50,130.0,6500.0,,,Cancelled
2485,20251215,1,153,50,130.0,6500.0,11.0,20251226.0,Received
2486,20230330,1,154,50,180.76985463659148,9038.492731829574,6.0,20230405.0,Received
2487,20230621,1,154,50,180.76985463659148,9038.492731829574,9.0,20230630.0,Received
2488,20230902,1,154,50,180.76985463659148,9038.492731829574,9.0,20230911.0,Received
2489,20231117,1,154,50,180.76985463659148,9038.492731829574,5.0,20231122.0,Received
2490,20240129,1,154,50,180.76985463659148,9038.492731829574,6.0,20240204.0,Received
2491,20240327,1,154,50,180.76985463659148,9038.492731829574,5.0,20240401.0,Received
2492,20240623,1,154,50,180.76985463659148,9038.492731829574,,,Cancelled
2493,20240818,1,154,50,180.76985463659148,9038.492731829574,5.0,20240823.0,Received
2494,20241109,1,154,50,180.76985463659148,9038.492731829574,6.0,20241115.0,Received
2495,20250103,1,154,50,180.76985463659148,9038.492731829574,6.0,20250109.0,Received
2496,20250314,1,154,50,180.76985463659148,9038.492731829574,9.0,20250323.0,Received
2497,20250603,1,154,50,180.76985463659148,9038.492731829574,9.0,20250612.0,Received
2498,20250825,1,154,50,180.76985463659148,9038.492731829574,11.0,20250905.0,Received
2499,20251017,1,154,50,180.76985463659148,9038.492731829574,11.0,20251028.0,Received
2500,20251202,1,154,50,180.76985463659148,9038.492731829574,9.0,20251211.0,Received
2501,20230224,1,155,50,164.45000000000002,8222.5,7.0,20230303.0,Received
2502,20230517,1,155,50,164.45000000000002,8222.5,,,Cancelled
2503,20230719,1,155,50,164.45000000000002,8222.5,8.0,20230727.0,Received
2504,20230911,1,155,50,164.45000000000002,8222.5,7.0,20230918.0,Received
2505,20231106,1,155,50,164.45000000000002,8222.5,10.0,20231116.0,Received
2506,20240118,1,155,50,164.45000000000002,8222.5,7.0,20240125.0,Received
2507,20240408,1,155,50,164.45000000000002,8222.5,9.0,20240417.0,Received
2508,20240623,1,155,50,164.45000000000002,8222.5,6.0,20240629.0,Received
2509,20240830,1,155,50,164.45000000000002,8222.5,9.0,20240908.0,Received
2510,20241024,1,155,50,164.45000000000002,8222.5,7.0,20241031.0,Received
2511,20241210,1,155,50,164.45000000000002,8222.5,11.0,20241221.0,Received
2512,20250207,1,155,50,164.45000000000002,8222.5,,,Cancelled
2513,20250419,1,155,50,164.45000000000002,8222.5,,,Cancelled
2514,20250628,1,155,50,164.45000000000002,8222.5,7.0,20250705.0,Received
2515,20250820,1,155,50,164.45000000000002,8222.5,8.0,20250828.0,Received
2516,20251016,1,155,50,164.45000000000002,8222.5,5.0,20251021.0,Received
2517,20251224,1,155,50,164.45000000000002,8222.5,7.0,20251231.0,Received
2518,20230326,1,156,50,164.45000000000002,8222.5,7.0,20230402.0,Received
2519,20230517,1,156,50,164.45000000000002,8222.5,9.0,20230526.0,Received
2520,20230714,1,156,50,164.45000000000002,8222.5,9.0,20230723.0,Received
2521,20230905,1,156,50,164.45000000000002,8222.5,5.0,20230910.0,Received
2522,20231117,1,156,50,164.45000000000002,8222.5,,,Cancelled
2523,20240115,1,156,50,164.45000000000002,8222.5,6.0,20240121.0,Received
2524,20240314,1,156,50,164.45000000000002,8222.5,8.0,20240322.0,Received
2525,20240611,1,156,50,164.45000000000002,8222.5,10.0,20240621.0,Received
2526,20240801,1,156,50,164.45000000000002,8222.5,9.0,20240810.0,Received
2527,20241010,1,156,50,164.45000000000002,8222.5,10.0,20241020.0,Received
2528,20241124,1,156,50,164.45000000000002,8222.5,6.0,20241130.0,Received
2529,20250110,1,156,50,164.45000000000002,8222.5,6.0,20250116.0,Received
2530,20250405,1,156,50,164.45000000000002,8222.5,9.0,20250414.0,Received
2531,20250701,1,156,50,164.45000000000002,8222.5,5.0,20250706.0,Received
2532,20250923,1,156,50,164.45000000000002,8222.5,8.0,20251001.0,Received
2533,20251120,1,156,50,164.45000000000002,8222.5,8.0,20251128.0,Received
2534,20260114,1,156,50,164.45000000000002,8222.5,8.0,20260122.0,Received
2535,20230311,1,157,50,164.45000000000002,8222.5,7.0,20230318.0,Received
2536,20230508,1,157,50,164.45000000000002,8222.5,,,Confirmed
2537,20230708,1,157,50,164.45000000000002,8222.5,6.0,20230714.0,Received
2538,20230915,1,157,50,164.45000000000002,8222.5,10.0,20230925.0,Received
2539,20231213,1,157,50,164.45000000000002,8222.5,11.0,20231224.0,Received
2540,20240228,1,157,50,164.45000000000002,8222.5,,,Cancelled
2541,20240513,1,157,50,164.45000000000002,8222.5,10.0,20240523.0,Received
2542,20240713,1,157,50,164.45000000000002,8222.5,11.0,20240724.0,Received
2543,20240918,1,157,50,164.45000000000002,8222.5,6.0,20240924.0,Received
2544,20241107,1,157,50,164.45000000000002,8222.5,5.0,20241112.0,Received
2545,20241228,1,157,50,164.45000000000002,8222.5,,,Confirmed
2546,20250324,1,157,50,164.45000000000002,8222.5,8.0,20250401.0,Received
2547,20250620,1,157,50,164.45000000000002,8222.5,7.0,20250627.0,Received
2548,20250807,1,157,50,164.45000000000002,8222.5,11.0,20250818.0,Received
2549,20251020,1,157,50,164.45000000000002,8222.5,11.0,20251031.0,Received
2550,20260111,1,157,50,164.45000000000002,8222.5,7.0,20260118.0,Received
2551,20230323,1,158,50,130.0,6500.0,10.0,20230402.0,Received
2552,20230522,1,158,50,130.0,6500.0,10.0,20230601.0,Received
2553,20230811,1,158,50,130.0,6500.0,6.0,20230817.0,Received
2554,20231016,1,158,50,130.0,6500.0,7.0,20231023.0,Received
2555,20240106,1,158,50,130.0,6500.0,11.0,20240117.0,Received
2556,20240225,1,158,50,130.0,6500.0,10.0,20240306.0,Received
2557,20240421,1,158,50,130.0,6500.0,,,Cancelled
2558,20240630,1,158,50,130.0,6500.0,9.0,20240709.0,Received
2559,20240922,1,158,50,130.0,6500.0,7.0,20240929.0,Received
2560,20241207,1,158,50,130.0,6500.0,7.0,20241214.0,Received
2561,20250212,1,158,50,130.0,6500.0,,,Cancelled
2562,20250407,1,158,50,130.0,6500.0,6.0,20250413.0,Received
2563,20250621,1,158,50,130.0,6500.0,11.0,20250702.0,Received
2564,20250825,1,158,50,130.0,6500.0,9.0,20250903.0,Received
2565,20251019,1,158,50,130.0,6500.0,5.0,20251024.0,Received
2566,20251206,1,158,50,130.0,6500.0,,,Cancelled
2567,20230319,1,159,50,130.0,6500.0,9.0,20230328.0,Received
2568,20230616,1,159,50,130.0,6500.0,,,Cancelled
2569,20230824,1,159,50,130.0,6500.0,6.0,20230830.0,Received
2570,20231016,1,159,50,130.0,6500.0,6.0,20231022.0,Received
2571,20231219,1,159,50,130.0,6500.0,5.0,20231224.0,Received
2572,20240221,1,159,50,130.0,6500.0,9.0,20240301.0,Received
2573,20240501,1,159,50,130.0,6500.0,11.0,20240512.0,Received
2574,20240714,1,159,50,130.0,6500.0,,,Cancelled
2575,20240902,1,159,50,130.0,6500.0,,,Confirmed
2576,20241022,1,159,50,130.0,6500.0,10.0,20241101.0,Received
2577,20241209,1,159,50,130.0,6500.0,,,Cancelled
2578,20250219,1,159,50,130.0,6500.0,11.0,20250302.0,Received
2579,20250410,1,159,50,130.0,6500.0,10.0,20250420.0,Received
2580,20250616,1,159,50,130.0,6500.0,5.0,20250621.0,Received
2581,20250807,1,159,50,130.0,6500.0,7.0,20250814.0,Received
2582,20251009,1,159,50,130.0,6500.0,8.0,20251017.0,Received
2583,20251213,1,159,50,130.0,6500.0,7.0,20251220.0,Received
2584,20260129,1,159,50,130.0,6500.0,5.0,20260203.0,Received
2585,20230317,1,160,50,130.0,6500.0,7.0,20230324.0,Received
2586,20230521,1,160,50,130.0,6500.0,9.0,20230530.0,Received
2587,20230716,1,160,50,130.0,6500.0,8.0,20230724.0,Received
2588,20230904,1,160,50,130.0,6500.0,6.0,20230910.0,Received
2589,20231022,1,160,50,130.0,6500.0,6.0,20231028.0,Received
2590,20231212,1,160,50,130.0,6500.0,11.0,20231223.0,Received
2591,20240129,1,160,50,130.0,6500.0,10.0,20240208.0,Received
2592,20240423,1,160,50,130.0,6500.0,11.0,20240504.0,Received
2593,20240611,1,160,50,130.0,6500.0,11.0,20240622.0,Received
2594,20240804,1,160,50,130.0,6500.0,10.0,20240814.0,Received
2595,20241031,1,160,50,130.0,6500.0,9.0,20241109.0,Received
2596,20250127,1,160,50,130.0,6500.0,8.0,20250204.0,Received
2597,20250408,1,160,50,130.0,6500.0,11.0,20250419.0,Received
2598,20250610,1,160,50,130.0,6500.0,6.0,20250616.0,Received
2599,20250814,1,160,50,130.0,6500.0,,,Confirmed
2600,20250930,1,160,50,130.0,6500.0,11.0,20251011.0,Received
2601,20251203,1,160,50,130.0,6500.0,5.0,20251208.0,Received
2602,20260131,1,160,50,130.0,6500.0,6.0,20260206.0,Received
2603,20230319,1,161,50,130.0,6500.0,5.0,20230324.0,Received
2604,20230504,1,161,50,130.0,6500.0,,,Cancelled
2605,20230719,1,161,50,130.0,6500.0,10.0,20230729.0,Received
2606,20230904,1,161,50,130.0,6500.0,8.0,20230912.0,Received
2607,20231127,1,161,50,130.0,6500.0,7.0,20231204.0,Received
2608,20240127,1,161,50,130.0,6500.0,10.0,20240206.0,Received
2609,20240420,1,161,50,130.0,6500.0,11.0,20240501.0,Received
2610,20240701,1,161,50,130.0,6500.0,5.0,20240706.0,Received
2611,20240829,1,161,50,130.0,6500.0,5.0,20240903.0,Received
2612,20241026,1,161,50,130.0,6500.0,8.0,20241103.0,Received
2613,20241227,1,161,50,130.0,6500.0,6.0,20250102.0,Received
2614,20250227,1,161,50,130.0,6500.0,5.0,20250304.0,Received
2615,20250427,1,161,50,130.0,6500.0,6.0,20250503.0,Received
2616,20250719,1,161,50,130.0,6500.0,9.0,20250728.0,Received
2617,20250921,1,161,50,130.0,6500.0,10.0,20251001.0,Received
2618,20251119,1,161,50,130.0,6500.0,9.0,20251128.0,Received
2619,20230310,1,162,50,130.0,6500.0,7.0,20230317.0,Received
2620,20230529,1,162,50,130.0,6500.0,5.0,20230603.0,Received
2621,20230713,1,162,50,130.0,6500.0,6.0,20230719.0,Received
2622,20231006,1,162,50,130.0,6500.0,10.0,20231016.0,Received
2623,20231127,1,162,50,130.0,6500.0,11.0,20231208.0,Received
2624,20240212,1,162,50,130.0,6500.0,7.0,20240219.0,Received
2625,20240424,1,162,50,130.0,6500.0,,,Confirmed
2626,20240621,1,162,50,130.0,6500.0,9.0,20240630.0,Received
2627,20240811,1,162,50,130.0,6500.0,6.0,20240817.0,Received
2628,20240927,1,162,50,130.0,6500.0,7.0,20241004.0,Received
2629,20241114,1,162,50,130.0,6500.0,5.0,20241119.0,Received
2630,20250206,1,162,50,130.0,6500.0,5.0,20250211.0,Received
2631,20250430,1,162,50,130.0,6500.0,8.0,20250508.0,Received
2632,20250707,1,162,50,130.0,6500.0,8.0,20250715.0,Received
2633,20250824,1,162,50,130.0,6500.0,6.0,20250830.0,Received
2634,20251022,1,162,50,130.0,6500.0,,,Confirmed
2635,20260109,1,162,50,130.0,6500.0,8.0,20260117.0,Received
2636,20230228,1,163,50,130.0,6500.0,10.0,20230310.0,Received
2637,20230421,1,163,50,130.0,6500.0,6.0,20230427.0,Received
2638,20230705,1,163,50,130.0,6500.0,6.0,20230711.0,Received
2639,20230920,1,163,50,130.0,6500.0,6.0,20230926.0,Received
2640,20231127,1,163,50,130.0,6500.0,5.0,20231202.0,Received
2641,20240120,1,163,50,130.0,6500.0,7.0,20240127.0,Received
2642,20240312,1,163,50,130.0,6500.0,9.0,20240321.0,Received
2643,20240522,1,163,50,130.0,6500.0,10.0,20240601.0,Received
2644,20240813,1,163,50,130.0,6500.0,10.0,20240823.0,Received
2645,20241015,1,163,50,130.0,6500.0,11.0,20241026.0,Received
2646,20241204,1,163,50,130.0,6500.0,11.0,20241215.0,Received
2647,20250218,1,163,50,130.0,6500.0,11.0,20250301.0,Received
2648,20250502,1,163,50,130.0,6500.0,10.0,20250512.0,Received
2649,20250703,1,163,50,130.0,6500.0,,,Confirmed
2650,20250930,1,163,50,130.0,6500.0,5.0,20251005.0,Received
2651,20251228,1,163,50,130.0,6500.0,6.0,20260103.0,Received
2652,20230306,1,164,50,130.0,6500.0,11.0,20230317.0,Received
2653,20230517,1,164,50,130.0,6500.0,6.0,20230523.0,Received
2654,20230723,1,164,50,130.0,6500.0,11.0,20230803.0,Received
2655,20231012,1,164,50,130.0,6500.0,11.0,20231023.0,Received
2656,20231204,1,164,50,130.0,6500.0,8.0,20231212.0,Received
2657,20240210,1,164,50,130.0,6500.0,,,Confirmed
2658,20240331,1,164,50,130.0,6500.0,5.0,20240405.0,Received
2659,20240610,1,164,50,130.0,6500.0,6.0,20240616.0,Received
2660,20240817,1,164,50,130.0,6500.0,10.0,20240827.0,Received
2661,20241030,1,164,50,130.0,6500.0,5.0,20241104.0,Received
2662,20250121,1,164,50,130.0,6500.0,,,Cancelled
2663,20250417,1,164,50,130.0,6500.0,9.0,20250426.0,Received
2664,20250709,1,164,50,130.0,6500.0,8.0,20250717.0,Received
2665,20251003,1,164,50,130.0,6500.0,9.0,20251012.0,Received
2666,20251119,1,164,50,130.0,6500.0,10.0,20251129.0,Received
2667,20230302,1,165,50,130.0,6500.0,7.0,20230309.0,Received
2668,20230525,1,165,50,130.0,6500.0,5.0,20230530.0,Received
2669,20230731,1,165,50,130.0,6500.0,7.0,20230807.0,Received
2670,20231014,1,165,50,130.0,6500.0,5.0,20231019.0,Received
2671,20231211,1,165,50,130.0,6500.0,,,Cancelled
2672,20240220,1,165,50,130.0,6500.0,6.0,20240226.0,Received
2673,20240514,1,165,50,130.0,6500.0,5.0,20240519.0,Received
2674,20240810,1,165,50,130.0,6500.0,9.0,20240819.0,Received
2675,20241012,1,165,50,130.0,6500.0,8.0,20241020.0,Received
2676,20241218,1,165,50,130.0,6500.0,11.0,20241229.0,Received
2677,20250313,1,165,50,130.0,6500.0,5.0,20250318.0,Received
2678,20250520,1,165,50,130.0,6500.0,11.0,20250531.0,Received
2679,20250727,1,165,50,130.0,6500.0,9.0,20250805.0,Received
2680,20250920,1,165,50,130.0,6500.0,7.0,20250927.0,Received
2681,20251108,1,165,50,130.0,6500.0,7.0,20251115.0,Received
2682,20260104,1,165,50,130.0,6500.0,9.0,20260113.0,Received
2683,20230331,1,166,52,241.228,12543.856,,,Confirmed
2684,20230621,1,166,52,241.228,12543.856,5.0,20230626.0,Received
2685,20230908,1,166,52,241.228,12543.856,5.0,20230913.0,Received
2686,20231111,1,166,52,241.228,12543.856,8.0,20231119.0,Received
2687,20240110,1,166,52,241.228,12543.856,9.0,20240119.0,Received
2688,20240406,1,166,52,241.228,12543.856,9.0,20240415.0,Received
2689,20240617,1,166,52,241.228,12543.856,5.0,20240622.0,Received
2690,20240828,1,166,52,241.228,12543.856,9.0,20240906.0,Received
2691,20241019,1,166,52,241.228,12543.856,10.0,20241029.0,Received
2692,20241231,1,166,52,241.228,12543.856,7.0,20250107.0,Received
2693,20250311,1,166,52,241.228,12543.856,7.0,20250318.0,Received
2694,20250429,1,166,52,241.228,12543.856,11.0,20250510.0,Received
2695,20250713,1,166,52,241.228,12543.856,9.0,20250722.0,Received
2696,20250920,1,166,52,241.228,12543.856,8.0,20250928.0,Received
2697,20251112,1,166,52,241.228,12543.856,7.0,20251119.0,Received
2698,20251228,1,166,52,241.228,12543.856,10.0,20260107.0,Received
2699,20230307,1,167,50,219.45000000000002,10972.5,8.0,20230315.0,Received
2700,20230514,1,167,50,219.45000000000002,10972.5,5.0,20230519.0,Received
2701,20230725,1,167,50,219.45000000000002,10972.5,5.0,20230730.0,Received
2702,20230926,1,167,50,219.45000000000002,10972.5,8.0,20231004.0,Received
2703,20231222,1,167,50,219.45000000000002,10972.5,9.0,20231231.0,Received
2704,20240315,1,167,50,219.45000000000002,10972.5,6.0,20240321.0,Received
2705,20240606,1,167,50,219.45000000000002,10972.5,11.0,20240617.0,Received
2706,20240721,1,167,50,219.45000000000002,10972.5,8.0,20240729.0,Received
2707,20241002,1,167,50,219.45000000000002,10972.5,10.0,20241012.0,Received
2708,20241116,1,167,50,219.45000000000002,10972.5,8.0,20241124.0,Received
2709,20250213,1,167,50,219.45000000000002,10972.5,10.0,20250223.0,Received
2710,20250409,1,167,50,219.45000000000002,10972.5,9.0,20250418.0,Received
2711,20250702,1,167,50,219.45000000000002,10972.5,8.0,20250710.0,Received
2712,20250918,1,167,50,219.45000000000002,10972.5,5.0,20250923.0,Received
2713,20251103,1,167,50,219.45000000000002,10972.5,10.0,20251113.0,Received
2714,20260122,1,167,50,219.45000000000002,10972.5,6.0,20260128.0,Received
2715,20230302,1,168,50,219.45000000000002,10972.5,10.0,20230312.0,Received
2716,20230526,1,168,50,219.45000000000002,10972.5,6.0,20230601.0,Received
2717,20230730,1,168,50,219.45000000000002,10972.5,7.0,20230806.0,Received
2718,20230915,1,168,50,219.45000000000002,10972.5,9.0,20230924.0,Received
2719,20231122,1,168,50,219.45000000000002,10972.5,8.0,20231130.0,Received
2720,20240112,1,168,50,219.45000000000002,10972.5,11.0,20240123.0,Received
2721,20240226,1,168,50,219.45000000000002,10972.5,8.0,20240305.0,Received
2722,20240503,1,168,50,219.45000000000002,10972.5,10.0,20240513.0,Received
2723,20240716,1,168,50,219.45000000000002,10972.5,6.0,20240722.0,Received
2724,20241011,1,168,50,219.45000000000002,10972.5,5.0,20241016.0,Received
2725,20241127,1,168,50,219.45000000000002,10972.5,8.0,20241205.0,Received
2726,20250224,1,168,50,219.45000000000002,10972.5,9.0,20250305.0,Received
2727,20250522,1,168,50,219.45000000000002,10972.5,10.0,20250601.0,Received
2728,20250817,1,168,50,219.45000000000002,10972.5,9.0,20250826.0,Received
2729,20251114,1,168,50,219.45000000000002,10972.5,5.0,20251119.0,Received
2730,20230316,1,169,50,219.45000000000002,10972.5,8.0,20230324.0,Received
2731,20230606,1,169,50,219.45000000000002,10972.5,5.0,20230611.0,Received
2732,20230730,1,169,50,219.45000000000002,10972.5,5.0,20230804.0,Received
2733,20230916,1,169,50,219.45000000000002,10972.5,9.0,20230925.0,Received
2734,20231114,1,169,50,219.45000000000002,10972.5,9.0,20231123.0,Received
2735,20240106,1,169,50,219.45000000000002,10972.5,,,Confirmed
2736,20240301,1,169,50,219.45000000000002,10972.5,,,Cancelled
2737,20240430,1,169,50,219.45000000000002,10972.5,5.0,20240505.0,Received
2738,20240716,1,169,50,219.45000000000002,10972.5,8.0,20240724.0,Received
2739,20241008,1,169,50,219.45000000000002,10972.5,6.0,20241014.0,Received
2740,20241218,1,169,50,219.45000000000002,10972.5,8.0,20241226.0,Received
2741,20250310,1,169,50,219.45000000000002,10972.5,7.0,20250317.0,Received
2742,20250503,1,169,50,219.45000000000002,10972.5,7.0,20250510.0,Received
2743,20250628,1,169,50,219.45000000000002,10972.5,6.0,20250704.0,Received
2744,20250820,1,169,50,219.45000000000002,10972.5,5.0,20250825.0,Received
2745,20251115,1,169,50,219.45000000000002,10972.5,8.0,20251123.0,Received
2746,20260119,1,169,50,219.45000000000002,10972.5,7.0,20260126.0,Received
2747,20230326,1,170,50,405.0,20250.0,9.0,20230404.0,Received
2748,20230515,1,170,50,405.0,20250.0,11.0,20230526.0,Received
2749,20230705,1,170,50,405.0,20250.0,9.0,20230714.0,Received
2750,20230911,1,170,50,405.0,20250.0,,,Confirmed
2751,20231107,1,170,50,405.0,20250.0,11.0,20231118.0,Received
2752,20240127,1,170,50,405.0,20250.0,8.0,20240204.0,Received
2753,20240423,1,170,50,405.0,20250.0,8.0,20240501.0,Received
2754,20240617,1,170,50,405.0,20250.0,11.0,20240628.0,Received
2755,20240909,1,170,50,405.0,20250.0,7.0,20240916.0,Received
2756,20241121,1,170,50,405.0,20250.0,,,Cancelled
2757,20250110,1,170,50,405.0,20250.0,11.0,20250121.0,Received
2758,20250317,1,170,50,405.0,20250.0,10.0,20250327.0,Received
2759,20250510,1,170,50,405.0,20250.0,8.0,20250518.0,Received
2760,20250719,1,170,50,405.0,20250.0,6.0,20250725.0,Received
2761,20250924,1,170,50,405.0,20250.0,11.0,20251005.0,Received
2762,20251127,1,170,50,405.0,20250.0,10.0,20251207.0,Received
2763,20230328,1,171,50,405.0,20250.0,,,Confirmed
2764,20230610,1,171,50,405.0,20250.0,6.0,20230616.0,Received
2765,20230817,1,171,50,405.0,20250.0,9.0,20230826.0,Received
2766,20231014,1,171,50,405.0,20250.0,,,Cancelled
2767,20231212,1,171,50,405.0,20250.0,9.0,20231221.0,Received
2768,20240305,1,171,50,405.0,20250.0,8.0,20240313.0,Received
2769,20240427,1,171,50,405.0,20250.0,,,Confirmed
2770,20240626,1,171,50,405.0,20250.0,7.0,20240703.0,Received
2771,20240818,1,171,50,405.0,20250.0,7.0,20240825.0,Received
2772,20241112,1,171,50,405.0,20250.0,7.0,20241119.0,Received
2773,20250209,1,171,50,405.0,20250.0,6.0,20250215.0,Received
2774,20250422,1,171,50,405.0,20250.0,7.0,20250429.0,Received
2775,20250709,1,171,50,405.0,20250.0,7.0,20250716.0,Received
2776,20250925,1,171,50,405.0,20250.0,7.0,20251002.0,Received
2777,20251211,1,171,50,405.0,20250.0,6.0,20251217.0,Received
2778,20230228,1,172,50,405.0,20250.0,10.0,20230310.0,Received
2779,20230510,1,172,50,405.0,20250.0,10.0,20230520.0,Received
2780,20230723,1,172,50,405.0,20250.0,10.0,20230802.0,Received
2781,20231004,1,172,50,405.0,20250.0,10.0,20231014.0,Received
2782,20231123,1,172,50,405.0,20250.0,,,Cancelled
2783,20240124,1,172,50,405.0,20250.0,8.0,20240201.0,Received
2784,20240323,1,172,50,405.0,20250.0,7.0,20240330.0,Received
2785,20240510,1,172,50,405.0,20250.0,7.0,20240517.0,Received
2786,20240713,1,172,50,405.0,20250.0,10.0,20240723.0,Received
2787,20240904,1,172,50,405.0,20250.0,6.0,20240910.0,Received
2788,20241123,1,172,50,405.0,20250.0,10.0,20241203.0,Received
2789,20250127,1,172,50,405.0,20250.0,10.0,20250206.0,Received
2790,20250323,1,172,50,405.0,20250.0,5.0,20250328.0,Received
2791,20250515,1,172,50,405.0,20250.0,11.0,20250526.0,Received
2792,20250702,1,172,50,405.0,20250.0,10.0,20250712.0,Received
2793,20250929,1,172,50,405.0,20250.0,11.0,20251010.0,Received
2794,20251122,1,172,50,405.0,20250.0,6.0,20251128.0,Received
2795,20230301,1,173,50,405.0,20250.0,8.0,20230309.0,Received
2796,20230504,1,173,50,405.0,20250.0,5.0,20230509.0,Received
2797,20230620,1,173,50,405.0,20250.0,,,Cancelled
2798,20230809,1,173,50,405.0,20250.0,9.0,20230818.0,Received
2799,20231014,1,173,50,405.0,20250.0,9.0,20231023.0,Received
2800,20231227,1,173,50,405.0,20250.0,7.0,20240103.0,Received
2801,20240307,1,173,50,405.0,20250.0,,,Confirmed
2802,20240505,1,173,50,405.0,20250.0,10.0,20240515.0,Received
2803,20240627,1,173,50,405.0,20250.0,10.0,20240707.0,Received
2804,20240819,1,173,50,405.0,20250.0,,,Confirmed
2805,20241011,1,173,50,405.0,20250.0,5.0,20241016.0,Received
2806,20241212,1,173,50,405.0,20250.0,10.0,20241222.0,Received
2807,20250217,1,173,50,405.0,20250.0,9.0,20250226.0,Received
2808,20250412,1,173,50,405.0,20250.0,7.0,20250419.0,Received
2809,20250606,1,173,50,405.0,20250.0,10.0,20250616.0,Received
2810,20250823,1,173,50,405.0,20250.0,7.0,20250830.0,Received
2811,20251113,1,173,50,405.0,20250.0,7.0,20251120.0,Received
2812,20230302,1,174,50,405.0,20250.0,11.0,20230313.0,Received
2813,20230416,1,174,50,405.0,20250.0,8.0,20230424.0,Received
2814,20230709,1,174,50,405.0,20250.0,,,Cancelled
2815,20230827,1,174,50,405.0,20250.0,9.0,20230905.0,Received
2816,20231024,1,174,50,405.0,20250.0,5.0,20231029.0,Received
2817,20231224,1,174,50,405.0,20250.0,5.0,20231229.0,Received
2818,20240207,1,174,50,405.0,20250.0,10.0,20240217.0,Received
2819,20240330,1,174,50,405.0,20250.0,11.0,20240410.0,Received
2820,20240530,1,174,50,405.0,20250.0,5.0,20240604.0,Received
2821,20240820,1,174,50,405.0,20250.0,8.0,20240828.0,Received
2822,20241107,1,174,50,405.0,20250.0,8.0,20241115.0,Received
2823,20250118,1,174,50,405.0,20250.0,10.0,20250128.0,Received
2824,20250416,1,174,50,405.0,20250.0,6.0,20250422.0,Received
2825,20250630,1,174,50,405.0,20250.0,10.0,20250710.0,Received
2826,20250912,1,174,50,405.0,20250.0,7.0,20250919.0,Received
2827,20251208,1,174,50,405.0,20250.0,7.0,20251215.0,Received
2828,20260126,1,174,50,405.0,20250.0,9.0,20260204.0,Received
2829,20230308,1,175,50,405.0,20250.0,11.0,20230319.0,Received
2830,20230526,1,175,50,405.0,20250.0,7.0,20230602.0,Received
2831,20230812,1,175,50,405.0,20250.0,9.0,20230821.0,Received
2832,20231005,1,175,50,405.0,20250.0,9.0,20231014.0,Received
2833,20231213,1,175,50,405.0,20250.0,5.0,20231218.0,Received
2834,20240214,1,175,50,405.0,20250.0,5.0,20240219.0,Received
2835,20240401,1,175,50,405.0,20250.0,5.0,20240406.0,Received
2836,20240524,1,175,50,405.0,20250.0,5.0,20240529.0,Received
2837,20240724,1,175,50,405.0,20250.0,7.0,20240731.0,Received
2838,20240907,1,175,50,405.0,20250.0,5.0,20240912.0,Received
2839,20241103,1,175,50,405.0,20250.0,10.0,20241113.0,Received
2840,20250118,1,175,50,405.0,20250.0,8.0,20250126.0,Received
2841,20250311,1,175,50,405.0,20250.0,10.0,20250321.0,Received
2842,20250517,1,175,50,405.0,20250.0,9.0,20250526.0,Received
2843,20250718,1,175,50,405.0,20250.0,11.0,20250729.0,Received
2844,20251004,1,175,50,405.0,20250.0,5.0,20251009.0,Received
2845,20251230,1,175,50,405.0,20250.0,10.0,20260109.0,Received
2846,20230222,1,176,50,405.0,20250.0,6.0,20230228.0,Received
2847,20230520,1,176,50,405.0,20250.0,11.0,20230531.0,Received
2848,20230718,1,176,50,405.0,20250.0,5.0,20230723.0,Received
2849,20230916,1,176,50,405.0,20250.0,9.0,20230925.0,Received
2850,20231208,1,176,50,405.0,20250.0,11.0,20231219.0,Received
2851,20240229,1,176,50,405.0,20250.0,6.0,20240306.0,Received
2852,20240508,1,176,50,405.0,20250.0,5.0,20240513.0,Received
2853,20240629,1,176,50,405.0,20250.0,8.0,20240707.0,Received
2854,20240904,1,176,50,405.0,20250.0,10.0,20240914.0,Received
2855,20241108,1,176,50,405.0,20250.0,8.0,20241116.0,Received
2856,20241224,1,176,50,405.0,20250.0,9.0,20250102.0,Received
2857,20250305,1,176,50,405.0,20250.0,6.0,20250311.0,Received
2858,20250506,1,176,50,405.0,20250.0,6.0,20250512.0,Received
2859,20250801,1,176,50,405.0,20250.0,6.0,20250807.0,Received
2860,20251006,1,176,50,405.0,20250.0,10.0,20251016.0,Received
2861,20251122,1,176,50,405.0,20250.0,7.0,20251129.0,Received
2862,20260119,1,176,50,405.0,20250.0,8.0,20260127.0,Received
2863,20230216,1,177,50,405.0,20250.0,7.0,20230223.0,Received
2864,20230402,1,177,50,405.0,20250.0,11.0,20230413.0,Received
2865,20230527,1,177,50,405.0,20250.0,11.0,20230607.0,Received
2866,20230712,1,177,50,405.0,20250.0,9.0,20230721.0,Received
2867,20230909,1,177,50,405.0,20250.0,6.0,20230915.0,Received
2868,20231106,1,177,50,405.0,20250.0,8.0,20231114.0,Received
2869,20240117,1,177,50,405.0,20250.0,,,Confirmed
2870,20240331,1,177,50,405.0,20250.0,6.0,20240406.0,Received
2871,20240611,1,177,50,405.0,20250.0,11.0,20240622.0,Received
2872,20240816,1,177,50,405.0,20250.0,10.0,20240826.0,Received
2873,20241006,1,177,50,405.0,20250.0,5.0,20241011.0,Received
2874,20241207,1,177,50,405.0,20250.0,6.0,20241213.0,Received
2875,20250303,1,177,50,405.0,20250.0,8.0,20250311.0,Received
2876,20250517,1,177,50,405.0,20250.0,7.0,20250524.0,Received
2877,20250803,1,177,50,405.0,20250.0,,,Confirmed
2878,20251026,1,177,50,405.0,20250.0,8.0,20251103.0,Received
2879,20260107,1,177,50,405.0,20250.0,9.0,20260116.0,Received
2880,20230218,1,178,50,405.0,20250.0,8.0,20230226.0,Received
2881,20230503,1,178,50,405.0,20250.0,10.0,20230513.0,Received
2882,20230711,1,178,50,405.0,20250.0,10.0,20230721.0,Received
2883,20230907,1,178,50,405.0,20250.0,9.0,20230916.0,Received
2884,20231114,1,178,50,405.0,20250.0,6.0,20231120.0,Received
2885,20240211,1,178,50,405.0,20250.0,5.0,20240216.0,Received
2886,20240411,1,178,50,405.0,20250.0,6.0,20240417.0,Received
2887,20240627,1,178,50,405.0,20250.0,5.0,20240702.0,Received
2888,20240908,1,178,50,405.0,20250.0,,,Confirmed
2889,20241110,1,178,50,405.0,20250.0,11.0,20241121.0,Received
2890,20250102,1,178,50,405.0,20250.0,5.0,20250107.0,Received
2891,20250326,1,178,50,405.0,20250.0,10.0,20250405.0,Received
2892,20250603,1,178,50,405.0,20250.0,10.0,20250613.0,Received
2893,20250825,1,178,50,405.0,20250.0,11.0,20250905.0,Received
2894,20251106,1,178,50,405.0,20250.0,6.0,20251112.0,Received
2895,20251228,1,178,50,405.0,20250.0,7.0,20260104.0,Received
2896,20230321,1,179,53,405.0,21465.0,,,Confirmed
2897,20230519,1,179,53,405.0,21465.0,6.0,20230525.0,Received
2898,20230809,1,179,53,405.0,21465.0,8.0,20230817.0,Received
2899,20231014,1,179,53,405.0,21465.0,11.0,20231025.0,Received
2900,20240107,1,179,53,405.0,21465.0,11.0,20240118.0,Received
2901,20240302,1,179,53,405.0,21465.0,8.0,20240310.0,Received
2902,20240526,1,179,53,405.0,21465.0,8.0,20240603.0,Received
2903,20240807,1,179,53,405.0,21465.0,7.0,20240814.0,Received
2904,20241102,1,179,53,405.0,21465.0,11.0,20241113.0,Received
2905,20250124,1,179,53,405.0,21465.0,5.0,20250129.0,Received
2906,20250416,1,179,53,405.0,21465.0,6.0,20250422.0,Received
2907,20250703,1,179,53,405.0,21465.0,9.0,20250712.0,Received
2908,20250909,1,179,53,405.0,21465.0,6.0,20250915.0,Received
2909,20251025,1,179,53,405.0,21465.0,8.0,20251102.0,Received
2910,20260115,1,179,53,405.0,21465.0,9.0,20260124.0,Received
2911,20230318,1,180,50,405.0,20250.0,7.0,20230325.0,Received
2912,20230517,1,180,50,405.0,20250.0,10.0,20230527.0,Received
2913,20230712,1,180,50,405.0,20250.0,6.0,20230718.0,Received
2914,20230826,1,180,50,405.0,20250.0,11.0,20230906.0,Received
2915,20231108,1,180,50,405.0,20250.0,6.0,20231114.0,Received
2916,20240112,1,180,50,405.0,20250.0,5.0,20240117.0,Received
2917,20240304,1,180,50,405.0,20250.0,9.0,20240313.0,Received
2918,20240519,1,180,50,405.0,20250.0,11.0,20240530.0,Received
2919,20240813,1,180,50,405.0,20250.0,7.0,20240820.0,Received
2920,20241007,1,180,50,405.0,20250.0,5.0,20241012.0,Received
2921,20241121,1,180,50,405.0,20250.0,7.0,20241128.0,Received
2922,20250208,1,180,50,405.0,20250.0,6.0,20250214.0,Received
2923,20250424,1,180,50,405.0,20250.0,6.0,20250430.0,Received
2924,20250610,1,180,50,405.0,20250.0,8.0,20250618.0,Received
2925,20250819,1,180,50,405.0,20250.0,7.0,20250826.0,Received
2926,20251016,1,180,50,405.0,20250.0,11.0,20251027.0,Received
2927,20251231,1,180,50,405.0,20250.0,6.0,20260106.0,Received
2928,20230316,1,181,50,405.0,20250.0,8.0,20230324.0,Received
2929,20230522,1,181,50,405.0,20250.0,10.0,20230601.0,Received
2930,20230710,1,181,50,405.0,20250.0,11.0,20230721.0,Received
2931,20230929,1,181,50,405.0,20250.0,6.0,20231005.0,Received
2932,20231118,1,181,50,405.0,20250.0,10.0,20231128.0,Received
2933,20240123,1,181,50,405.0,20250.0,8.0,20240131.0,Received
2934,20240314,1,181,50,405.0,20250.0,,,Confirmed
2935,20240503,1,181,50,405.0,20250.0,11.0,20240514.0,Received
2936,20240712,1,181,50,405.0,20250.0,,,Cancelled
2937,20240827,1,181,50,405.0,20250.0,7.0,20240903.0,Received
2938,20241020,1,181,50,405.0,20250.0,8.0,20241028.0,Received
2939,20250103,1,181,50,405.0,20250.0,11.0,20250114.0,Received
2940,20250221,1,181,50,405.0,20250.0,10.0,20250303.0,Received
2941,20250421,1,181,50,405.0,20250.0,11.0,20250502.0,Received
2942,20250714,1,181,50,405.0,20250.0,10.0,20250724.0,Received
2943,20250912,1,181,50,405.0,20250.0,7.0,20250919.0,Received
2944,20251030,1,181,50,405.0,20250.0,10.0,20251109.0,Received
2945,20251215,1,181,50,405.0,20250.0,10.0,20251225.0,Received
2946,20230331,1,182,50,405.0,20250.0,9.0,20230409.0,Received
2947,20230518,1,182,50,405.0,20250.0,8.0,20230526.0,Received
2948,20230704,1,182,50,405.0,20250.0,5.0,20230709.0,Received
2949,20230910,1,182,50,405.0,20250.0,10.0,20230920.0,Received
2950,20231201,1,182,50,405.0,20250.0,,,Confirmed
2951,20240212,1,182,50,405.0,20250.0,7.0,20240219.0,Received
2952,20240430,1,182,50,405.0,20250.0,11.0,20240511.0,Received
2953,20240716,1,182,50,405.0,20250.0,8.0,20240724.0,Received
2954,20241010,1,182,50,405.0,20250.0,10.0,20241020.0,Received
2955,20250102,1,182,50,405.0,20250.0,11.0,20250113.0,Received
2956,20250228,1,182,50,405.0,20250.0,10.0,20250310.0,Received
2957,20250510,1,182,50,405.0,20250.0,11.0,20250521.0,Received
2958,20250705,1,182,50,405.0,20250.0,10.0,20250715.0,Received
2959,20250831,1,182,50,405.0,20250.0,8.0,20250908.0,Received
2960,20251117,1,182,50,405.0,20250.0,7.0,20251124.0,Received
2961,20260117,1,182,50,405.0,20250.0,6.0,20260123.0,Received
2962,20230320,1,183,50,405.0,20250.0,7.0,20230327.0,Received
2963,20230613,1,183,50,405.0,20250.0,9.0,20230622.0,Received
2964,20230813,1,183,50,405.0,20250.0,10.0,20230823.0,Received
2965,20231013,1,183,50,405.0,20250.0,,,Confirmed
2966,20240109,1,183,50,405.0,20250.0,11.0,20240120.0,Received
2967,20240316,1,183,50,405.0,20250.0,7.0,20240323.0,Received
2968,20240527,1,183,50,405.0,20250.0,8.0,20240604.0,Received
2969,20240715,1,183,50,405.0,20250.0,5.0,20240720.0,Received
2970,20240829,1,183,50,405.0,20250.0,9.0,20240907.0,Received
2971,20241104,1,183,50,405.0,20250.0,,,Cancelled
2972,20250106,1,183,50,405.0,20250.0,11.0,20250117.0,Received
2973,20250312,1,183,50,405.0,20250.0,10.0,20250322.0,Received
2974,20250520,1,183,50,405.0,20250.0,,,Cancelled
2975,20250806,1,183,50,405.0,20250.0,11.0,20250817.0,Received
2976,20250921,1,183,50,405.0,20250.0,6.0,20250927.0,Received
2977,20251213,1,183,50,405.0,20250.0,10.0,20251223.0,Received
2978,20230308,1,184,50,405.0,20250.0,5.0,20230313.0,Received
2979,20230422,1,184,50,405.0,20250.0,5.0,20230427.0,Received
2980,20230621,1,184,50,405.0,20250.0,8.0,20230629.0,Received
2981,20230811,1,184,50,405.0,20250.0,11.0,20230822.0,Received
2982,20231027,1,184,50,405.0,20250.0,8.0,20231104.0,Received
2983,20240108,1,184,50,405.0,20250.0,8.0,20240116.0,Received
2984,20240308,1,184,50,405.0,20250.0,,,Cancelled
2985,20240524,1,184,50,405.0,20250.0,9.0,20240602.0,Received
2986,20240815,1,184,50,405.0,20250.0,11.0,20240826.0,Received
2987,20241112,1,184,50,405.0,20250.0,11.0,20241123.0,Received
2988,20250111,1,184,50,405.0,20250.0,,,Confirmed
2989,20250324,1,184,50,405.0,20250.0,10.0,20250403.0,Received
2990,20250528,1,184,50,405.0,20250.0,8.0,20250605.0,Received
2991,20250816,1,184,50,405.0,20250.0,9.0,20250825.0,Received
2992,20251031,1,184,50,405.0,20250.0,7.0,20251107.0,Received
2993,20260107,1,184,50,405.0,20250.0,7.0,20260114.0,Received
2994,20230224,1,185,50,405.0,20250.0,8.0,20230304.0,Received
2995,20230422,1,185,50,405.0,20250.0,10.0,20230502.0,Received
2996,20230709,1,185,50,405.0,20250.0,,,Confirmed
2997,20230914,1,185,50,405.0,20250.0,8.0,20230922.0,Received
2998,20231129,1,185,50,405.0,20250.0,6.0,20231205.0,Received
2999,20240222,1,185,50,405.0,20250.0,9.0,20240302.0,Received
3000,20240510,1,185,50,405.0,20250.0,7.0,20240517.0,Received
3001,20240717,1,185,50,405.0,20250.0,10.0,20240727.0,Received
3002,20240906,1,185,50,405.0,20250.0,10.0,20240916.0,Received
3003,20241103,1,185,50,405.0,20250.0,7.0,20241110.0,Received
3004,20250106,1,185,50,405.0,20250.0,6.0,20250112.0,Received
3005,20250220,1,185,50,405.0,20250.0,8.0,20250228.0,Received
3006,20250418,1,185,50,405.0,20250.0,5.0,20250423.0,Received
3007,20250623,1,185,50,405.0,20250.0,,,Cancelled
3008,20250831,1,185,50,405.0,20250.0,9.0,20250909.0,Received
3009,20251120,1,185,50,405.0,20250.0,6.0,20251126.0,Received
3010,20260120,1,185,50,405.0,20250.0,11.0,20260131.0,Received
3011,20230309,1,186,50,405.0,20250.0,8.0,20230317.0,Received
3012,20230520,1,186,50,405.0,20250.0,7.0,20230527.0,Received
3013,20230709,1,186,50,405.0,20250.0,10.0,20230719.0,Received
3014,20230928,1,186,50,405.0,20250.0,,,Cancelled
3015,20231222,1,186,50,405.0,20250.0,5.0,20231227.0,Received
3016,20240308,1,186,50,405.0,20250.0,,,Cancelled
3017,20240523,1,186,50,405.0,20250.0,9.0,20240601.0,Received
3018,20240811,1,186,50,405.0,20250.0,10.0,20240821.0,Received
3019,20241016,1,186,50,405.0,20250.0,8.0,20241024.0,Received
3020,20241217,1,186,50,405.0,20250.0,7.0,20241224.0,Received
3021,20250131,1,186,50,405.0,20250.0,5.0,20250205.0,Received
3022,20250414,1,186,50,405.0,20250.0,5.0,20250419.0,Received
3023,20250707,1,186,50,405.0,20250.0,11.0,20250718.0,Received
3024,20250919,1,186,50,405.0,20250.0,5.0,20250924.0,Received
3025,20251123,1,186,50,405.0,20250.0,9.0,20251202.0,Received
3026,20230226,1,187,50,405.0,20250.0,8.0,20230306.0,Received
3027,20230417,1,187,50,405.0,20250.0,6.0,20230423.0,Received
3028,20230629,1,187,50,405.0,20250.0,6.0,20230705.0,Received
3029,20230829,1,187,50,405.0,20250.0,6.0,20230904.0,Received
3030,20231026,1,187,50,405.0,20250.0,9.0,20231104.0,Received
3031,20240110,1,187,50,405.0,20250.0,,,Cancelled
3032,20240404,1,187,50,405.0,20250.0,,,Confirmed
3033,20240601,1,187,50,405.0,20250.0,5.0,20240606.0,Received
3034,20240804,1,187,50,405.0,20250.0,,,Confirmed
3035,20241007,1,187,50,405.0,20250.0,10.0,20241017.0,Received
3036,20241209,1,187,50,405.0,20250.0,9.0,20241218.0,Received
3037,20250211,1,187,50,405.0,20250.0,7.0,20250218.0,Received
3038,20250424,1,187,50,405.0,20250.0,,,Cancelled
3039,20250718,1,187,50,405.0,20250.0,8.0,20250726.0,Received
3040,20250928,1,187,50,405.0,20250.0,,,Confirmed
3041,20251130,1,187,50,405.0,20250.0,7.0,20251207.0,Received
3042,20230301,1,188,50,405.0,20250.0,,,Cancelled
3043,20230416,1,188,50,405.0,20250.0,10.0,20230426.0,Received
3044,20230612,1,188,50,405.0,20250.0,,,Confirmed
3045,20230805,1,188,50,405.0,20250.0,10.0,20230815.0,Received
3046,20231005,1,188,50,405.0,20250.0,,,Cancelled
3047,20231123,1,188,50,405.0,20250.0,10.0,20231203.0,Received
3048,20240215,1,188,50,405.0,20250.0,7.0,20240222.0,Received
3049,20240510,1,188,50,405.0,20250.0,11.0,20240521.0,Received
3050,20240724,1,188,50,405.0,20250.0,9.0,20240802.0,Received
3051,20241013,1,188,50,405.0,20250.0,6.0,20241019.0,Received
3052,20241205,1,188,50,405.0,20250.0,,,Confirmed
3053,20250213,1,188,50,405.0,20250.0,6.0,20250219.0,Received
3054,20250430,1,188,50,405.0,20250.0,9.0,20250509.0,Received
3055,20250726,1,188,50,405.0,20250.0,7.0,20250802.0,Received
3056,20251006,1,188,50,405.0,20250.0,6.0,20251012.0,Received
3057,20251220,1,188,50,405.0,20250.0,8.0,20251228.0,Received
3058,20230313,1,189,50,405.0,20250.0,10.0,20230323.0,Received
3059,20230514,1,189,50,405.0,20250.0,,,Confirmed
3060,20230709,1,189,50,405.0,20250.0,8.0,20230717.0,Received
3061,20230927,1,189,50,405.0,20250.0,9.0,20231006.0,Received
3062,20231205,1,189,50,405.0,20250.0,6.0,20231211.0,Received
3063,20240221,1,189,50,405.0,20250.0,,,Confirmed
3064,20240411,1,189,50,405.0,20250.0,10.0,20240421.0,Received
3065,20240709,1,189,50,405.0,20250.0,7.0,20240716.0,Received
3066,20240927,1,189,50,405.0,20250.0,7.0,20241004.0,Received
3067,20241122,1,189,50,405.0,20250.0,7.0,20241129.0,Received
3068,20250122,1,189,50,405.0,20250.0,8.0,20250130.0,Received
3069,20250311,1,189,50,405.0,20250.0,5.0,20250316.0,Received
3070,20250523,1,189,50,405.0,20250.0,5.0,20250528.0,Received
3071,20250707,1,189,50,405.0,20250.0,6.0,20250713.0,Received
3072,20250917,1,189,50,405.0,20250.0,10.0,20250927.0,Received
3073,20251128,1,189,50,405.0,20250.0,5.0,20251203.0,Received
3074,20260128,1,189,50,405.0,20250.0,11.0,20260208.0,Received
3075,20230305,1,190,50,405.0,20250.0,7.0,20230312.0,Received
3076,20230528,1,190,50,405.0,20250.0,11.0,20230608.0,Received
3077,20230824,1,190,50,405.0,20250.0,9.0,20230902.0,Received
3078,20231102,1,190,50,405.0,20250.0,8.0,20231110.0,Received
3079,20231222,1,190,50,405.0,20250.0,9.0,20231231.0,Received
3080,20240320,1,190,50,405.0,20250.0,6.0,20240326.0,Received
3081,20240511,1,190,50,405.0,20250.0,5.0,20240516.0,Received
3082,20240709,1,190,50,405.0,20250.0,9.0,20240718.0,Received
3083,20240909,1,190,50,405.0,20250.0,6.0,20240915.0,Received
3084,20241029,1,190,50,405.0,20250.0,7.0,20241105.0,Received
3085,20250118,1,190,50,405.0,20250.0,7.0,20250125.0,Received
3086,20250305,1,190,50,405.0,20250.0,11.0,20250316.0,Received
3087,20250510,1,190,50,405.0,20250.0,10.0,20250520.0,Received
3088,20250716,1,190,50,405.0,20250.0,8.0,20250724.0,Received
3089,20251002,1,190,50,405.0,20250.0,5.0,20251007.0,Received
3090,20251219,1,190,50,405.0,20250.0,5.0,20251224.0,Received
3091,20230226,1,191,50,405.0,20250.0,7.0,20230305.0,Received
3092,20230422,1,191,50,405.0,20250.0,11.0,20230503.0,Received
3093,20230619,1,191,50,405.0,20250.0,9.0,20230628.0,Received
3094,20230831,1,191,50,405.0,20250.0,10.0,20230910.0,Received
3095,20231104,1,191,50,405.0,20250.0,11.0,20231115.0,Received
3096,20231221,1,191,50,405.0,20250.0,7.0,20231228.0,Received
3097,20240213,1,191,50,405.0,20250.0,,,Cancelled
3098,20240504,1,191,50,405.0,20250.0,10.0,20240514.0,Received
3099,20240713,1,191,50,405.0,20250.0,,,Confirmed
3100,20240831,1,191,50,405.0,20250.0,8.0,20240908.0,Received
3101,20241017,1,191,50,405.0,20250.0,7.0,20241024.0,Received
3102,20241211,1,191,50,405.0,20250.0,9.0,20241220.0,Received
3103,20250227,1,191,50,405.0,20250.0,,,Cancelled
3104,20250519,1,191,50,405.0,20250.0,11.0,20250530.0,Received
3105,20250726,1,191,50,405.0,20250.0,6.0,20250801.0,Received
3106,20250916,1,191,50,405.0,20250.0,10.0,20250926.0,Received
3107,20251115,1,191,50,405.0,20250.0,,,Confirmed
3108,20260122,1,191,50,405.0,20250.0,10.0,20260201.0,Received
3109,20230313,1,192,50,405.0,20250.0,11.0,20230324.0,Received
3110,20230429,1,192,50,405.0,20250.0,8.0,20230507.0,Received
3111,20230614,1,192,50,405.0,20250.0,9.0,20230623.0,Received
3112,20230824,1,192,50,405.0,20250.0,9.0,20230902.0,Received
3113,20231106,1,192,50,405.0,20250.0,5.0,20231111.0,Received
3114,20240131,1,192,50,405.0,20250.0,10.0,20240210.0,Received
3115,20240402,1,192,50,405.0,20250.0,9.0,20240411.0,Received
3116,20240529,1,192,50,405.0,20250.0,7.0,20240605.0,Received
3117,20240716,1,192,50,405.0,20250.0,11.0,20240727.0,Received
3118,20240909,1,192,50,405.0,20250.0,8.0,20240917.0,Received
3119,20241130,1,192,50,405.0,20250.0,10.0,20241210.0,Received
3120,20250116,1,192,50,405.0,20250.0,,,Cancelled
3121,20250315,1,192,50,405.0,20250.0,8.0,20250323.0,Received
3122,20250501,1,192,50,405.0,20250.0,6.0,20250507.0,Received
3123,20250620,1,192,50,405.0,20250.0,,,Cancelled
3124,20250818,1,192,50,405.0,20250.0,5.0,20250823.0,Received
3125,20251112,1,192,50,405.0,20250.0,,,Confirmed
3126,20260112,1,192,50,405.0,20250.0,7.0,20260119.0,Received
3127,20230309,1,193,50,405.0,20250.0,5.0,20230314.0,Received
3128,20230426,1,193,50,405.0,20250.0,7.0,20230503.0,Received
3129,20230709,1,193,50,405.0,20250.0,9.0,20230718.0,Received
3130,20230830,1,193,50,405.0,20250.0,6.0,20230905.0,Received
3131,20231030,1,193,50,405.0,20250.0,9.0,20231108.0,Received
3132,20240121,1,193,50,405.0,20250.0,6.0,20240127.0,Received
3133,20240327,1,193,50,405.0,20250.0,5.0,20240401.0,Received
3134,20240607,1,193,50,405.0,20250.0,8.0,20240615.0,Received
3135,20240819,1,193,50,405.0,20250.0,,,Cancelled
3136,20241102,1,193,50,405.0,20250.0,5.0,20241107.0,Received
3137,20250111,1,193,50,405.0,20250.0,6.0,20250117.0,Received
3138,20250328,1,193,50,405.0,20250.0,9.0,20250406.0,Received
3139,20250608,1,193,50,405.0,20250.0,9.0,20250617.0,Received
3140,20250726,1,193,50,405.0,20250.0,5.0,20250731.0,Received
3141,20250918,1,193,50,405.0,20250.0,,,Confirmed
3142,20251124,1,193,50,405.0,20250.0,7.0,20251201.0,Received
3143,20230315,1,194,50,405.0,20250.0,7.0,20230322.0,Received
3144,20230530,1,194,50,405.0,20250.0,10.0,20230609.0,Received
3145,20230825,1,194,50,405.0,20250.0,,,Cancelled
3146,20231022,1,194,50,405.0,20250.0,6.0,20231028.0,Received
3147,20231228,1,194,50,405.0,20250.0,7.0,20240104.0,Received
3148,20240301,1,194,50,405.0,20250.0,6.0,20240307.0,Received
3149,20240501,1,194,50,405.0,20250.0,10.0,20240511.0,Received
3150,20240709,1,194,50,405.0,20250.0,8.0,20240717.0,Received
3151,20240830,1,194,50,405.0,20250.0,,,Cancelled
3152,20241114,1,194,50,405.0,20250.0,6.0,20241120.0,Received
3153,20250104,1,194,50,405.0,20250.0,11.0,20250115.0,Received
3154,20250320,1,194,50,405.0,20250.0,,,Cancelled
3155,20250513,1,194,50,405.0,20250.0,6.0,20250519.0,Received
3156,20250728,1,194,50,405.0,20250.0,7.0,20250804.0,Received
3157,20250922,1,194,50,405.0,20250.0,8.0,20250930.0,Received
3158,20251128,1,194,50,405.0,20250.0,5.0,20251203.0,Received
3159,20260119,1,194,50,405.0,20250.0,7.0,20260126.0,Received
3160,20230329,1,195,50,405.0,20250.0,8.0,20230406.0,Received
3161,20230522,1,195,50,405.0,20250.0,8.0,20230530.0,Received
3162,20230806,1,195,50,405.0,20250.0,6.0,20230812.0,Received
3163,20231016,1,195,50,405.0,20250.0,6.0,20231022.0,Received
3164,20240113,1,195,50,405.0,20250.0,6.0,20240119.0,Received
3165,20240304,1,195,50,405.0,20250.0,6.0,20240310.0,Received
3166,20240508,1,195,50,405.0,20250.0,9.0,20240517.0,Received
3167,20240727,1,195,50,405.0,20250.0,6.0,20240802.0,Received
3168,20241011,1,195,50,405.0,20250.0,9.0,20241020.0,Received
3169,20250101,1,195,50,405.0,20250.0,8.0,20250109.0,Received
3170,20250305,1,195,50,405.0,20250.0,5.0,20250310.0,Received
3171,20250517,1,195,50,405.0,20250.0,8.0,20250525.0,Received
3172,20250722,1,195,50,405.0,20250.0,10.0,20250801.0,Received
3173,20251017,1,195,50,405.0,20250.0,6.0,20251023.0,Received
3174,20251224,1,195,50,405.0,20250.0,5.0,20251229.0,Received
3175,20230307,1,196,50,405.0,20250.0,,,Cancelled
3176,20230426,1,196,50,405.0,20250.0,7.0,20230503.0,Received
3177,20230703,1,196,50,405.0,20250.0,10.0,20230713.0,Received
3178,20230923,1,196,50,405.0,20250.0,11.0,20231004.0,Received
3179,20231211,1,196,50,405.0,20250.0,6.0,20231217.0,Received
3180,20240218,1,196,50,405.0,20250.0,6.0,20240224.0,Received
3181,20240501,1,196,50,405.0,20250.0,7.0,20240508.0,Received
3182,20240617,1,196,50,405.0,20250.0,7.0,20240624.0,Received
3183,20240827,1,196,50,405.0,20250.0,11.0,20240907.0,Received
3184,20241111,1,196,50,405.0,20250.0,8.0,20241119.0,Received
3185,20250204,1,196,50,405.0,20250.0,6.0,20250210.0,Received
3186,20250426,1,196,50,405.0,20250.0,7.0,20250503.0,Received
3187,20250614,1,196,50,405.0,20250.0,5.0,20250619.0,Received
3188,20250812,1,196,50,405.0,20250.0,11.0,20250823.0,Received
3189,20251008,1,196,50,405.0,20250.0,8.0,20251016.0,Received
3190,20251129,1,196,50,405.0,20250.0,7.0,20251206.0,Received
3191,20260127,1,196,50,405.0,20250.0,11.0,20260207.0,Received
3192,20230224,1,197,50,405.0,20250.0,9.0,20230305.0,Received
3193,20230521,1,197,50,405.0,20250.0,11.0,20230601.0,Received
3194,20230705,1,197,50,405.0,20250.0,10.0,20230715.0,Received
3195,20230925,1,197,50,405.0,20250.0,9.0,20231004.0,Received
3196,20231215,1,197,50,405.0,20250.0,7.0,20231222.0,Received
3197,20240205,1,197,50,405.0,20250.0,8.0,20240213.0,Received
3198,20240405,1,197,50,405.0,20250.0,8.0,20240413.0,Received
3199,20240618,1,197,50,405.0,20250.0,11.0,20240629.0,Received
3200,20240903,1,197,50,405.0,20250.0,6.0,20240909.0,Received
3201,20241028,1,197,50,405.0,20250.0,7.0,20241104.0,Received
3202,20241231,1,197,50,405.0,20250.0,7.0,20250107.0,Received
3203,20250227,1,197,50,405.0,20250.0,7.0,20250306.0,Received
3204,20250429,1,197,50,405.0,20250.0,10.0,20250509.0,Received
3205,20250719,1,197,50,405.0,20250.0,5.0,20250724.0,Received
3206,20250914,1,197,50,405.0,20250.0,9.0,20250923.0,Received
3207,20251102,1,197,50,405.0,20250.0,10.0,20251112.0,Received
3208,20260108,1,197,50,405.0,20250.0,7.0,20260115.0,Received
3209,20230226,1,198,50,405.0,20250.0,11.0,20230309.0,Received
3210,20230521,1,198,50,405.0,20250.0,8.0,20230529.0,Received
3211,20230720,1,198,50,405.0,20250.0,6.0,20230726.0,Received
3212,20230911,1,198,50,405.0,20250.0,5.0,20230916.0,Received
3213,20231030,1,198,50,405.0,20250.0,7.0,20231106.0,Received
3214,20240111,1,198,50,405.0,20250.0,5.0,20240116.0,Received
3215,20240316,1,198,50,405.0,20250.0,8.0,20240324.0,Received
3216,20240527,1,198,50,405.0,20250.0,9.0,20240605.0,Received
3217,20240722,1,198,50,405.0,20250.0,6.0,20240728.0,Received
3218,20240909,1,198,50,405.0,20250.0,11.0,20240920.0,Received
3219,20241031,1,198,50,405.0,20250.0,9.0,20241109.0,Received
3220,20250106,1,198,50,405.0,20250.0,8.0,20250114.0,Received
3221,20250228,1,198,50,405.0,20250.0,8.0,20250308.0,Received
3222,20250421,1,198,50,405.0,20250.0,,,Cancelled
3223,20250614,1,198,50,405.0,20250.0,5.0,20250619.0,Received
3224,20250802,1,198,50,405.0,20250.0,5.0,20250807.0,Received
3225,20250918,1,198,50,405.0,20250.0,11.0,20250929.0,Received
3226,20251123,1,198,50,405.0,20250.0,9.0,20251202.0,Received
3227,20260127,1,198,50,405.0,20250.0,6.0,20260202.0,Received
3228,20230223,1,199,52,405.0,21060.0,8.0,20230303.0,Received
3229,20230413,1,199,52,405.0,21060.0,5.0,20230418.0,Received
3230,20230621,1,199,52,405.0,21060.0,5.0,20230626.0,Received
3231,20230820,1,199,52,405.0,21060.0,,,Cancelled
3232,20231101,1,199,52,405.0,21060.0,9.0,20231110.0,Received
3233,20240125,1,199,52,405.0,21060.0,5.0,20240130.0,Received
3234,20240422,1,199,52,405.0,21060.0,7.0,20240429.0,Received
3235,20240627,1,199,52,405.0,21060.0,8.0,20240705.0,Received
3236,20240909,1,199,52,405.0,21060.0,9.0,20240918.0,Received
3237,20241027,1,199,52,405.0,21060.0,,,Cancelled
3238,20241224,1,199,52,405.0,21060.0,7.0,20241231.0,Received
3239,20250214,1,199,52,405.0,21060.0,11.0,20250225.0,Received
3240,20250425,1,199,52,405.0,21060.0,11.0,20250506.0,Received
3241,20250704,1,199,52,405.0,21060.0,,,Confirmed
3242,20250926,1,199,52,405.0,21060.0,7.0,20251003.0,Received
3243,20251215,1,199,52,405.0,21060.0,8.0,20251223.0,Received
3244,20230227,1,200,50,405.0,20250.0,6.0,20230305.0,Received
3245,20230521,1,200,50,405.0,20250.0,,,Cancelled
3246,20230715,1,200,50,405.0,20250.0,10.0,20230725.0,Received
3247,20230919,1,200,50,405.0,20250.0,5.0,20230924.0,Received
3248,20231121,1,200,50,405.0,20250.0,8.0,20231129.0,Received
3249,20240122,1,200,50,405.0,20250.0,,,Confirmed
3250,20240402,1,200,50,405.0,20250.0,5.0,20240407.0,Received
3251,20240525,1,200,50,405.0,20250.0,11.0,20240605.0,Received
3252,20240718,1,200,50,405.0,20250.0,11.0,20240729.0,Received
3253,20240903,1,200,50,405.0,20250.0,6.0,20240909.0,Received
3254,20241118,1,200,50,405.0,20250.0,6.0,20241124.0,Received
3255,20250214,1,200,50,405.0,20250.0,8.0,20250222.0,Received
3256,20250417,1,200,50,405.0,20250.0,11.0,20250428.0,Received
3257,20250630,1,200,50,405.0,20250.0,5.0,20250705.0,Received
3258,20250828,1,200,50,405.0,20250.0,7.0,20250904.0,Received
3259,20251028,1,200,50,405.0,20250.0,7.0,20251104.0,Received
3260,20260121,1,200,50,405.0,20250.0,,,Confirmed
3261,20230317,1,201,50,405.0,20250.0,9.0,20230326.0,Received
3262,20230523,1,201,50,405.0,20250.0,,,Confirmed
3263,20230730,1,201,50,405.0,20250.0,5.0,20230804.0,Received
3264,20231001,1,201,50,405.0,20250.0,10.0,20231011.0,Received
3265,20231130,1,201,50,405.0,20250.0,7.0,20231207.0,Received
3266,20240115,1,201,50,405.0,20250.0,11.0,20240126.0,Received
3267,20240328,1,201,50,405.0,20250.0,6.0,20240403.0,Received
3268,20240615,1,201,50,405.0,20250.0,6.0,20240621.0,Received
3269,20240901,1,201,50,405.0,20250.0,11.0,20240912.0,Received
3270,20241123,1,201,50,405.0,20250.0,6.0,20241129.0,Received
3271,20250213,1,201,50,405.0,20250.0,11.0,20250224.0,Received
3272,20250422,1,201,50,405.0,20250.0,10.0,20250502.0,Received
3273,20250615,1,201,50,405.0,20250.0,5.0,20250620.0,Received
3274,20250814,1,201,50,405.0,20250.0,11.0,20250825.0,Received
3275,20251006,1,201,50,405.0,20250.0,10.0,20251016.0,Received
3276,20251216,1,201,50,405.0,20250.0,11.0,20251227.0,Received
3277,20230314,1,202,50,405.0,20250.0,10.0,20230324.0,Received
3278,20230530,1,202,50,405.0,20250.0,8.0,20230607.0,Received
3279,20230801,1,202,50,405.0,20250.0,8.0,20230809.0,Received
3280,20231026,1,202,50,405.0,20250.0,11.0,20231106.0,Received
3281,20240120,1,202,50,405.0,20250.0,7.0,20240127.0,Received
3282,20240315,1,202,50,405.0,20250.0,,,Confirmed
3283,20240514,1,202,50,405.0,20250.0,8.0,20240522.0,Received
3284,20240807,1,202,50,405.0,20250.0,6.0,20240813.0,Received
3285,20241020,1,202,50,405.0,20250.0,8.0,20241028.0,Received
3286,20250112,1,202,50,405.0,20250.0,6.0,20250118.0,Received
3287,20250307,1,202,50,405.0,20250.0,6.0,20250313.0,Received
3288,20250429,1,202,50,405.0,20250.0,6.0,20250505.0,Received
3289,20250713,1,202,50,405.0,20250.0,8.0,20250721.0,Received
3290,20251006,1,202,50,405.0,20250.0,11.0,20251017.0,Received
3291,20251221,1,202,50,405.0,20250.0,7.0,20251228.0,Received
3292,20230223,1,203,50,405.0,20250.0,11.0,20230306.0,Received
3293,20230516,1,203,50,405.0,20250.0,8.0,20230524.0,Received
3294,20230704,1,203,50,405.0,20250.0,,,Confirmed
3295,20230921,1,203,50,405.0,20250.0,,,Confirmed
3296,20231208,1,203,50,405.0,20250.0,7.0,20231215.0,Received
3297,20240302,1,203,50,405.0,20250.0,5.0,20240307.0,Received
3298,20240430,1,203,50,405.0,20250.0,10.0,20240510.0,Received
3299,20240719,1,203,50,405.0,20250.0,5.0,20240724.0,Received
3300,20241015,1,203,50,405.0,20250.0,6.0,20241021.0,Received
3301,20241221,1,203,50,405.0,20250.0,9.0,20241230.0,Received
3302,20250219,1,203,50,405.0,20250.0,8.0,20250227.0,Received
3303,20250501,1,203,50,405.0,20250.0,8.0,20250509.0,Received
3304,20250729,1,203,50,405.0,20250.0,6.0,20250804.0,Received
3305,20251026,1,203,50,405.0,20250.0,8.0,20251103.0,Received
3306,20260103,1,203,50,405.0,20250.0,,,Cancelled
3307,20230225,1,204,50,405.0,20250.0,6.0,20230303.0,Received
3308,20230521,1,204,50,405.0,20250.0,11.0,20230601.0,Received
3309,20230712,1,204,50,405.0,20250.0,8.0,20230720.0,Received
3310,20231008,1,204,50,405.0,20250.0,11.0,20231019.0,Received
3311,20231224,1,204,50,405.0,20250.0,8.0,20240101.0,Received
3312,20240210,1,204,50,405.0,20250.0,11.0,20240221.0,Received
3313,20240501,1,204,50,405.0,20250.0,6.0,20240507.0,Received
3314,20240716,1,204,50,405.0,20250.0,8.0,20240724.0,Received
3315,20240907,1,204,50,405.0,20250.0,9.0,20240916.0,Received
3316,20241029,1,204,50,405.0,20250.0,11.0,20241109.0,Received
3317,20250122,1,204,50,405.0,20250.0,9.0,20250131.0,Received
3318,20250317,1,204,50,405.0,20250.0,10.0,20250327.0,Received
3319,20250602,1,204,50,405.0,20250.0,11.0,20250613.0,Received
3320,20250824,1,204,50,405.0,20250.0,,,Cancelled
3321,20251101,1,204,50,405.0,20250.0,9.0,20251110.0,Received
3322,20260127,1,204,50,405.0,20250.0,10.0,20260206.0,Received
3323,20230324,1,205,60,405.0,24300.0,,,Confirmed
3324,20230607,1,205,60,405.0,24300.0,10.0,20230617.0,Received
3325,20230805,1,205,60,405.0,24300.0,11.0,20230816.0,Received
3326,20231006,1,205,60,405.0,24300.0,7.0,20231013.0,Received
3327,20240103,1,205,60,405.0,24300.0,5.0,20240108.0,Received
3328,20240323,1,205,60,405.0,24300.0,9.0,20240401.0,Received
3329,20240528,1,205,60,405.0,24300.0,11.0,20240608.0,Received
3330,20240816,1,205,60,405.0,24300.0,6.0,20240822.0,Received
3331,20241024,1,205,60,405.0,24300.0,9.0,20241102.0,Received
3332,20241212,1,205,60,405.0,24300.0,5.0,20241217.0,Received
3333,20250228,1,205,60,405.0,24300.0,6.0,20250306.0,Received
3334,20250501,1,205,60,405.0,24300.0,10.0,20250511.0,Received
3335,20250717,1,205,60,405.0,24300.0,5.0,20250722.0,Received
3336,20250918,1,205,60,405.0,24300.0,,,Confirmed
3337,20251124,1,205,60,405.0,24300.0,6.0,20251130.0,Received
3338,20260126,1,205,60,405.0,24300.0,9.0,20260204.0,Received
3339,20230302,1,206,50,405.0,20250.0,9.0,20230311.0,Received
3340,20230515,1,206,50,405.0,20250.0,7.0,20230522.0,Received
3341,20230804,1,206,50,405.0,20250.0,5.0,20230809.0,Received
3342,20231016,1,206,50,405.0,20250.0,7.0,20231023.0,Received
3343,20240104,1,206,50,405.0,20250.0,7.0,20240111.0,Received
3344,20240323,1,206,50,405.0,20250.0,11.0,20240403.0,Received
3345,20240516,1,206,50,405.0,20250.0,8.0,20240524.0,Received
3346,20240803,1,206,50,405.0,20250.0,11.0,20240814.0,Received
3347,20241008,1,206,50,405.0,20250.0,11.0,20241019.0,Received
3348,20241214,1,206,50,405.0,20250.0,6.0,20241220.0,Received
3349,20250217,1,206,50,405.0,20250.0,5.0,20250222.0,Received
3350,20250512,1,206,50,405.0,20250.0,8.0,20250520.0,Received
3351,20250807,1,206,50,405.0,20250.0,10.0,20250817.0,Received
3352,20250923,1,206,50,405.0,20250.0,9.0,20251002.0,Received
3353,20251120,1,206,50,405.0,20250.0,11.0,20251201.0,Received
3354,20260125,1,206,50,405.0,20250.0,11.0,20260205.0,Received
3355,20230221,1,207,50,405.0,20250.0,11.0,20230304.0,Received
3356,20230415,1,207,50,405.0,20250.0,,,Confirmed
3357,20230713,1,207,50,405.0,20250.0,10.0,20230723.0,Received
3358,20230915,1,207,50,405.0,20250.0,6.0,20230921.0,Received
3359,20231111,1,207,50,405.0,20250.0,6.0,20231117.0,Received
3360,20240104,1,207,50,405.0,20250.0,11.0,20240115.0,Received
3361,20240228,1,207,50,405.0,20250.0,6.0,20240305.0,Received
3362,20240415,1,207,50,405.0,20250.0,8.0,20240423.0,Received
3363,20240629,1,207,50,405.0,20250.0,7.0,20240706.0,Received
3364,20240903,1,207,50,405.0,20250.0,10.0,20240913.0,Received
3365,20241128,1,207,50,405.0,20250.0,8.0,20241206.0,Received
3366,20250206,1,207,50,405.0,20250.0,11.0,20250217.0,Received
3367,20250504,1,207,50,405.0,20250.0,8.0,20250512.0,Received
3368,20250719,1,207,50,405.0,20250.0,10.0,20250729.0,Received
3369,20251001,1,207,50,405.0,20250.0,7.0,20251008.0,Received
3370,20251120,1,207,50,405.0,20250.0,8.0,20251128.0,Received
3371,20230301,1,208,50,405.0,20250.0,9.0,20230310.0,Received
3372,20230515,1,208,50,405.0,20250.0,10.0,20230525.0,Received
3373,20230806,1,208,50,405.0,20250.0,9.0,20230815.0,Received
3374,20231024,1,208,50,405.0,20250.0,11.0,20231104.0,Received
3375,20240104,1,208,50,405.0,20250.0,9.0,20240113.0,Received
3376,20240328,1,208,50,405.0,20250.0,6.0,20240403.0,Received
3377,20240612,1,208,50,405.0,20250.0,10.0,20240622.0,Received
3378,20240825,1,208,50,405.0,20250.0,,,Cancelled
3379,20241104,1,208,50,405.0,20250.0,9.0,20241113.0,Received
3380,20250117,1,208,50,405.0,20250.0,6.0,20250123.0,Received
3381,20250319,1,208,50,405.0,20250.0,10.0,20250329.0,Received
3382,20250608,1,208,50,405.0,20250.0,6.0,20250614.0,Received
3383,20250731,1,208,50,405.0,20250.0,5.0,20250805.0,Received
3384,20251005,1,208,50,405.0,20250.0,,,Confirmed
3385,20251226,1,208,50,405.0,20250.0,10.0,20260105.0,Received
3386,20230330,1,209,50,405.0,20250.0,9.0,20230408.0,Received
3387,20230622,1,209,50,405.0,20250.0,10.0,20230702.0,Received
3388,20230830,1,209,50,405.0,20250.0,9.0,20230908.0,Received
3389,20231127,1,209,50,405.0,20250.0,,,Confirmed
3390,20240201,1,209,50,405.0,20250.0,5.0,20240206.0,Received
3391,20240329,1,209,50,405.0,20250.0,10.0,20240408.0,Received
3392,20240529,1,209,50,405.0,20250.0,6.0,20240604.0,Received
3393,20240728,1,209,50,405.0,20250.0,11.0,20240808.0,Received
3394,20240915,1,209,50,405.0,20250.0,10.0,20240925.0,Received
3395,20241204,1,209,50,405.0,20250.0,7.0,20241211.0,Received
3396,20250130,1,209,50,405.0,20250.0,6.0,20250205.0,Received
3397,20250409,1,209,50,405.0,20250.0,6.0,20250415.0,Received
3398,20250603,1,209,50,405.0,20250.0,10.0,20250613.0,Received
3399,20250814,1,209,50,405.0,20250.0,6.0,20250820.0,Received
3400,20251002,1,209,50,405.0,20250.0,7.0,20251009.0,Received
3401,20251225,1,209,50,405.0,20250.0,11.0,20260105.0,Received
3402,20230308,1,210,50,405.0,20250.0,7.0,20230315.0,Received
3403,20230520,1,210,50,405.0,20250.0,,,Cancelled
3404,20230804,1,210,50,405.0,20250.0,5.0,20230809.0,Received
3405,20231008,1,210,50,405.0,20250.0,7.0,20231015.0,Received
3406,20231214,1,210,50,405.0,20250.0,11.0,20231225.0,Received
3407,20240210,1,210,50,405.0,20250.0,11.0,20240221.0,Received
3408,20240327,1,210,50,405.0,20250.0,10.0,20240406.0,Received
3409,20240616,1,210,50,405.0,20250.0,5.0,20240621.0,Received
3410,20240913,1,210,50,405.0,20250.0,8.0,20240921.0,Received
3411,20241123,1,210,50,405.0,20250.0,10.0,20241203.0,Received
3412,20250202,1,210,50,405.0,20250.0,9.0,20250211.0,Received
3413,20250426,1,210,50,405.0,20250.0,11.0,20250507.0,Received
3414,20250620,1,210,50,405.0,20250.0,6.0,20250626.0,Received
3415,20250805,1,210,50,405.0,20250.0,7.0,20250812.0,Received
3416,20250928,1,210,50,405.0,20250.0,6.0,20251004.0,Received
3417,20251201,1,210,50,405.0,20250.0,6.0,20251207.0,Received
3418,20230324,1,211,50,405.0,20250.0,8.0,20230401.0,Received
3419,20230531,1,211,50,405.0,20250.0,9.0,20230609.0,Received
3420,20230731,1,211,50,405.0,20250.0,,,Confirmed
3421,20231024,1,211,50,405.0,20250.0,6.0,20231030.0,Received
3422,20231220,1,211,50,405.0,20250.0,5.0,20231225.0,Received
3423,20240221,1,211,50,405.0,20250.0,,,Cancelled
3424,20240407,1,211,50,405.0,20250.0,,,Confirmed
3425,20240616,1,211,50,405.0,20250.0,8.0,20240624.0,Received
3426,20240804,1,211,50,405.0,20250.0,5.0,20240809.0,Received
3427,20240926,1,211,50,405.0,20250.0,10.0,20241006.0,Received
3428,20241113,1,211,50,405.0,20250.0,10.0,20241123.0,Received
3429,20250115,1,211,50,405.0,20250.0,10.0,20250125.0,Received
3430,20250304,1,211,50,405.0,20250.0,7.0,20250311.0,Received
3431,20250505,1,211,50,405.0,20250.0,9.0,20250514.0,Received
3432,20250725,1,211,50,405.0,20250.0,11.0,20250805.0,Received
3433,20251017,1,211,50,405.0,20250.0,5.0,20251022.0,Received
3434,20260106,1,211,50,405.0,20250.0,6.0,20260112.0,Received
3435,20230326,1,212,50,405.0,20250.0,10.0,20230405.0,Received
3436,20230605,1,212,50,405.0,20250.0,7.0,20230612.0,Received
3437,20230723,1,212,50,405.0,20250.0,8.0,20230731.0,Received
3438,20231006,1,212,50,405.0,20250.0,7.0,20231013.0,Received
3439,20231216,1,212,50,405.0,20250.0,8.0,20231224.0,Received
3440,20240206,1,212,50,405.0,20250.0,6.0,20240212.0,Received
3441,20240325,1,212,50,405.0,20250.0,8.0,20240402.0,Received
3442,20240524,1,212,50,405.0,20250.0,11.0,20240604.0,Received
3443,20240715,1,212,50,405.0,20250.0,8.0,20240723.0,Received
3444,20241001,1,212,50,405.0,20250.0,9.0,20241010.0,Received
3445,20241123,1,212,50,405.0,20250.0,6.0,20241129.0,Received
3446,20250121,1,212,50,405.0,20250.0,8.0,20250129.0,Received
3447,20250307,1,212,50,405.0,20250.0,8.0,20250315.0,Received
3448,20250424,1,212,50,405.0,20250.0,11.0,20250505.0,Received
3449,20250713,1,212,50,405.0,20250.0,,,Cancelled
3450,20251005,1,212,50,405.0,20250.0,10.0,20251015.0,Received
3451,20251221,1,212,50,405.0,20250.0,6.0,20251227.0,Received
3452,20230317,1,213,50,405.0,20250.0,6.0,20230323.0,Received
3453,20230507,1,213,50,405.0,20250.0,7.0,20230514.0,Received
3454,20230722,1,213,50,405.0,20250.0,7.0,20230729.0,Received
3455,20231009,1,213,50,405.0,20250.0,7.0,20231016.0,Received
3456,20231231,1,213,50,405.0,20250.0,10.0,20240110.0,Received
3457,20240223,1,213,50,405.0,20250.0,8.0,20240302.0,Received
3458,20240423,1,213,50,405.0,20250.0,6.0,20240429.0,Received
3459,20240711,1,213,50,405.0,20250.0,10.0,20240721.0,Received
3460,20240923,1,213,50,405.0,20250.0,9.0,20241002.0,Received
3461,20241115,1,213,50,405.0,20250.0,9.0,20241124.0,Received
3462,20250106,1,213,50,405.0,20250.0,5.0,20250111.0,Received
3463,20250331,1,213,50,405.0,20250.0,9.0,20250409.0,Received
3464,20250605,1,213,50,405.0,20250.0,10.0,20250615.0,Received
3465,20250727,1,213,50,405.0,20250.0,5.0,20250801.0,Received
3466,20250930,1,213,50,405.0,20250.0,11.0,20251011.0,Received
3467,20251207,1,213,50,405.0,20250.0,7.0,20251214.0,Received
3468,20230314,1,214,50,405.0,20250.0,9.0,20230323.0,Received
3469,20230512,1,214,50,405.0,20250.0,10.0,20230522.0,Received
3470,20230725,1,214,50,405.0,20250.0,6.0,20230731.0,Received
3471,20230911,1,214,50,405.0,20250.0,9.0,20230920.0,Received
3472,20231207,1,214,50,405.0,20250.0,,,Confirmed
3473,20240121,1,214,50,405.0,20250.0,5.0,20240126.0,Received
3474,20240312,1,214,50,405.0,20250.0,,,Confirmed
3475,20240501,1,214,50,405.0,20250.0,7.0,20240508.0,Received
3476,20240722,1,214,50,405.0,20250.0,8.0,20240730.0,Received
3477,20240906,1,214,50,405.0,20250.0,8.0,20240914.0,Received
3478,20241024,1,214,50,405.0,20250.0,8.0,20241101.0,Received
3479,20241218,1,214,50,405.0,20250.0,8.0,20241226.0,Received
3480,20250226,1,214,50,405.0,20250.0,11.0,20250309.0,Received
3481,20250507,1,214,50,405.0,20250.0,6.0,20250513.0,Received
3482,20250716,1,214,50,405.0,20250.0,8.0,20250724.0,Received
3483,20250917,1,214,50,405.0,20250.0,8.0,20250925.0,Received
3484,20251106,1,214,50,405.0,20250.0,11.0,20251117.0,Received
3485,20260112,1,214,50,405.0,20250.0,9.0,20260121.0,Received
3486,20230302,1,215,50,405.0,20250.0,9.0,20230311.0,Received
3487,20230513,1,215,50,405.0,20250.0,11.0,20230524.0,Received
3488,20230702,1,215,50,405.0,20250.0,10.0,20230712.0,Received
3489,20230822,1,215,50,405.0,20250.0,11.0,20230902.0,Received
3490,20231022,1,215,50,405.0,20250.0,,,Confirmed
3491,20231208,1,215,50,405.0,20250.0,8.0,20231216.0,Received
3492,20240304,1,215,50,405.0,20250.0,11.0,20240315.0,Received
3493,20240523,1,215,50,405.0,20250.0,9.0,20240601.0,Received
3494,20240728,1,215,50,405.0,20250.0,11.0,20240808.0,Received
3495,20241022,1,215,50,405.0,20250.0,7.0,20241029.0,Received
3496,20241214,1,215,50,405.0,20250.0,8.0,20241222.0,Received
3497,20250130,1,215,50,405.0,20250.0,6.0,20250205.0,Received
3498,20250331,1,215,50,405.0,20250.0,10.0,20250410.0,Received
3499,20250601,1,215,50,405.0,20250.0,11.0,20250612.0,Received
3500,20250823,1,215,50,405.0,20250.0,5.0,20250828.0,Received
3501,20251026,1,215,50,405.0,20250.0,11.0,20251106.0,Received
3502,20251227,1,215,50,405.0,20250.0,10.0,20260106.0,Received
3503,20230304,1,216,50,405.0,20250.0,6.0,20230310.0,Received
3504,20230531,1,216,50,405.0,20250.0,9.0,20230609.0,Received
3505,20230809,1,216,50,405.0,20250.0,10.0,20230819.0,Received
3506,20231013,1,216,50,405.0,20250.0,11.0,20231024.0,Received
3507,20231229,1,216,50,405.0,20250.0,,,Cancelled
3508,20240307,1,216,50,405.0,20250.0,7.0,20240314.0,Received
3509,20240526,1,216,50,405.0,20250.0,11.0,20240606.0,Received
3510,20240821,1,216,50,405.0,20250.0,11.0,20240901.0,Received
3511,20241014,1,216,50,405.0,20250.0,8.0,20241022.0,Received
3512,20241209,1,216,50,405.0,20250.0,11.0,20241220.0,Received
3513,20250124,1,216,50,405.0,20250.0,10.0,20250203.0,Received
3514,20250421,1,216,50,405.0,20250.0,5.0,20250426.0,Received
3515,20250606,1,216,50,405.0,20250.0,10.0,20250616.0,Received
3516,20250812,1,216,50,405.0,20250.0,5.0,20250817.0,Received
3517,20251029,1,216,50,405.0,20250.0,11.0,20251109.0,Received
3518,20260111,1,216,50,405.0,20250.0,,,Cancelled
3519,20230219,1,217,50,405.0,20250.0,10.0,20230301.0,Received
3520,20230413,1,217,50,405.0,20250.0,10.0,20230423.0,Received
3521,20230621,1,217,50,405.0,20250.0,5.0,20230626.0,Received
3522,20230818,1,217,50,405.0,20250.0,7.0,20230825.0,Received
3523,20231112,1,217,50,405.0,20250.0,6.0,20231118.0,Received
3524,20240114,1,217,50,405.0,20250.0,7.0,20240121.0,Received
3525,20240326,1,217,50,405.0,20250.0,6.0,20240401.0,Received
3526,20240529,1,217,50,405.0,20250.0,8.0,20240606.0,Received
3527,20240802,1,217,50,405.0,20250.0,5.0,20240807.0,Received
3528,20240918,1,217,50,405.0,20250.0,5.0,20240923.0,Received
3529,20241126,1,217,50,405.0,20250.0,11.0,20241207.0,Received
3530,20250124,1,217,50,405.0,20250.0,9.0,20250202.0,Received
3531,20250327,1,217,50,405.0,20250.0,7.0,20250403.0,Received
3532,20250624,1,217,50,405.0,20250.0,7.0,20250701.0,Received
3533,20250904,1,217,50,405.0,20250.0,10.0,20250914.0,Received
3534,20251114,1,217,50,405.0,20250.0,9.0,20251123.0,Received
3535,20260125,1,217,50,405.0,20250.0,,,Cancelled
3536,20230309,1,218,50,405.0,20250.0,6.0,20230315.0,Received
3537,20230428,1,218,50,405.0,20250.0,9.0,20230507.0,Received
3538,20230623,1,218,50,405.0,20250.0,10.0,20230703.0,Received
3539,20230918,1,218,50,405.0,20250.0,9.0,20230927.0,Received
3540,20231102,1,218,50,405.0,20250.0,,,Confirmed
3541,20240107,1,218,50,405.0,20250.0,,,Confirmed
3542,20240325,1,218,50,405.0,20250.0,7.0,20240401.0,Received
3543,20240619,1,218,50,405.0,20250.0,,,Cancelled
3544,20240903,1,218,50,405.0,20250.0,7.0,20240910.0,Received
3545,20241027,1,218,50,405.0,20250.0,8.0,20241104.0,Received
3546,20250108,1,218,50,405.0,20250.0,,,Confirmed
3547,20250327,1,218,50,405.0,20250.0,6.0,20250402.0,Received
3548,20250602,1,218,50,405.0,20250.0,6.0,20250608.0,Received
3549,20250803,1,218,50,405.0,20250.0,,,Confirmed
3550,20251017,1,218,50,405.0,20250.0,,,Cancelled
3551,20251221,1,218,50,405.0,20250.0,6.0,20251227.0,Received
3552,20230321,1,219,50,405.0,20250.0,6.0,20230327.0,Received
3553,20230609,1,219,50,405.0,20250.0,11.0,20230620.0,Received
3554,20230808,1,219,50,405.0,20250.0,11.0,20230819.0,Received
3555,20230925,1,219,50,405.0,20250.0,6.0,20231001.0,Received
3556,20231217,1,219,50,405.0,20250.0,7.0,20231224.0,Received
3557,20240218,1,219,50,405.0,20250.0,,,Confirmed
3558,20240427,1,219,50,405.0,20250.0,10.0,20240507.0,Received
3559,20240718,1,219,50,405.0,20250.0,9.0,20240727.0,Received
3560,20241006,1,219,50,405.0,20250.0,6.0,20241012.0,Received
3561,20241206,1,219,50,405.0,20250.0,,,Confirmed
3562,20250129,1,219,50,405.0,20250.0,7.0,20250205.0,Received
3563,20250317,1,219,50,405.0,20250.0,6.0,20250323.0,Received
3564,20250529,1,219,50,405.0,20250.0,6.0,20250604.0,Received
3565,20250718,1,219,50,405.0,20250.0,7.0,20250725.0,Received
3566,20251011,1,219,50,405.0,20250.0,8.0,20251019.0,Received
3567,20251217,1,219,50,405.0,20250.0,7.0,20251224.0,Received
3568,20230314,1,220,50,405.0,20250.0,8.0,20230322.0,Received
3569,20230527,1,220,50,405.0,20250.0,5.0,20230601.0,Received
3570,20230817,1,220,50,405.0,20250.0,11.0,20230828.0,Received
3571,20231010,1,220,50,405.0,20250.0,6.0,20231016.0,Received
3572,20231215,1,220,50,405.0,20250.0,8.0,20231223.0,Received
3573,20240223,1,220,50,405.0,20250.0,10.0,20240304.0,Received
3574,20240514,1,220,50,405.0,20250.0,9.0,20240523.0,Received
3575,20240811,1,220,50,405.0,20250.0,8.0,20240819.0,Received
3576,20241016,1,220,50,405.0,20250.0,10.0,20241026.0,Received
3577,20250111,1,220,50,405.0,20250.0,7.0,20250118.0,Received
3578,20250407,1,220,50,405.0,20250.0,10.0,20250417.0,Received
3579,20250609,1,220,50,405.0,20250.0,6.0,20250615.0,Received
3580,20250906,1,220,50,405.0,20250.0,6.0,20250912.0,Received
3581,20251116,1,220,50,405.0,20250.0,10.0,20251126.0,Received
3582,20260130,1,220,50,405.0,20250.0,10.0,20260209.0,Received
3583,20230327,1,221,50,405.0,20250.0,10.0,20230406.0,Received
3584,20230615,1,221,50,405.0,20250.0,8.0,20230623.0,Received
3585,20230730,1,221,50,405.0,20250.0,9.0,20230808.0,Received
3586,20231019,1,221,50,405.0,20250.0,5.0,20231024.0,Received
3587,20240110,1,221,50,405.0,20250.0,8.0,20240118.0,Received
3588,20240226,1,221,50,405.0,20250.0,7.0,20240304.0,Received
3589,20240517,1,221,50,405.0,20250.0,5.0,20240522.0,Received
3590,20240720,1,221,50,405.0,20250.0,,,Cancelled
3591,20241002,1,221,50,405.0,20250.0,10.0,20241012.0,Received
3592,20241211,1,221,50,405.0,20250.0,7.0,20241218.0,Received
3593,20250207,1,221,50,405.0,20250.0,11.0,20250218.0,Received
3594,20250413,1,221,50,405.0,20250.0,6.0,20250419.0,Received
3595,20250618,1,221,50,405.0,20250.0,8.0,20250626.0,Received
3596,20250901,1,221,50,405.0,20250.0,8.0,20250909.0,Received
3597,20251027,1,221,50,405.0,20250.0,10.0,20251106.0,Received
3598,20251223,1,221,50,405.0,20250.0,5.0,20251228.0,Received
3599,20230309,1,222,50,405.0,20250.0,5.0,20230314.0,Received
3600,20230503,1,222,50,405.0,20250.0,11.0,20230514.0,Received
3601,20230729,1,222,50,405.0,20250.0,8.0,20230806.0,Received
3602,20231015,1,222,50,405.0,20250.0,11.0,20231026.0,Received
3603,20231227,1,222,50,405.0,20250.0,10.0,20240106.0,Received
3604,20240229,1,222,50,405.0,20250.0,7.0,20240307.0,Received
3605,20240501,1,222,50,405.0,20250.0,5.0,20240506.0,Received
3606,20240618,1,222,50,405.0,20250.0,8.0,20240626.0,Received
3607,20240904,1,222,50,405.0,20250.0,7.0,20240911.0,Received
3608,20241109,1,222,50,405.0,20250.0,5.0,20241114.0,Received
3609,20250116,1,222,50,405.0,20250.0,,,Cancelled
3610,20250321,1,222,50,405.0,20250.0,6.0,20250327.0,Received
3611,20250527,1,222,50,405.0,20250.0,5.0,20250601.0,Received
3612,20250713,1,222,50,405.0,20250.0,8.0,20250721.0,Received
3613,20250831,1,222,50,405.0,20250.0,11.0,20250911.0,Received
3614,20251101,1,222,50,405.0,20250.0,8.0,20251109.0,Received
3615,20251225,1,222,50,405.0,20250.0,9.0,20260103.0,Received
3616,20230221,1,223,50,405.0,20250.0,11.0,20230304.0,Received
3617,20230407,1,223,50,405.0,20250.0,10.0,20230417.0,Received
3618,20230607,1,223,50,405.0,20250.0,7.0,20230614.0,Received
3619,20230903,1,223,50,405.0,20250.0,6.0,20230909.0,Received
3620,20231115,1,223,50,405.0,20250.0,8.0,20231123.0,Received
3621,20240117,1,223,50,405.0,20250.0,7.0,20240124.0,Received
3622,20240315,1,223,50,405.0,20250.0,8.0,20240323.0,Received
3623,20240506,1,223,50,405.0,20250.0,10.0,20240516.0,Received
3624,20240719,1,223,50,405.0,20250.0,,,Cancelled
3625,20241008,1,223,50,405.0,20250.0,6.0,20241014.0,Received
3626,20241205,1,223,50,405.0,20250.0,6.0,20241211.0,Received
3627,20250210,1,223,50,405.0,20250.0,6.0,20250216.0,Received
3628,20250421,1,223,50,405.0,20250.0,5.0,20250426.0,Received
3629,20250619,1,223,50,405.0,20250.0,5.0,20250624.0,Received
3630,20250815,1,223,50,405.0,20250.0,8.0,20250823.0,Received
3631,20251005,1,223,50,405.0,20250.0,11.0,20251016.0,Received
3632,20251225,1,223,50,405.0,20250.0,9.0,20260103.0,Received
3633,20230224,1,224,50,405.0,20250.0,9.0,20230305.0,Received
3634,20230506,1,224,50,405.0,20250.0,6.0,20230512.0,Received
3635,20230722,1,224,50,405.0,20250.0,,,Confirmed
3636,20231013,1,224,50,405.0,20250.0,8.0,20231021.0,Received
3637,20231219,1,224,50,405.0,20250.0,9.0,20231228.0,Received
3638,20240221,1,224,50,405.0,20250.0,7.0,20240228.0,Received
3639,20240427,1,224,50,405.0,20250.0,11.0,20240508.0,Received
3640,20240618,1,224,50,405.0,20250.0,9.0,20240627.0,Received
3641,20240821,1,224,50,405.0,20250.0,8.0,20240829.0,Received
3642,20241011,1,224,50,405.0,20250.0,10.0,20241021.0,Received
3643,20241226,1,224,50,405.0,20250.0,9.0,20250104.0,Received
3644,20250304,1,224,50,405.0,20250.0,10.0,20250314.0,Received
3645,20250509,1,224,50,405.0,20250.0,5.0,20250514.0,Received
3646,20250719,1,224,50,405.0,20250.0,6.0,20250725.0,Received
3647,20250925,1,224,50,405.0,20250.0,9.0,20251004.0,Received
3648,20251216,1,224,50,405.0,20250.0,,,Cancelled
3649,20230328,1,225,50,405.0,20250.0,7.0,20230404.0,Received
3650,20230521,1,225,50,405.0,20250.0,7.0,20230528.0,Received
3651,20230805,1,225,50,405.0,20250.0,9.0,20230814.0,Received
3652,20230923,1,225,50,405.0,20250.0,5.0,20230928.0,Received
3653,20231125,1,225,50,405.0,20250.0,9.0,20231204.0,Received
3654,20240126,1,225,50,405.0,20250.0,8.0,20240203.0,Received
3655,20240322,1,225,50,405.0,20250.0,6.0,20240328.0,Received
3656,20240521,1,225,50,405.0,20250.0,5.0,20240526.0,Received
3657,20240730,1,225,50,405.0,20250.0,,,Cancelled
3658,20240930,1,225,50,405.0,20250.0,9.0,20241009.0,Received
3659,20241208,1,225,50,405.0,20250.0,7.0,20241215.0,Received
3660,20250209,1,225,50,405.0,20250.0,8.0,20250217.0,Received
3661,20250410,1,225,50,405.0,20250.0,9.0,20250419.0,Received
3662,20250618,1,225,50,405.0,20250.0,8.0,20250626.0,Received
3663,20250813,1,225,50,405.0,20250.0,9.0,20250822.0,Received
3664,20251020,1,225,50,405.0,20250.0,9.0,20251029.0,Received
3665,20251218,1,225,50,405.0,20250.0,6.0,20251224.0,Received
3666,20230221,1,226,50,405.0,20250.0,10.0,20230303.0,Received
3667,20230408,1,226,50,405.0,20250.0,9.0,20230417.0,Received
3668,20230601,1,226,50,405.0,20250.0,9.0,20230610.0,Received
3669,20230812,1,226,50,405.0,20250.0,8.0,20230820.0,Received
3670,20231104,1,226,50,405.0,20250.0,,,Confirmed
3671,20231229,1,226,50,405.0,20250.0,11.0,20240109.0,Received
3672,20240312,1,226,50,405.0,20250.0,,,Confirmed
3673,20240504,1,226,50,405.0,20250.0,8.0,20240512.0,Received
3674,20240725,1,226,50,405.0,20250.0,11.0,20240805.0,Received
3675,20240925,1,226,50,405.0,20250.0,8.0,20241003.0,Received
3676,20241212,1,226,50,405.0,20250.0,5.0,20241217.0,Received
3677,20250202,1,226,50,405.0,20250.0,7.0,20250209.0,Received
3678,20250411,1,226,50,405.0,20250.0,6.0,20250417.0,Received
3679,20250629,1,226,50,405.0,20250.0,7.0,20250706.0,Received
3680,20250911,1,226,50,405.0,20250.0,5.0,20250916.0,Received
3681,20251101,1,226,50,405.0,20250.0,5.0,20251106.0,Received
3682,20251223,1,226,50,405.0,20250.0,8.0,20251231.0,Received
3683,20230319,1,227,50,405.0,20250.0,9.0,20230328.0,Received
3684,20230610,1,227,50,405.0,20250.0,10.0,20230620.0,Received
3685,20230802,1,227,50,405.0,20250.0,6.0,20230808.0,Received
3686,20231009,1,227,50,405.0,20250.0,7.0,20231016.0,Received
3687,20231223,1,227,50,405.0,20250.0,9.0,20240101.0,Received
3688,20240217,1,227,50,405.0,20250.0,11.0,20240228.0,Received
3689,20240415,1,227,50,405.0,20250.0,5.0,20240420.0,Received
3690,20240709,1,227,50,405.0,20250.0,6.0,20240715.0,Received
3691,20240830,1,227,50,405.0,20250.0,7.0,20240906.0,Received
3692,20241113,1,227,50,405.0,20250.0,11.0,20241124.0,Received
3693,20250125,1,227,50,405.0,20250.0,10.0,20250204.0,Received
3694,20250317,1,227,50,405.0,20250.0,,,Cancelled
3695,20250521,1,227,50,405.0,20250.0,11.0,20250601.0,Received
3696,20250708,1,227,50,405.0,20250.0,11.0,20250719.0,Received
3697,20250913,1,227,50,405.0,20250.0,5.0,20250918.0,Received
3698,20251106,1,227,50,405.0,20250.0,9.0,20251115.0,Received
3699,20260127,1,227,50,405.0,20250.0,6.0,20260202.0,Received
3700,20230322,1,228,50,405.0,20250.0,7.0,20230329.0,Received
3701,20230519,1,228,50,405.0,20250.0,11.0,20230530.0,Received
3702,20230705,1,228,50,405.0,20250.0,5.0,20230710.0,Received
3703,20230827,1,228,50,405.0,20250.0,10.0,20230906.0,Received
3704,20231015,1,228,50,405.0,20250.0,9.0,20231024.0,Received
3705,20231129,1,228,50,405.0,20250.0,11.0,20231210.0,Received
3706,20240113,1,228,50,405.0,20250.0,,,Confirmed
3707,20240410,1,228,50,405.0,20250.0,6.0,20240416.0,Received
3708,20240530,1,228,50,405.0,20250.0,6.0,20240605.0,Received
3709,20240722,1,228,50,405.0,20250.0,5.0,20240727.0,Received
3710,20240912,1,228,50,405.0,20250.0,9.0,20240921.0,Received
3711,20241128,1,228,50,405.0,20250.0,6.0,20241204.0,Received
3712,20250223,1,228,50,405.0,20250.0,10.0,20250305.0,Received
3713,20250425,1,228,50,405.0,20250.0,10.0,20250505.0,Received
3714,20250723,1,228,50,405.0,20250.0,6.0,20250729.0,Received
3715,20251011,1,228,50,405.0,20250.0,9.0,20251020.0,Received
3716,20251128,1,228,50,405.0,20250.0,9.0,20251207.0,Received
3717,20230321,1,229,50,405.0,20250.0,7.0,20230328.0,Received
3718,20230519,1,229,50,405.0,20250.0,6.0,20230525.0,Received
3719,20230721,1,229,50,405.0,20250.0,9.0,20230730.0,Received
3720,20231002,1,229,50,405.0,20250.0,7.0,20231009.0,Received
3721,20231128,1,229,50,405.0,20250.0,,,Confirmed
3722,20240127,1,229,50,405.0,20250.0,11.0,20240207.0,Received
3723,20240404,1,229,50,405.0,20250.0,10.0,20240414.0,Received
3724,20240521,1,229,50,405.0,20250.0,9.0,20240530.0,Received
3725,20240806,1,229,50,405.0,20250.0,10.0,20240816.0,Received
3726,20240925,1,229,50,405.0,20250.0,10.0,20241005.0,Received
3727,20241201,1,229,50,405.0,20250.0,9.0,20241210.0,Received
3728,20250121,1,229,50,405.0,20250.0,11.0,20250201.0,Received
3729,20250420,1,229,50,405.0,20250.0,10.0,20250430.0,Received
3730,20250630,1,229,50,405.0,20250.0,7.0,20250707.0,Received
3731,20250911,1,229,50,405.0,20250.0,5.0,20250916.0,Received
3732,20251119,1,229,50,405.0,20250.0,7.0,20251126.0,Received
3733,20230222,1,230,50,405.0,20250.0,11.0,20230305.0,Received
3734,20230420,1,230,50,405.0,20250.0,10.0,20230430.0,Received
3735,20230716,1,230,50,405.0,20250.0,10.0,20230726.0,Received
3736,20231011,1,230,50,405.0,20250.0,10.0,20231021.0,Received
3737,20231202,1,230,50,405.0,20250.0,11.0,20231213.0,Received
3738,20240229,1,230,50,405.0,20250.0,8.0,20240308.0,Received
3739,20240519,1,230,50,405.0,20250.0,10.0,20240529.0,Received
3740,20240719,1,230,50,405.0,20250.0,7.0,20240726.0,Received
3741,20241014,1,230,50,405.0,20250.0,11.0,20241025.0,Received
3742,20241207,1,230,50,405.0,20250.0,11.0,20241218.0,Received
3743,20250201,1,230,50,405.0,20250.0,,,Confirmed
3744,20250421,1,230,50,405.0,20250.0,11.0,20250502.0,Received
3745,20250609,1,230,50,405.0,20250.0,9.0,20250618.0,Received
3746,20250816,1,230,50,405.0,20250.0,,,Confirmed
3747,20251010,1,230,50,405.0,20250.0,10.0,20251020.0,Received
3748,20251210,1,230,50,405.0,20250.0,10.0,20251220.0,Received
3749,20230218,1,231,50,405.0,20250.0,9.0,20230227.0,Received
3750,20230406,1,231,50,405.0,20250.0,9.0,20230415.0,Received
3751,20230626,1,231,50,405.0,20250.0,6.0,20230702.0,Received
3752,20230902,1,231,50,405.0,20250.0,,,Cancelled
3753,20231104,1,231,50,405.0,20250.0,5.0,20231109.0,Received
3754,20240126,1,231,50,405.0,20250.0,7.0,20240202.0,Received
3755,20240417,1,231,50,405.0,20250.0,6.0,20240423.0,Received
3756,20240611,1,231,50,405.0,20250.0,10.0,20240621.0,Received
3757,20240821,1,231,50,405.0,20250.0,,,Confirmed
3758,20241105,1,231,50,405.0,20250.0,11.0,20241116.0,Received
3759,20250103,1,231,50,405.0,20250.0,6.0,20250109.0,Received
3760,20250307,1,231,50,405.0,20250.0,7.0,20250314.0,Received
3761,20250531,1,231,50,405.0,20250.0,9.0,20250609.0,Received
3762,20250816,1,231,50,405.0,20250.0,,,Confirmed
3763,20251031,1,231,50,405.0,20250.0,11.0,20251111.0,Received
3764,20260125,1,231,50,405.0,20250.0,8.0,20260202.0,Received
3765,20230226,1,232,50,405.0,20250.0,7.0,20230305.0,Received
3766,20230505,1,232,50,405.0,20250.0,6.0,20230511.0,Received
3767,20230716,1,232,50,405.0,20250.0,6.0,20230722.0,Received
3768,20230915,1,232,50,405.0,20250.0,11.0,20230926.0,Received
3769,20231121,1,232,50,405.0,20250.0,9.0,20231130.0,Received
3770,20240110,1,232,50,405.0,20250.0,6.0,20240116.0,Received
3771,20240320,1,232,50,405.0,20250.0,10.0,20240330.0,Received
3772,20240524,1,232,50,405.0,20250.0,,,Cancelled
3773,20240718,1,232,50,405.0,20250.0,,,Cancelled
3774,20240929,1,232,50,405.0,20250.0,9.0,20241008.0,Received
3775,20241117,1,232,50,405.0,20250.0,7.0,20241124.0,Received
3776,20250214,1,232,50,405.0,20250.0,6.0,20250220.0,Received
3777,20250425,1,232,50,405.0,20250.0,9.0,20250504.0,Received
3778,20250717,1,232,50,405.0,20250.0,6.0,20250723.0,Received
3779,20250923,1,232,50,405.0,20250.0,11.0,20251004.0,Received
3780,20251202,1,232,50,405.0,20250.0,11.0,20251213.0,Received
3781,20260118,1,232,50,405.0,20250.0,7.0,20260125.0,Received
3782,20230316,1,233,50,405.0,20250.0,9.0,20230325.0,Received
3783,20230515,1,233,50,405.0,20250.0,9.0,20230524.0,Received
3784,20230808,1,233,50,405.0,20250.0,7.0,20230815.0,Received
3785,20230925,1,233,50,405.0,20250.0,9.0,20231004.0,Received
3786,20231114,1,233,50,405.0,20250.0,9.0,20231123.0,Received
3787,20240125,1,233,50,405.0,20250.0,7.0,20240201.0,Received
3788,20240416,1,233,50,405.0,20250.0,5.0,20240421.0,Received
3789,20240702,1,233,50,405.0,20250.0,6.0,20240708.0,Received
3790,20240906,1,233,50,405.0,20250.0,10.0,20240916.0,Received
3791,20241109,1,233,50,405.0,20250.0,9.0,20241118.0,Received
3792,20250206,1,233,50,405.0,20250.0,7.0,20250213.0,Received
3793,20250411,1,233,50,405.0,20250.0,,,Confirmed
3794,20250707,1,233,50,405.0,20250.0,10.0,20250717.0,Received
3795,20250830,1,233,50,405.0,20250.0,11.0,20250910.0,Received
3796,20251104,1,233,50,405.0,20250.0,10.0,20251114.0,Received
3797,20260103,1,233,50,405.0,20250.0,5.0,20260108.0,Received
3798,20230328,1,234,50,405.0,20250.0,5.0,20230402.0,Received
3799,20230611,1,234,50,405.0,20250.0,8.0,20230619.0,Received
3800,20230817,1,234,50,405.0,20250.0,10.0,20230827.0,Received
3801,20231107,1,234,50,405.0,20250.0,,,Cancelled
3802,20240126,1,234,50,405.0,20250.0,5.0,20240131.0,Received
3803,20240323,1,234,50,405.0,20250.0,,,Confirmed
3804,20240610,1,234,50,405.0,20250.0,11.0,20240621.0,Received
3805,20240802,1,234,50,405.0,20250.0,5.0,20240807.0,Received
3806,20240918,1,234,50,405.0,20250.0,11.0,20240929.0,Received
3807,20241209,1,234,50,405.0,20250.0,5.0,20241214.0,Received
3808,20250216,1,234,50,405.0,20250.0,5.0,20250221.0,Received
3809,20250418,1,234,50,405.0,20250.0,,,Confirmed
3810,20250604,1,234,50,405.0,20250.0,5.0,20250609.0,Received
3811,20250813,1,234,50,405.0,20250.0,9.0,20250822.0,Received
3812,20251010,1,234,50,405.0,20250.0,10.0,20251020.0,Received
3813,20251217,1,234,50,405.0,20250.0,8.0,20251225.0,Received
3814,20230323,1,235,50,405.0,20250.0,,,Cancelled
3815,20230512,1,235,50,405.0,20250.0,11.0,20230523.0,Received
3816,20230808,1,235,50,405.0,20250.0,6.0,20230814.0,Received
3817,20231017,1,235,50,405.0,20250.0,11.0,20231028.0,Received
3818,20231204,1,235,50,405.0,20250.0,11.0,20231215.0,Received
3819,20240212,1,235,50,405.0,20250.0,6.0,20240218.0,Received
3820,20240428,1,235,50,405.0,20250.0,10.0,20240508.0,Received
3821,20240715,1,235,50,405.0,20250.0,5.0,20240720.0,Received
3822,20240926,1,235,50,405.0,20250.0,11.0,20241007.0,Received
3823,20241202,1,235,50,405.0,20250.0,6.0,20241208.0,Received
3824,20250223,1,235,50,405.0,20250.0,10.0,20250305.0,Received
3825,20250504,1,235,50,405.0,20250.0,11.0,20250515.0,Received
3826,20250723,1,235,50,405.0,20250.0,,,Confirmed
3827,20251005,1,235,50,405.0,20250.0,,,Cancelled
3828,20251201,1,235,50,405.0,20250.0,8.0,20251209.0,Received
3829,20260129,1,235,50,405.0,20250.0,10.0,20260208.0,Received
3830,20230216,1,236,50,405.0,20250.0,5.0,20230221.0,Received
3831,20230429,1,236,50,405.0,20250.0,8.0,20230507.0,Received
3832,20230719,1,236,50,405.0,20250.0,7.0,20230726.0,Received
3833,20230913,1,236,50,405.0,20250.0,7.0,20230920.0,Received
3834,20231105,1,236,50,405.0,20250.0,8.0,20231113.0,Received
3835,20240113,1,236,50,405.0,20250.0,9.0,20240122.0,Received
3836,20240316,1,236,50,405.0,20250.0,8.0,20240324.0,Received
3837,20240516,1,236,50,405.0,20250.0,,,Confirmed
3838,20240728,1,236,50,405.0,20250.0,,,Cancelled
3839,20241014,1,236,50,405.0,20250.0,10.0,20241024.0,Received
3840,20241226,1,236,50,405.0,20250.0,11.0,20250106.0,Received
3841,20250228,1,236,50,405.0,20250.0,10.0,20250310.0,Received
3842,20250512,1,236,50,405.0,20250.0,5.0,20250517.0,Received
3843,20250714,1,236,50,405.0,20250.0,,,Cancelled
3844,20250923,1,236,50,405.0,20250.0,7.0,20250930.0,Received
3845,20251108,1,236,50,405.0,20250.0,5.0,20251113.0,Received
3846,20260103,1,236,50,405.0,20250.0,10.0,20260113.0,Received
3847,20230329,1,237,50,405.0,20250.0,8.0,20230406.0,Received
3848,20230517,1,237,50,405.0,20250.0,7.0,20230524.0,Received
3849,20230802,1,237,50,405.0,20250.0,11.0,20230813.0,Received
3850,20230917,1,237,50,405.0,20250.0,8.0,20230925.0,Received
3851,20231210,1,237,50,405.0,20250.0,,,Confirmed
3852,20240203,1,237,50,405.0,20250.0,10.0,20240213.0,Received
3853,20240420,1,237,50,405.0,20250.0,8.0,20240428.0,Received
3854,20240612,1,237,50,405.0,20250.0,8.0,20240620.0,Received
3855,20240727,1,237,50,405.0,20250.0,8.0,20240804.0,Received
3856,20240922,1,237,50,405.0,20250.0,9.0,20241001.0,Received
3857,20241126,1,237,50,405.0,20250.0,7.0,20241203.0,Received
3858,20250118,1,237,50,405.0,20250.0,9.0,20250127.0,Received
3859,20250309,1,237,50,405.0,20250.0,8.0,20250317.0,Received
3860,20250606,1,237,50,405.0,20250.0,6.0,20250612.0,Received
3861,20250828,1,237,50,405.0,20250.0,7.0,20250904.0,Received
3862,20251022,1,237,50,405.0,20250.0,9.0,20251031.0,Received
3863,20251210,1,237,50,405.0,20250.0,6.0,20251216.0,Received
3864,20230312,1,238,50,405.0,20250.0,8.0,20230320.0,Received
3865,20230602,1,238,50,405.0,20250.0,11.0,20230613.0,Received
3866,20230828,1,238,50,405.0,20250.0,11.0,20230908.0,Received
3867,20231026,1,238,50,405.0,20250.0,6.0,20231101.0,Received
3868,20240101,1,238,50,405.0,20250.0,8.0,20240109.0,Received
3869,20240313,1,238,50,405.0,20250.0,9.0,20240322.0,Received
3870,20240427,1,238,50,405.0,20250.0,9.0,20240506.0,Received
3871,20240617,1,238,50,405.0,20250.0,8.0,20240625.0,Received
3872,20240822,1,238,50,405.0,20250.0,,,Confirmed
3873,20241028,1,238,50,405.0,20250.0,7.0,20241104.0,Received
3874,20250114,1,238,50,405.0,20250.0,6.0,20250120.0,Received
3875,20250331,1,238,50,405.0,20250.0,6.0,20250406.0,Received
3876,20250616,1,238,50,405.0,20250.0,11.0,20250627.0,Received
3877,20250802,1,238,50,405.0,20250.0,11.0,20250813.0,Received
3878,20250927,1,238,50,405.0,20250.0,8.0,20251005.0,Received
3879,20251127,1,238,50,405.0,20250.0,8.0,20251205.0,Received
3880,20260114,1,238,50,405.0,20250.0,10.0,20260124.0,Received
3881,20230323,1,239,50,405.0,20250.0,6.0,20230329.0,Received
3882,20230604,1,239,50,405.0,20250.0,5.0,20230609.0,Received
3883,20230720,1,239,50,405.0,20250.0,6.0,20230726.0,Received
3884,20230919,1,239,50,405.0,20250.0,5.0,20230924.0,Received
3885,20231210,1,239,50,405.0,20250.0,,,Confirmed
3886,20240213,1,239,50,405.0,20250.0,6.0,20240219.0,Received
3887,20240402,1,239,50,405.0,20250.0,6.0,20240408.0,Received
3888,20240614,1,239,50,405.0,20250.0,6.0,20240620.0,Received
3889,20240830,1,239,50,405.0,20250.0,7.0,20240906.0,Received
3890,20241105,1,239,50,405.0,20250.0,8.0,20241113.0,Received
3891,20250116,1,239,50,405.0,20250.0,9.0,20250125.0,Received
3892,20250318,1,239,50,405.0,20250.0,,,Cancelled
3893,20250511,1,239,50,405.0,20250.0,6.0,20250517.0,Received
3894,20250712,1,239,50,405.0,20250.0,10.0,20250722.0,Received
3895,20251002,1,239,50,405.0,20250.0,11.0,20251013.0,Received
3896,20251219,1,239,50,405.0,20250.0,10.0,20251229.0,Received
3897,20230328,1,240,50,405.0,20250.0,8.0,20230405.0,Received
3898,20230526,1,240,50,405.0,20250.0,5.0,20230531.0,Received
3899,20230819,1,240,50,405.0,20250.0,6.0,20230825.0,Received
3900,20231101,1,240,50,405.0,20250.0,6.0,20231107.0,Received
3901,20231227,1,240,50,405.0,20250.0,6.0,20240102.0,Received
3902,20240216,1,240,50,405.0,20250.0,7.0,20240223.0,Received
3903,20240420,1,240,50,405.0,20250.0,6.0,20240426.0,Received
3904,20240620,1,240,50,405.0,20250.0,6.0,20240626.0,Received
3905,20240804,1,240,50,405.0,20250.0,8.0,20240812.0,Received
3906,20241020,1,240,50,405.0,20250.0,7.0,20241027.0,Received
3907,20250117,1,240,50,405.0,20250.0,10.0,20250127.0,Received
3908,20250405,1,240,50,405.0,20250.0,,,Cancelled
3909,20250616,1,240,50,405.0,20250.0,5.0,20250621.0,Received
3910,20250824,1,240,50,405.0,20250.0,6.0,20250830.0,Received
3911,20251028,1,240,50,405.0,20250.0,10.0,20251107.0,Received
3912,20260109,1,240,50,405.0,20250.0,11.0,20260120.0,Received
3913,20230317,1,241,50,405.0,20250.0,5.0,20230322.0,Received
3914,20230613,1,241,50,405.0,20250.0,6.0,20230619.0,Received
3915,20230908,1,241,50,405.0,20250.0,8.0,20230916.0,Received
3916,20231103,1,241,50,405.0,20250.0,,,Confirmed
3917,20240102,1,241,50,405.0,20250.0,5.0,20240107.0,Received
3918,20240308,1,241,50,405.0,20250.0,9.0,20240317.0,Received
3919,20240530,1,241,50,405.0,20250.0,9.0,20240608.0,Received
3920,20240719,1,241,50,405.0,20250.0,9.0,20240728.0,Received
3921,20240915,1,241,50,405.0,20250.0,8.0,20240923.0,Received
3922,20241207,1,241,50,405.0,20250.0,9.0,20241216.0,Received
3923,20250306,1,241,50,405.0,20250.0,10.0,20250316.0,Received
3924,20250527,1,241,50,405.0,20250.0,10.0,20250606.0,Received
3925,20250720,1,241,50,405.0,20250.0,7.0,20250727.0,Received
3926,20250920,1,241,50,405.0,20250.0,7.0,20250927.0,Received
3927,20251110,1,241,50,405.0,20250.0,11.0,20251121.0,Received
3928,20260117,1,241,50,405.0,20250.0,9.0,20260126.0,Received
3929,20230304,1,242,50,405.0,20250.0,7.0,20230311.0,Received
3930,20230427,1,242,50,405.0,20250.0,6.0,20230503.0,Received
3931,20230708,1,242,50,405.0,20250.0,8.0,20230716.0,Received
3932,20231004,1,242,50,405.0,20250.0,5.0,20231009.0,Received
3933,20231222,1,242,50,405.0,20250.0,6.0,20231228.0,Received
3934,20240226,1,242,50,405.0,20250.0,7.0,20240304.0,Received
3935,20240511,1,242,50,405.0,20250.0,6.0,20240517.0,Received
3936,20240627,1,242,50,405.0,20250.0,9.0,20240706.0,Received
3937,20240919,1,242,50,405.0,20250.0,6.0,20240925.0,Received
3938,20241128,1,242,50,405.0,20250.0,6.0,20241204.0,Received
3939,20250201,1,242,50,405.0,20250.0,6.0,20250207.0,Received
3940,20250327,1,242,50,405.0,20250.0,10.0,20250406.0,Received
3941,20250620,1,242,50,405.0,20250.0,11.0,20250701.0,Received
3942,20250907,1,242,50,405.0,20250.0,8.0,20250915.0,Received
3943,20251024,1,242,50,405.0,20250.0,11.0,20251104.0,Received
3944,20260102,1,242,50,405.0,20250.0,6.0,20260108.0,Received
3945,20230321,1,243,50,405.0,20250.0,10.0,20230331.0,Received
3946,20230522,1,243,50,405.0,20250.0,5.0,20230527.0,Received
3947,20230714,1,243,50,405.0,20250.0,,,Cancelled
3948,20231006,1,243,50,405.0,20250.0,,,Cancelled
3949,20231219,1,243,50,405.0,20250.0,5.0,20231224.0,Received
3950,20240227,1,243,50,405.0,20250.0,11.0,20240309.0,Received
3951,20240430,1,243,50,405.0,20250.0,7.0,20240507.0,Received
3952,20240715,1,243,50,405.0,20250.0,8.0,20240723.0,Received
3953,20241005,1,243,50,405.0,20250.0,8.0,20241013.0,Received
3954,20241224,1,243,50,405.0,20250.0,10.0,20250103.0,Received
3955,20250309,1,243,50,405.0,20250.0,,,Cancelled
3956,20250423,1,243,50,405.0,20250.0,10.0,20250503.0,Received
3957,20250615,1,243,50,405.0,20250.0,10.0,20250625.0,Received
3958,20250810,1,243,50,405.0,20250.0,8.0,20250818.0,Received
3959,20251103,1,243,50,405.0,20250.0,7.0,20251110.0,Received
3960,20260101,1,243,50,405.0,20250.0,6.0,20260107.0,Received
3961,20230319,1,244,50,405.0,20250.0,9.0,20230328.0,Received
3962,20230602,1,244,50,405.0,20250.0,11.0,20230613.0,Received
3963,20230810,1,244,50,405.0,20250.0,11.0,20230821.0,Received
3964,20231106,1,244,50,405.0,20250.0,10.0,20231116.0,Received
3965,20231226,1,244,50,405.0,20250.0,5.0,20231231.0,Received
3966,20240224,1,244,50,405.0,20250.0,9.0,20240304.0,Received
3967,20240519,1,244,50,405.0,20250.0,8.0,20240527.0,Received
3968,20240729,1,244,50,405.0,20250.0,10.0,20240808.0,Received
3969,20241020,1,244,50,405.0,20250.0,5.0,20241025.0,Received
3970,20241229,1,244,50,405.0,20250.0,7.0,20250105.0,Received
3971,20250326,1,244,50,405.0,20250.0,6.0,20250401.0,Received
3972,20250515,1,244,50,405.0,20250.0,9.0,20250524.0,Received
3973,20250708,1,244,50,405.0,20250.0,11.0,20250719.0,Received
3974,20250925,1,244,50,405.0,20250.0,5.0,20250930.0,Received
3975,20251128,1,244,50,405.0,20250.0,9.0,20251207.0,Received
3976,20230220,1,245,50,405.0,20250.0,6.0,20230226.0,Received
3977,20230410,1,245,50,405.0,20250.0,,,Confirmed
3978,20230626,1,245,50,405.0,20250.0,8.0,20230704.0,Received
3979,20230915,1,245,50,405.0,20250.0,9.0,20230924.0,Received
3980,20231213,1,245,50,405.0,20250.0,9.0,20231222.0,Received
3981,20240213,1,245,50,405.0,20250.0,7.0,20240220.0,Received
3982,20240429,1,245,50,405.0,20250.0,7.0,20240506.0,Received
3983,20240716,1,245,50,405.0,20250.0,6.0,20240722.0,Received
3984,20240914,1,245,50,405.0,20250.0,5.0,20240919.0,Received
3985,20241113,1,245,50,405.0,20250.0,6.0,20241119.0,Received
3986,20250117,1,245,50,405.0,20250.0,9.0,20250126.0,Received
3987,20250315,1,245,50,405.0,20250.0,7.0,20250322.0,Received
3988,20250603,1,245,50,405.0,20250.0,8.0,20250611.0,Received
3989,20250812,1,245,50,405.0,20250.0,11.0,20250823.0,Received
3990,20251013,1,245,50,405.0,20250.0,9.0,20251022.0,Received
3991,20251211,1,245,50,405.0,20250.0,8.0,20251219.0,Received
3992,20260125,1,245,50,405.0,20250.0,11.0,20260205.0,Received
3993,20230228,1,246,50,405.0,20250.0,,,Cancelled
3994,20230430,1,246,50,405.0,20250.0,10.0,20230510.0,Received
3995,20230720,1,246,50,405.0,20250.0,11.0,20230731.0,Received
3996,20231003,1,246,50,405.0,20250.0,7.0,20231010.0,Received
3997,20231119,1,246,50,405.0,20250.0,10.0,20231129.0,Received
3998,20240203,1,246,50,405.0,20250.0,,,Confirmed
3999,20240330,1,246,50,405.0,20250.0,9.0,20240408.0,Received
4000,20240627,1,246,50,405.0,20250.0,10.0,20240707.0,Received
4001,20240919,1,246,50,405.0,20250.0,5.0,20240924.0,Received
4002,20241203,1,246,50,405.0,20250.0,9.0,20241212.0,Received
4003,20250221,1,246,50,405.0,20250.0,7.0,20250228.0,Received
4004,20250415,1,246,50,405.0,20250.0,,,Cancelled
4005,20250530,1,246,50,405.0,20250.0,7.0,20250606.0,Received
4006,20250823,1,246,50,405.0,20250.0,5.0,20250828.0,Received
4007,20251015,1,246,50,405.0,20250.0,5.0,20251020.0,Received
4008,20251219,1,246,50,405.0,20250.0,11.0,20251230.0,Received
4009,20230307,1,247,50,405.0,20250.0,8.0,20230315.0,Received
4010,20230430,1,247,50,405.0,20250.0,7.0,20230507.0,Received
4011,20230615,1,247,50,405.0,20250.0,6.0,20230621.0,Received
4012,20230819,1,247,50,405.0,20250.0,7.0,20230826.0,Received
4013,20231015,1,247,50,405.0,20250.0,5.0,20231020.0,Received
4014,20231225,1,247,50,405.0,20250.0,9.0,20240103.0,Received
4015,20240316,1,247,50,405.0,20250.0,6.0,20240322.0,Received
4016,20240521,1,247,50,405.0,20250.0,9.0,20240530.0,Received
4017,20240808,1,247,50,405.0,20250.0,6.0,20240814.0,Received
4018,20241013,1,247,50,405.0,20250.0,5.0,20241018.0,Received
4019,20241129,1,247,50,405.0,20250.0,11.0,20241210.0,Received
4020,20250206,1,247,50,405.0,20250.0,6.0,20250212.0,Received
4021,20250327,1,247,50,405.0,20250.0,9.0,20250405.0,Received
4022,20250524,1,247,50,405.0,20250.0,5.0,20250529.0,Received
4023,20250821,1,247,50,405.0,20250.0,6.0,20250827.0,Received
4024,20251118,1,247,50,405.0,20250.0,10.0,20251128.0,Received
4025,20260118,1,247,50,405.0,20250.0,5.0,20260123.0,Received
4026,20230222,1,248,50,405.0,20250.0,8.0,20230302.0,Received
4027,20230423,1,248,50,405.0,20250.0,10.0,20230503.0,Received
4028,20230704,1,248,50,405.0,20250.0,9.0,20230713.0,Received
4029,20230908,1,248,50,405.0,20250.0,10.0,20230918.0,Received
4030,20231031,1,248,50,405.0,20250.0,5.0,20231105.0,Received
4031,20240101,1,248,50,405.0,20250.0,5.0,20240106.0,Received
4032,20240322,1,248,50,405.0,20250.0,6.0,20240328.0,Received
4033,20240518,1,248,50,405.0,20250.0,10.0,20240528.0,Received
4034,20240705,1,248,50,405.0,20250.0,10.0,20240715.0,Received
4035,20240925,1,248,50,405.0,20250.0,6.0,20241001.0,Received
4036,20241213,1,248,50,405.0,20250.0,5.0,20241218.0,Received
4037,20250201,1,248,50,405.0,20250.0,9.0,20250210.0,Received
4038,20250401,1,248,50,405.0,20250.0,11.0,20250412.0,Received
4039,20250629,1,248,50,405.0,20250.0,8.0,20250707.0,Received
4040,20250904,1,248,50,405.0,20250.0,7.0,20250911.0,Received
4041,20251023,1,248,50,405.0,20250.0,8.0,20251031.0,Received
4042,20251218,1,248,50,405.0,20250.0,,,Confirmed
4043,20230321,1,249,50,405.0,20250.0,11.0,20230401.0,Received
4044,20230605,1,249,50,405.0,20250.0,6.0,20230611.0,Received
4045,20230725,1,249,50,405.0,20250.0,10.0,20230804.0,Received
4046,20230920,1,249,50,405.0,20250.0,5.0,20230925.0,Received
4047,20231125,1,249,50,405.0,20250.0,11.0,20231206.0,Received
4048,20240124,1,249,50,405.0,20250.0,,,Confirmed
4049,20240415,1,249,50,405.0,20250.0,10.0,20240425.0,Received
4050,20240605,1,249,50,405.0,20250.0,9.0,20240614.0,Received
4051,20240822,1,249,50,405.0,20250.0,10.0,20240901.0,Received
4052,20241028,1,249,50,405.0,20250.0,5.0,20241102.0,Received
4053,20241216,1,249,50,405.0,20250.0,5.0,20241221.0,Received
4054,20250225,1,249,50,405.0,20250.0,6.0,20250303.0,Received
4055,20250426,1,249,50,405.0,20250.0,5.0,20250501.0,Received
4056,20250615,1,249,50,405.0,20250.0,11.0,20250626.0,Received
4057,20250731,1,249,50,405.0,20250.0,5.0,20250805.0,Received
4058,20250920,1,249,50,405.0,20250.0,,,Confirmed
4059,20251124,1,249,50,405.0,20250.0,10.0,20251204.0,Received
4060,20230315,1,250,50,454.5,22725.0,9.0,20230324.0,Received
4061,20230514,1,250,50,454.5,22725.0,11.0,20230525.0,Received
4062,20230715,1,250,50,454.5,22725.0,11.0,20230726.0,Received
4063,20230906,1,250,50,454.5,22725.0,,,Cancelled
4064,20231121,1,250,50,454.5,22725.0,10.0,20231201.0,Received
4065,20240120,1,250,50,454.5,22725.0,10.0,20240130.0,Received
4066,20240317,1,250,50,454.5,22725.0,,,Cancelled
4067,20240521,1,250,50,454.5,22725.0,8.0,20240529.0,Received
4068,20240805,1,250,50,454.5,22725.0,6.0,20240811.0,Received
4069,20241021,1,250,50,454.5,22725.0,10.0,20241031.0,Received
4070,20241219,1,250,50,454.5,22725.0,9.0,20241228.0,Received
4071,20250218,1,250,50,454.5,22725.0,10.0,20250228.0,Received
4072,20250517,1,250,50,454.5,22725.0,7.0,20250524.0,Received
4073,20250705,1,250,50,454.5,22725.0,9.0,20250714.0,Received
4074,20250925,1,250,50,454.5,22725.0,7.0,20251002.0,Received
4075,20251125,1,250,50,454.5,22725.0,9.0,20251204.0,Received
4076,20230305,1,251,50,454.5,22725.0,,,Confirmed
4077,20230526,1,251,50,454.5,22725.0,7.0,20230602.0,Received
4078,20230817,1,251,50,454.5,22725.0,9.0,20230826.0,Received
4079,20231016,1,251,50,454.5,22725.0,9.0,20231025.0,Received
4080,20231213,1,251,50,454.5,22725.0,6.0,20231219.0,Received
4081,20240220,1,251,50,454.5,22725.0,7.0,20240227.0,Received
4082,20240504,1,251,50,454.5,22725.0,,,Cancelled
4083,20240724,1,251,50,454.5,22725.0,9.0,20240802.0,Received
4084,20241002,1,251,50,454.5,22725.0,6.0,20241008.0,Received
4085,20241227,1,251,50,454.5,22725.0,6.0,20250102.0,Received
4086,20250321,1,251,50,454.5,22725.0,,,Cancelled
4087,20250528,1,251,50,454.5,22725.0,6.0,20250603.0,Received
4088,20250818,1,251,50,454.5,22725.0,8.0,20250826.0,Received
4089,20251015,1,251,50,454.5,22725.0,9.0,20251024.0,Received
4090,20251129,1,251,50,454.5,22725.0,11.0,20251210.0,Received
4091,20230319,1,252,50,454.5,22725.0,9.0,20230328.0,Received
4092,20230510,1,252,50,454.5,22725.0,9.0,20230519.0,Received
4093,20230713,1,252,50,454.5,22725.0,7.0,20230720.0,Received
4094,20231007,1,252,50,454.5,22725.0,7.0,20231014.0,Received
4095,20231224,1,252,50,454.5,22725.0,9.0,20240102.0,Received
4096,20240223,1,252,50,454.5,22725.0,6.0,20240229.0,Received
4097,20240503,1,252,50,454.5,22725.0,7.0,20240510.0,Received
4098,20240715,1,252,50,454.5,22725.0,9.0,20240724.0,Received
4099,20240904,1,252,50,454.5,22725.0,10.0,20240914.0,Received
4100,20241024,1,252,50,454.5,22725.0,8.0,20241101.0,Received
4101,20241211,1,252,50,454.5,22725.0,8.0,20241219.0,Received
4102,20250128,1,252,50,454.5,22725.0,10.0,20250207.0,Received
4103,20250410,1,252,50,454.5,22725.0,11.0,20250421.0,Received
4104,20250618,1,252,50,454.5,22725.0,7.0,20250625.0,Received
4105,20250904,1,252,50,454.5,22725.0,7.0,20250911.0,Received
4106,20251027,1,252,50,454.5,22725.0,9.0,20251105.0,Received
4107,20251217,1,252,50,454.5,22725.0,7.0,20251224.0,Received
4108,20230228,1,253,50,454.5,22725.0,11.0,20230311.0,Received
4109,20230521,1,253,50,454.5,22725.0,6.0,20230527.0,Received
4110,20230806,1,253,50,454.5,22725.0,7.0,20230813.0,Received
4111,20231012,1,253,50,454.5,22725.0,9.0,20231021.0,Received
4112,20231227,1,253,50,454.5,22725.0,7.0,20240103.0,Received
4113,20240320,1,253,50,454.5,22725.0,7.0,20240327.0,Received
4114,20240601,1,253,50,454.5,22725.0,5.0,20240606.0,Received
4115,20240813,1,253,50,454.5,22725.0,6.0,20240819.0,Received
4116,20241004,1,253,50,454.5,22725.0,5.0,20241009.0,Received
4117,20241128,1,253,50,454.5,22725.0,6.0,20241204.0,Received
4118,20250123,1,253,50,454.5,22725.0,7.0,20250130.0,Received
4119,20250315,1,253,50,454.5,22725.0,7.0,20250322.0,Received
4120,20250601,1,253,50,454.5,22725.0,,,Confirmed
4121,20250720,1,253,50,454.5,22725.0,10.0,20250730.0,Received
4122,20250918,1,253,50,454.5,22725.0,11.0,20250929.0,Received
4123,20251206,1,253,50,454.5,22725.0,5.0,20251211.0,Received
4124,20230226,1,254,50,454.5,22725.0,11.0,20230309.0,Received
4125,20230512,1,254,50,454.5,22725.0,11.0,20230523.0,Received
4126,20230629,1,254,50,454.5,22725.0,10.0,20230709.0,Received
4127,20230826,1,254,50,454.5,22725.0,6.0,20230901.0,Received
4128,20231114,1,254,50,454.5,22725.0,8.0,20231122.0,Received
4129,20240124,1,254,50,454.5,22725.0,10.0,20240203.0,Received
4130,20240329,1,254,50,454.5,22725.0,8.0,20240406.0,Received
4131,20240603,1,254,50,454.5,22725.0,10.0,20240613.0,Received
4132,20240808,1,254,50,454.5,22725.0,8.0,20240816.0,Received
4133,20240924,1,254,50,454.5,22725.0,10.0,20241004.0,Received
4134,20241207,1,254,50,454.5,22725.0,11.0,20241218.0,Received
4135,20250129,1,254,50,454.5,22725.0,11.0,20250209.0,Received
4136,20250404,1,254,50,454.5,22725.0,10.0,20250414.0,Received
4137,20250621,1,254,50,454.5,22725.0,8.0,20250629.0,Received
4138,20250817,1,254,50,454.5,22725.0,6.0,20250823.0,Received
4139,20251110,1,254,50,454.5,22725.0,7.0,20251117.0,Received
4140,20260116,1,254,50,454.5,22725.0,6.0,20260122.0,Received
4141,20230311,1,255,50,355.07409481632266,17753.704740816134,7.0,20230318.0,Received
4142,20230429,1,255,50,355.07409481632266,17753.704740816134,10.0,20230509.0,Received
4143,20230627,1,255,50,355.07409481632266,17753.704740816134,7.0,20230704.0,Received
4144,20230917,1,255,50,355.07409481632266,17753.704740816134,10.0,20230927.0,Received
4145,20231113,1,255,50,355.07409481632266,17753.704740816134,5.0,20231118.0,Received
4146,20240112,1,255,50,355.07409481632266,17753.704740816134,10.0,20240122.0,Received
4147,20240302,1,255,50,355.07409481632266,17753.704740816134,8.0,20240310.0,Received
4148,20240427,1,255,50,355.07409481632266,17753.704740816134,5.0,20240502.0,Received
4149,20240720,1,255,50,355.07409481632266,17753.704740816134,10.0,20240730.0,Received
4150,20240930,1,255,50,355.07409481632266,17753.704740816134,,,Confirmed
4151,20241204,1,255,50,355.07409481632266,17753.704740816134,8.0,20241212.0,Received
4152,20250228,1,255,50,355.07409481632266,17753.704740816134,8.0,20250308.0,Received
4153,20250524,1,255,50,355.07409481632266,17753.704740816134,9.0,20250602.0,Received
4154,20250727,1,255,50,355.07409481632266,17753.704740816134,7.0,20250803.0,Received
4155,20250916,1,255,50,355.07409481632266,17753.704740816134,7.0,20250923.0,Received
4156,20251203,1,255,50,355.07409481632266,17753.704740816134,6.0,20251209.0,Received
4157,20230225,1,256,50,274.45000000000005,13722.500000000002,5.0,20230302.0,Received
4158,20230419,1,256,50,274.45000000000005,13722.500000000002,11.0,20230430.0,Received
4159,20230709,1,256,50,274.45000000000005,13722.500000000002,8.0,20230717.0,Received
4160,20230918,1,256,50,274.45000000000005,13722.500000000002,9.0,20230927.0,Received
4161,20231129,1,256,50,274.45000000000005,13722.500000000002,9.0,20231208.0,Received
4162,20240127,1,256,50,274.45000000000005,13722.500000000002,7.0,20240203.0,Received
4163,20240313,1,256,50,274.45000000000005,13722.500000000002,6.0,20240319.0,Received
4164,20240503,1,256,50,274.45000000000005,13722.500000000002,8.0,20240511.0,Received
4165,20240630,1,256,50,274.45000000000005,13722.500000000002,,,Cancelled
4166,20240924,1,256,50,274.45000000000005,13722.500000000002,6.0,20240930.0,Received
4167,20241221,1,256,50,274.45000000000005,13722.500000000002,7.0,20241228.0,Received
4168,20250310,1,256,50,274.45000000000005,13722.500000000002,5.0,20250315.0,Received
4169,20250531,1,256,50,274.45000000000005,13722.500000000002,10.0,20250610.0,Received
4170,20250730,1,256,50,274.45000000000005,13722.500000000002,6.0,20250805.0,Received
4171,20250920,1,256,50,274.45000000000005,13722.500000000002,6.0,20250926.0,Received
4172,20251205,1,256,50,274.45000000000005,13722.500000000002,11.0,20251216.0,Received
4173,20260120,1,256,50,274.45000000000005,13722.500000000002,6.0,20260126.0,Received
4174,20230312,1,257,50,274.45000000000005,13722.500000000002,5.0,20230317.0,Received
4175,20230507,1,257,50,274.45000000000005,13722.500000000002,8.0,20230515.0,Received
4176,20230708,1,257,50,274.45000000000005,13722.500000000002,8.0,20230716.0,Received
4177,20230905,1,257,50,274.45000000000005,13722.500000000002,10.0,20230915.0,Received
4178,20231130,1,257,50,274.45000000000005,13722.500000000002,9.0,20231209.0,Received
4179,20240208,1,257,50,274.45000000000005,13722.500000000002,,,Cancelled
4180,20240327,1,257,50,274.45000000000005,13722.500000000002,6.0,20240402.0,Received
4181,20240513,1,257,50,274.45000000000005,13722.500000000002,9.0,20240522.0,Received
4182,20240808,1,257,50,274.45000000000005,13722.500000000002,11.0,20240819.0,Received
4183,20240925,1,257,50,274.45000000000005,13722.500000000002,8.0,20241003.0,Received
4184,20241219,1,257,50,274.45000000000005,13722.500000000002,8.0,20241227.0,Received
4185,20250214,1,257,50,274.45000000000005,13722.500000000002,5.0,20250219.0,Received
4186,20250408,1,257,50,274.45000000000005,13722.500000000002,,,Confirmed
4187,20250614,1,257,50,274.45000000000005,13722.500000000002,10.0,20250624.0,Received
4188,20250729,1,257,50,274.45000000000005,13722.500000000002,6.0,20250804.0,Received
4189,20250922,1,257,50,274.45000000000005,13722.500000000002,10.0,20251002.0,Received
4190,20251122,1,257,50,274.45000000000005,13722.500000000002,11.0,20251203.0,Received
4191,20260110,1,257,50,274.45000000000005,13722.500000000002,10.0,20260120.0,Received
4192,20230328,1,258,50,274.45000000000005,13722.500000000002,10.0,20230407.0,Received
4193,20230520,1,258,50,274.45000000000005,13722.500000000002,7.0,20230527.0,Received
4194,20230726,1,258,50,274.45000000000005,13722.500000000002,5.0,20230731.0,Received
4195,20231008,1,258,50,274.45000000000005,13722.500000000002,9.0,20231017.0,Received
4196,20231126,1,258,50,274.45000000000005,13722.500000000002,11.0,20231207.0,Received
4197,20240122,1,258,50,274.45000000000005,13722.500000000002,10.0,20240201.0,Received
4198,20240412,1,258,50,274.45000000000005,13722.500000000002,6.0,20240418.0,Received
4199,20240614,1,258,50,274.45000000000005,13722.500000000002,7.0,20240621.0,Received
4200,20240911,1,258,50,274.45000000000005,13722.500000000002,6.0,20240917.0,Received
4201,20241101,1,258,50,274.45000000000005,13722.500000000002,6.0,20241107.0,Received
4202,20250126,1,258,50,274.45000000000005,13722.500000000002,5.0,20250131.0,Received
4203,20250414,1,258,50,274.45000000000005,13722.500000000002,7.0,20250421.0,Received
4204,20250707,1,258,50,274.45000000000005,13722.500000000002,8.0,20250715.0,Received
4205,20250928,1,258,50,274.45000000000005,13722.500000000002,9.0,20251007.0,Received
4206,20251120,1,258,50,274.45000000000005,13722.500000000002,,,Confirmed
4207,20260117,1,258,50,274.45000000000005,13722.500000000002,10.0,20260127.0,Received
4208,20230316,1,259,50,274.45000000000005,13722.500000000002,11.0,20230327.0,Received
4209,20230520,1,259,50,274.45000000000005,13722.500000000002,10.0,20230530.0,Received
4210,20230715,1,259,50,274.45000000000005,13722.500000000002,7.0,20230722.0,Received
4211,20230920,1,259,50,274.45000000000005,13722.500000000002,11.0,20231001.0,Received
4212,20231107,1,259,50,274.45000000000005,13722.500000000002,6.0,20231113.0,Received
4213,20240114,1,259,50,274.45000000000005,13722.500000000002,,,Confirmed
4214,20240229,1,259,50,274.45000000000005,13722.500000000002,5.0,20240305.0,Received
4215,20240425,1,259,50,274.45000000000005,13722.500000000002,8.0,20240503.0,Received
4216,20240621,1,259,50,274.45000000000005,13722.500000000002,8.0,20240629.0,Received
4217,20240902,1,259,50,274.45000000000005,13722.500000000002,9.0,20240911.0,Received
4218,20241124,1,259,50,274.45000000000005,13722.500000000002,6.0,20241130.0,Received
4219,20250217,1,259,50,274.45000000000005,13722.500000000002,10.0,20250227.0,Received
4220,20250508,1,259,50,274.45000000000005,13722.500000000002,11.0,20250519.0,Received
4221,20250703,1,259,50,274.45000000000005,13722.500000000002,,,Cancelled
4222,20250919,1,259,50,274.45000000000005,13722.500000000002,10.0,20250929.0,Received
4223,20251106,1,259,50,274.45000000000005,13722.500000000002,9.0,20251115.0,Received
4224,20260105,1,259,50,274.45000000000005,13722.500000000002,7.0,20260112.0,Received
4225,20230325,1,260,50,355.07409481632266,17753.704740816134,8.0,20230402.0,Received
4226,20230608,1,260,50,355.07409481632266,17753.704740816134,7.0,20230615.0,Received
4227,20230723,1,260,50,355.07409481632266,17753.704740816134,7.0,20230730.0,Received
4228,20231010,1,260,50,355.07409481632266,17753.704740816134,9.0,20231019.0,Received
4229,20231210,1,260,50,355.07409481632266,17753.704740816134,11.0,20231221.0,Received
4230,20240212,1,260,50,355.07409481632266,17753.704740816134,6.0,20240218.0,Received
4231,20240408,1,260,50,355.07409481632266,17753.704740816134,9.0,20240417.0,Received
4232,20240621,1,260,50,355.07409481632266,17753.704740816134,9.0,20240630.0,Received
4233,20240909,1,260,50,355.07409481632266,17753.704740816134,,,Confirmed
4234,20241115,1,260,50,355.07409481632266,17753.704740816134,10.0,20241125.0,Received
4235,20241230,1,260,50,355.07409481632266,17753.704740816134,7.0,20250106.0,Received
4236,20250321,1,260,50,355.07409481632266,17753.704740816134,10.0,20250331.0,Received
4237,20250611,1,260,50,355.07409481632266,17753.704740816134,5.0,20250616.0,Received
4238,20250825,1,260,50,355.07409481632266,17753.704740816134,,,Cancelled
4239,20251111,1,260,50,355.07409481632266,17753.704740816134,9.0,20251120.0,Received
4240,20260107,1,260,50,355.07409481632266,17753.704740816134,11.0,20260118.0,Received
4241,20230327,1,261,50,274.45000000000005,13722.500000000002,6.0,20230402.0,Received
4242,20230619,1,261,50,274.45000000000005,13722.500000000002,7.0,20230626.0,Received
4243,20230828,1,261,50,274.45000000000005,13722.500000000002,,,Confirmed
4244,20231015,1,261,50,274.45000000000005,13722.500000000002,10.0,20231025.0,Received
4245,20231220,1,261,50,274.45000000000005,13722.500000000002,7.0,20231227.0,Received
4246,20240223,1,261,50,274.45000000000005,13722.500000000002,10.0,20240304.0,Received
4247,20240508,1,261,50,274.45000000000005,13722.500000000002,9.0,20240517.0,Received
4248,20240718,1,261,50,274.45000000000005,13722.500000000002,8.0,20240726.0,Received
4249,20240909,1,261,50,274.45000000000005,13722.500000000002,7.0,20240916.0,Received
4250,20241116,1,261,50,274.45000000000005,13722.500000000002,6.0,20241122.0,Received
4251,20250206,1,261,50,274.45000000000005,13722.500000000002,10.0,20250216.0,Received
4252,20250406,1,261,50,274.45000000000005,13722.500000000002,7.0,20250413.0,Received
4253,20250621,1,261,50,274.45000000000005,13722.500000000002,9.0,20250630.0,Received
4254,20250810,1,261,50,274.45000000000005,13722.500000000002,,,Confirmed
4255,20251006,1,261,50,274.45000000000005,13722.500000000002,5.0,20251011.0,Received
4256,20260102,1,261,50,274.45000000000005,13722.500000000002,9.0,20260111.0,Received
4257,20230317,1,262,50,274.45000000000005,13722.500000000002,11.0,20230328.0,Received
4258,20230526,1,262,50,274.45000000000005,13722.500000000002,5.0,20230531.0,Received
4259,20230814,1,262,50,274.45000000000005,13722.500000000002,8.0,20230822.0,Received
4260,20231020,1,262,50,274.45000000000005,13722.500000000002,5.0,20231025.0,Received
4261,20240110,1,262,50,274.45000000000005,13722.500000000002,5.0,20240115.0,Received
4262,20240319,1,262,50,274.45000000000005,13722.500000000002,11.0,20240330.0,Received
4263,20240614,1,262,50,274.45000000000005,13722.500000000002,9.0,20240623.0,Received
4264,20240830,1,262,50,274.45000000000005,13722.500000000002,11.0,20240910.0,Received
4265,20241029,1,262,50,274.45000000000005,13722.500000000002,7.0,20241105.0,Received
4266,20250105,1,262,50,274.45000000000005,13722.500000000002,10.0,20250115.0,Received
4267,20250314,1,262,50,274.45000000000005,13722.500000000002,6.0,20250320.0,Received
4268,20250501,1,262,50,274.45000000000005,13722.500000000002,,,Cancelled
4269,20250710,1,262,50,274.45000000000005,13722.500000000002,5.0,20250715.0,Received
4270,20250922,1,262,50,274.45000000000005,13722.500000000002,11.0,20251003.0,Received
4271,20251202,1,262,50,274.45000000000005,13722.500000000002,7.0,20251209.0,Received
4272,20230323,1,263,50,274.45000000000005,13722.500000000002,,,Confirmed
4273,20230513,1,263,50,274.45000000000005,13722.500000000002,9.0,20230522.0,Received
4274,20230730,1,263,50,274.45000000000005,13722.500000000002,8.0,20230807.0,Received
4275,20230926,1,263,50,274.45000000000005,13722.500000000002,5.0,20231001.0,Received
4276,20231112,1,263,50,274.45000000000005,13722.500000000002,5.0,20231117.0,Received
4277,20240103,1,263,50,274.45000000000005,13722.500000000002,5.0,20240108.0,Received
4278,20240309,1,263,50,274.45000000000005,13722.500000000002,9.0,20240318.0,Received
4279,20240501,1,263,50,274.45000000000005,13722.500000000002,9.0,20240510.0,Received
4280,20240630,1,263,50,274.45000000000005,13722.500000000002,,,Confirmed
4281,20240914,1,263,50,274.45000000000005,13722.500000000002,,,Confirmed
4282,20241124,1,263,50,274.45000000000005,13722.500000000002,,,Confirmed
4283,20250207,1,263,50,274.45000000000005,13722.500000000002,6.0,20250213.0,Received
4284,20250421,1,263,50,274.45000000000005,13722.500000000002,6.0,20250427.0,Received
4285,20250714,1,263,50,274.45000000000005,13722.500000000002,10.0,20250724.0,Received
4286,20250916,1,263,50,274.45000000000005,13722.500000000002,9.0,20250925.0,Received
4287,20251123,1,263,50,274.45000000000005,13722.500000000002,8.0,20251201.0,Received
4288,20260118,1,263,50,274.45000000000005,13722.500000000002,8.0,20260126.0,Received
4289,20230320,1,264,50,274.45000000000005,13722.500000000002,5.0,20230325.0,Received
4290,20230602,1,264,50,274.45000000000005,13722.500000000002,8.0,20230610.0,Received
4291,20230827,1,264,50,274.45000000000005,13722.500000000002,10.0,20230906.0,Received
4292,20231015,1,264,50,274.45000000000005,13722.500000000002,11.0,20231026.0,Received
4293,20231227,1,264,50,274.45000000000005,13722.500000000002,9.0,20240105.0,Received
4294,20240323,1,264,50,274.45000000000005,13722.500000000002,7.0,20240330.0,Received
4295,20240604,1,264,50,274.45000000000005,13722.500000000002,8.0,20240612.0,Received
4296,20240721,1,264,50,274.45000000000005,13722.500000000002,,,Confirmed
4297,20241006,1,264,50,274.45000000000005,13722.500000000002,6.0,20241012.0,Received
4298,20241208,1,264,50,274.45000000000005,13722.500000000002,5.0,20241213.0,Received
4299,20250303,1,264,50,274.45000000000005,13722.500000000002,9.0,20250312.0,Received
4300,20250522,1,264,50,274.45000000000005,13722.500000000002,,,Confirmed
4301,20250805,1,264,50,274.45000000000005,13722.500000000002,5.0,20250810.0,Received
4302,20251021,1,264,50,274.45000000000005,13722.500000000002,11.0,20251101.0,Received
4303,20251213,1,264,50,274.45000000000005,13722.500000000002,5.0,20251218.0,Received
4304,20230303,1,265,50,90.68721804511279,4534.360902255639,6.0,20230309.0,Received
4305,20230503,1,265,50,90.68721804511279,4534.360902255639,10.0,20230513.0,Received
4306,20230718,1,265,50,90.68721804511279,4534.360902255639,,,Confirmed
4307,20231004,1,265,50,90.68721804511279,4534.360902255639,6.0,20231010.0,Received
4308,20231214,1,265,50,90.68721804511279,4534.360902255639,8.0,20231222.0,Received
4309,20240212,1,265,50,90.68721804511279,4534.360902255639,5.0,20240217.0,Received
4310,20240401,1,265,50,90.68721804511279,4534.360902255639,,,Confirmed
4311,20240606,1,265,50,90.68721804511279,4534.360902255639,11.0,20240617.0,Received
4312,20240824,1,265,50,90.68721804511279,4534.360902255639,10.0,20240903.0,Received
4313,20241012,1,265,50,90.68721804511279,4534.360902255639,,,Cancelled
4314,20250105,1,265,50,90.68721804511279,4534.360902255639,9.0,20250114.0,Received
4315,20250328,1,265,50,90.68721804511279,4534.360902255639,8.0,20250405.0,Received
4316,20250512,1,265,50,90.68721804511279,4534.360902255639,7.0,20250519.0,Received
4317,20250711,1,265,50,90.68721804511279,4534.360902255639,9.0,20250720.0,Received
4318,20250915,1,265,50,90.68721804511279,4534.360902255639,,,Confirmed
4319,20251125,1,265,50,90.68721804511279,4534.360902255639,7.0,20251202.0,Received
4320,20230216,1,266,50,82.5,4125.0,9.0,20230225.0,Received
4321,20230501,1,266,50,82.5,4125.0,8.0,20230509.0,Received
4322,20230724,1,266,50,82.5,4125.0,11.0,20230804.0,Received
4323,20230927,1,266,50,82.5,4125.0,,,Confirmed
4324,20231126,1,266,50,82.5,4125.0,9.0,20231205.0,Received
4325,20240112,1,266,50,82.5,4125.0,10.0,20240122.0,Received
4326,20240408,1,266,50,82.5,4125.0,10.0,20240418.0,Received
4327,20240626,1,266,50,82.5,4125.0,5.0,20240701.0,Received
4328,20240921,1,266,50,82.5,4125.0,7.0,20240928.0,Received
4329,20241127,1,266,50,82.5,4125.0,9.0,20241206.0,Received
4330,20250201,1,266,50,82.5,4125.0,7.0,20250208.0,Received
4331,20250419,1,266,50,82.5,4125.0,,,Cancelled
4332,20250624,1,266,50,82.5,4125.0,8.0,20250702.0,Received
4333,20250812,1,266,50,82.5,4125.0,6.0,20250818.0,Received
4334,20251103,1,266,50,82.5,4125.0,6.0,20251109.0,Received
4335,20251226,1,266,50,82.5,4125.0,9.0,20260104.0,Received
4336,20230316,1,267,50,82.5,4125.0,10.0,20230326.0,Received
4337,20230523,1,267,50,82.5,4125.0,11.0,20230603.0,Received
4338,20230716,1,267,50,82.5,4125.0,10.0,20230726.0,Received
4339,20230831,1,267,50,82.5,4125.0,11.0,20230911.0,Received
4340,20231105,1,267,50,82.5,4125.0,10.0,20231115.0,Received
4341,20240105,1,267,50,82.5,4125.0,11.0,20240116.0,Received
4342,20240227,1,267,50,82.5,4125.0,5.0,20240303.0,Received
4343,20240516,1,267,50,82.5,4125.0,11.0,20240527.0,Received
4344,20240708,1,267,50,82.5,4125.0,5.0,20240713.0,Received
4345,20240906,1,267,50,82.5,4125.0,11.0,20240917.0,Received
4346,20241107,1,267,50,82.5,4125.0,9.0,20241116.0,Received
4347,20250203,1,267,50,82.5,4125.0,10.0,20250213.0,Received
4348,20250427,1,267,50,82.5,4125.0,6.0,20250503.0,Received
4349,20250624,1,267,50,82.5,4125.0,11.0,20250705.0,Received
4350,20250828,1,267,50,82.5,4125.0,9.0,20250906.0,Received
4351,20251124,1,267,50,82.5,4125.0,5.0,20251129.0,Received
4352,20260109,1,267,50,82.5,4125.0,,,Cancelled
4353,20230321,1,268,50,82.5,4125.0,5.0,20230326.0,Received
4354,20230515,1,268,50,82.5,4125.0,7.0,20230522.0,Received
4355,20230812,1,268,50,82.5,4125.0,8.0,20230820.0,Received
4356,20231026,1,268,50,82.5,4125.0,9.0,20231104.0,Received
4357,20231214,1,268,50,82.5,4125.0,7.0,20231221.0,Received
4358,20240307,1,268,50,82.5,4125.0,6.0,20240313.0,Received
4359,20240518,1,268,50,82.5,4125.0,8.0,20240526.0,Received
4360,20240721,1,268,50,82.5,4125.0,5.0,20240726.0,Received
4361,20241004,1,268,50,82.5,4125.0,9.0,20241013.0,Received
4362,20241229,1,268,50,82.5,4125.0,7.0,20250105.0,Received
4363,20250313,1,268,50,82.5,4125.0,5.0,20250318.0,Received
4364,20250429,1,268,50,82.5,4125.0,7.0,20250506.0,Received
4365,20250718,1,268,50,82.5,4125.0,9.0,20250727.0,Received
4366,20250901,1,268,50,82.5,4125.0,,,Confirmed
4367,20251110,1,268,50,82.5,4125.0,10.0,20251120.0,Received
4368,20260113,1,268,50,82.5,4125.0,5.0,20260118.0,Received
4369,20230225,1,269,50,241.228,12061.4,5.0,20230302.0,Received
4370,20230510,1,269,50,241.228,12061.4,9.0,20230519.0,Received
4371,20230716,1,269,50,241.228,12061.4,8.0,20230724.0,Received
4372,20230926,1,269,50,241.228,12061.4,11.0,20231007.0,Received
4373,20231219,1,269,50,241.228,12061.4,7.0,20231226.0,Received
4374,20240203,1,269,50,241.228,12061.4,6.0,20240209.0,Received
4375,20240414,1,269,50,241.228,12061.4,,,Cancelled
4376,20240602,1,269,50,241.228,12061.4,5.0,20240607.0,Received
4377,20240822,1,269,50,241.228,12061.4,5.0,20240827.0,Received
4378,20241023,1,269,50,241.228,12061.4,6.0,20241029.0,Received
4379,20241222,1,269,50,241.228,12061.4,7.0,20241229.0,Received
4380,20250219,1,269,50,241.228,12061.4,10.0,20250301.0,Received
4381,20250406,1,269,50,241.228,12061.4,10.0,20250416.0,Received
4382,20250630,1,269,50,241.228,12061.4,7.0,20250707.0,Received
4383,20250829,1,269,50,241.228,12061.4,11.0,20250909.0,Received
4384,20251020,1,269,50,241.228,12061.4,,,Confirmed
4385,20251215,1,269,50,241.228,12061.4,6.0,20251221.0,Received
4386,20230327,1,270,50,219.45000000000002,10972.5,6.0,20230402.0,Received
4387,20230514,1,270,50,219.45000000000002,10972.5,6.0,20230520.0,Received
4388,20230802,1,270,50,219.45000000000002,10972.5,7.0,20230809.0,Received
4389,20231013,1,270,50,219.45000000000002,10972.5,6.0,20231019.0,Received
4390,20231230,1,270,50,219.45000000000002,10972.5,11.0,20240110.0,Received
4391,20240325,1,270,50,219.45000000000002,10972.5,11.0,20240405.0,Received
4392,20240522,1,270,50,219.45000000000002,10972.5,,,Confirmed
4393,20240708,1,270,50,219.45000000000002,10972.5,9.0,20240717.0,Received
4394,20240829,1,270,50,219.45000000000002,10972.5,9.0,20240907.0,Received
4395,20241024,1,270,50,219.45000000000002,10972.5,8.0,20241101.0,Received
4396,20241208,1,270,50,219.45000000000002,10972.5,11.0,20241219.0,Received
4397,20250223,1,270,50,219.45000000000002,10972.5,6.0,20250301.0,Received
4398,20250423,1,270,50,219.45000000000002,10972.5,,,Cancelled
4399,20250622,1,270,50,219.45000000000002,10972.5,7.0,20250629.0,Received
4400,20250814,1,270,50,219.45000000000002,10972.5,5.0,20250819.0,Received
4401,20251102,1,270,50,219.45000000000002,10972.5,11.0,20251113.0,Received
4402,20260127,1,270,50,219.45000000000002,10972.5,6.0,20260202.0,Received
4403,20230327,1,271,50,219.45000000000002,10972.5,,,Cancelled
4404,20230515,1,271,50,219.45000000000002,10972.5,8.0,20230523.0,Received
4405,20230731,1,271,50,219.45000000000002,10972.5,11.0,20230811.0,Received
4406,20231008,1,271,50,219.45000000000002,10972.5,5.0,20231013.0,Received
4407,20231202,1,271,50,219.45000000000002,10972.5,,,Cancelled
4408,20240205,1,271,50,219.45000000000002,10972.5,8.0,20240213.0,Received
4409,20240401,1,271,50,219.45000000000002,10972.5,6.0,20240407.0,Received
4410,20240605,1,271,50,219.45000000000002,10972.5,5.0,20240610.0,Received
4411,20240726,1,271,50,219.45000000000002,10972.5,6.0,20240801.0,Received
4412,20241022,1,271,50,219.45000000000002,10972.5,8.0,20241030.0,Received
4413,20250110,1,271,50,219.45000000000002,10972.5,6.0,20250116.0,Received
4414,20250404,1,271,50,219.45000000000002,10972.5,10.0,20250414.0,Received
4415,20250524,1,271,50,219.45000000000002,10972.5,,,Confirmed
4416,20250820,1,271,50,219.45000000000002,10972.5,9.0,20250829.0,Received
4417,20251030,1,271,50,219.45000000000002,10972.5,6.0,20251105.0,Received
4418,20251224,1,271,50,219.45000000000002,10972.5,5.0,20251229.0,Received
4419,20230304,1,272,50,219.45000000000002,10972.5,9.0,20230313.0,Received
4420,20230521,1,272,50,219.45000000000002,10972.5,5.0,20230526.0,Received
4421,20230814,1,272,50,219.45000000000002,10972.5,7.0,20230821.0,Received
4422,20231102,1,272,50,219.45000000000002,10972.5,11.0,20231113.0,Received
4423,20240124,1,272,50,219.45000000000002,10972.5,8.0,20240201.0,Received
4424,20240324,1,272,50,219.45000000000002,10972.5,5.0,20240329.0,Received
4425,20240518,1,272,50,219.45000000000002,10972.5,,,Cancelled
4426,20240810,1,272,50,219.45000000000002,10972.5,,,Cancelled
4427,20241016,1,272,50,219.45000000000002,10972.5,8.0,20241024.0,Received
4428,20241207,1,272,50,219.45000000000002,10972.5,5.0,20241212.0,Received
4429,20250221,1,272,50,219.45000000000002,10972.5,8.0,20250301.0,Received
4430,20250410,1,272,50,219.45000000000002,10972.5,5.0,20250415.0,Received
4431,20250531,1,272,50,219.45000000000002,10972.5,5.0,20250605.0,Received
4432,20250726,1,272,50,219.45000000000002,10972.5,9.0,20250804.0,Received
4433,20251017,1,272,50,219.45000000000002,10972.5,7.0,20251024.0,Received
4434,20260111,1,272,50,219.45000000000002,10972.5,7.0,20260118.0,Received
4435,20230222,1,273,50,461.8097946609086,23090.48973304543,6.0,20230228.0,Received
4436,20230420,1,273,50,461.8097946609086,23090.48973304543,8.0,20230428.0,Received
4437,20230708,1,273,50,461.8097946609086,23090.48973304543,11.0,20230719.0,Received
4438,20230911,1,273,50,461.8097946609086,23090.48973304543,5.0,20230916.0,Received
4439,20231127,1,273,50,461.8097946609086,23090.48973304543,9.0,20231206.0,Received
4440,20240131,1,273,50,461.8097946609086,23090.48973304543,11.0,20240211.0,Received
4441,20240401,1,273,50,461.8097946609086,23090.48973304543,6.0,20240407.0,Received
4442,20240628,1,273,50,461.8097946609086,23090.48973304543,8.0,20240706.0,Received
4443,20240815,1,273,50,461.8097946609086,23090.48973304543,8.0,20240823.0,Received
4444,20241012,1,273,50,461.8097946609086,23090.48973304543,11.0,20241023.0,Received
4445,20241227,1,273,50,461.8097946609086,23090.48973304543,10.0,20250106.0,Received
4446,20250314,1,273,50,461.8097946609086,23090.48973304543,11.0,20250325.0,Received
4447,20250503,1,273,50,461.8097946609086,23090.48973304543,10.0,20250513.0,Received
4448,20250712,1,273,50,461.8097946609086,23090.48973304543,,,Confirmed
4449,20250826,1,273,50,461.8097946609086,23090.48973304543,5.0,20250831.0,Received
4450,20251028,1,273,50,461.8097946609086,23090.48973304543,9.0,20251106.0,Received
4451,20251218,1,273,50,461.8097946609086,23090.48973304543,5.0,20251223.0,Received
4452,20230312,1,274,50,356.95000000000005,17847.500000000004,,,Cancelled
4453,20230510,1,274,50,356.95000000000005,17847.500000000004,9.0,20230519.0,Received
4454,20230625,1,274,50,356.95000000000005,17847.500000000004,11.0,20230706.0,Received
4455,20230830,1,274,50,356.95000000000005,17847.500000000004,6.0,20230905.0,Received
4456,20231122,1,274,50,356.95000000000005,17847.500000000004,6.0,20231128.0,Received
4457,20240202,1,274,50,356.95000000000005,17847.500000000004,,,Cancelled
4458,20240418,1,274,50,356.95000000000005,17847.500000000004,11.0,20240429.0,Received
4459,20240602,1,274,50,356.95000000000005,17847.500000000004,7.0,20240609.0,Received
4460,20240825,1,274,50,356.95000000000005,17847.500000000004,10.0,20240904.0,Received
4461,20241011,1,274,50,356.95000000000005,17847.500000000004,10.0,20241021.0,Received
4462,20241130,1,274,50,356.95000000000005,17847.500000000004,9.0,20241209.0,Received
4463,20250121,1,274,50,356.95000000000005,17847.500000000004,10.0,20250131.0,Received
4464,20250420,1,274,50,356.95000000000005,17847.500000000004,6.0,20250426.0,Received
4465,20250617,1,274,50,356.95000000000005,17847.500000000004,,,Confirmed
4466,20250819,1,274,50,356.95000000000005,17847.500000000004,11.0,20250830.0,Received
4467,20251106,1,274,50,356.95000000000005,17847.500000000004,7.0,20251113.0,Received
4468,20260120,1,274,50,356.95000000000005,17847.500000000004,5.0,20260125.0,Received
4469,20230306,1,275,50,356.95000000000005,17847.500000000004,7.0,20230313.0,Received
4470,20230506,1,275,50,356.95000000000005,17847.500000000004,7.0,20230513.0,Received
4471,20230716,1,275,50,356.95000000000005,17847.500000000004,,,Cancelled
4472,20230903,1,275,50,356.95000000000005,17847.500000000004,10.0,20230913.0,Received
4473,20231022,1,275,50,356.95000000000005,17847.500000000004,10.0,20231101.0,Received
4474,20231220,1,275,50,356.95000000000005,17847.500000000004,,,Confirmed
4475,20240229,1,275,50,356.95000000000005,17847.500000000004,6.0,20240306.0,Received
4476,20240506,1,275,50,356.95000000000005,17847.500000000004,11.0,20240517.0,Received
4477,20240704,1,275,50,356.95000000000005,17847.500000000004,6.0,20240710.0,Received
4478,20240822,1,275,50,356.95000000000005,17847.500000000004,6.0,20240828.0,Received
4479,20241023,1,275,50,356.95000000000005,17847.500000000004,,,Confirmed
4480,20241225,1,275,50,356.95000000000005,17847.500000000004,6.0,20241231.0,Received
4481,20250311,1,275,50,356.95000000000005,17847.500000000004,8.0,20250319.0,Received
4482,20250502,1,275,50,356.95000000000005,17847.500000000004,5.0,20250507.0,Received
4483,20250707,1,275,50,356.95000000000005,17847.500000000004,7.0,20250714.0,Received
4484,20250913,1,275,50,356.95000000000005,17847.500000000004,5.0,20250918.0,Received
4485,20251130,1,275,50,356.95000000000005,17847.500000000004,8.0,20251208.0,Received
4486,20230227,1,276,50,356.95000000000005,17847.500000000004,8.0,20230307.0,Received
4487,20230521,1,276,50,356.95000000000005,17847.500000000004,10.0,20230531.0,Received
4488,20230708,1,276,50,356.95000000000005,17847.500000000004,6.0,20230714.0,Received
4489,20230913,1,276,50,356.95000000000005,17847.500000000004,5.0,20230918.0,Received
4490,20231126,1,276,50,356.95000000000005,17847.500000000004,10.0,20231206.0,Received
4491,20240116,1,276,50,356.95000000000005,17847.500000000004,9.0,20240125.0,Received
4492,20240322,1,276,50,356.95000000000005,17847.500000000004,6.0,20240328.0,Received
4493,20240527,1,276,50,356.95000000000005,17847.500000000004,8.0,20240604.0,Received
4494,20240801,1,276,50,356.95000000000005,17847.500000000004,11.0,20240812.0,Received
4495,20240922,1,276,50,356.95000000000005,17847.500000000004,5.0,20240927.0,Received
4496,20241212,1,276,50,356.95000000000005,17847.500000000004,6.0,20241218.0,Received
4497,20250308,1,276,50,356.95000000000005,17847.500000000004,10.0,20250318.0,Received
4498,20250602,1,276,50,356.95000000000005,17847.500000000004,6.0,20250608.0,Received
4499,20250719,1,276,50,356.95000000000005,17847.500000000004,5.0,20250724.0,Received
4500,20250916,1,276,50,356.95000000000005,17847.500000000004,5.0,20250921.0,Received
4501,20251104,1,276,50,356.95000000000005,17847.500000000004,11.0,20251115.0,Received
4502,20260123,1,276,50,356.95000000000005,17847.500000000004,5.0,20260128.0,Received
4503,20230330,1,277,50,356.95000000000005,17847.500000000004,5.0,20230404.0,Received
4504,20230528,1,277,50,356.95000000000005,17847.500000000004,,,Cancelled
4505,20230723,1,277,50,356.95000000000005,17847.500000000004,5.0,20230728.0,Received
4506,20230930,1,277,50,356.95000000000005,17847.500000000004,11.0,20231011.0,Received
4507,20231204,1,277,50,356.95000000000005,17847.500000000004,5.0,20231209.0,Received
4508,20240213,1,277,50,356.95000000000005,17847.500000000004,10.0,20240223.0,Received
4509,20240427,1,277,50,356.95000000000005,17847.500000000004,9.0,20240506.0,Received
4510,20240616,1,277,50,356.95000000000005,17847.500000000004,6.0,20240622.0,Received
4511,20240823,1,277,50,356.95000000000005,17847.500000000004,6.0,20240829.0,Received
4512,20241117,1,277,50,356.95000000000005,17847.500000000004,6.0,20241123.0,Received
4513,20250206,1,277,50,356.95000000000005,17847.500000000004,,,Cancelled
4514,20250407,1,277,50,356.95000000000005,17847.500000000004,11.0,20250418.0,Received
4515,20250626,1,277,50,356.95000000000005,17847.500000000004,5.0,20250701.0,Received
4516,20250916,1,277,50,356.95000000000005,17847.500000000004,9.0,20250925.0,Received
4517,20251206,1,277,50,356.95000000000005,17847.500000000004,5.0,20251211.0,Received
4518,20230323,1,278,50,461.8097946609086,23090.48973304543,6.0,20230329.0,Received
4519,20230607,1,278,50,461.8097946609086,23090.48973304543,5.0,20230612.0,Received
4520,20230904,1,278,50,461.8097946609086,23090.48973304543,8.0,20230912.0,Received
4521,20231117,1,278,50,461.8097946609086,23090.48973304543,9.0,20231126.0,Received
4522,20240123,1,278,50,461.8097946609086,23090.48973304543,8.0,20240131.0,Received
4523,20240418,1,278,50,461.8097946609086,23090.48973304543,7.0,20240425.0,Received
4524,20240629,1,278,50,461.8097946609086,23090.48973304543,7.0,20240706.0,Received
4525,20240821,1,278,50,461.8097946609086,23090.48973304543,11.0,20240901.0,Received
4526,20241008,1,278,50,461.8097946609086,23090.48973304543,10.0,20241018.0,Received
4527,20241218,1,278,50,461.8097946609086,23090.48973304543,,,Confirmed
4528,20250219,1,278,50,461.8097946609086,23090.48973304543,8.0,20250227.0,Received
4529,20250407,1,278,50,461.8097946609086,23090.48973304543,11.0,20250418.0,Received
4530,20250703,1,278,50,461.8097946609086,23090.48973304543,10.0,20250713.0,Received
4531,20250907,1,278,50,461.8097946609086,23090.48973304543,,,Confirmed
4532,20251113,1,278,50,461.8097946609086,23090.48973304543,7.0,20251120.0,Received
4533,20260107,1,278,50,461.8097946609086,23090.48973304543,7.0,20260114.0,Received
4534,20230322,1,279,50,356.95000000000005,17847.500000000004,8.0,20230330.0,Received
4535,20230610,1,279,50,356.95000000000005,17847.500000000004,7.0,20230617.0,Received
4536,20230817,1,279,50,356.95000000000005,17847.500000000004,,,Cancelled
4537,20231025,1,279,50,356.95000000000005,17847.500000000004,8.0,20231102.0,Received
4538,20231228,1,279,50,356.95000000000005,17847.500000000004,9.0,20240106.0,Received
4539,20240307,1,279,50,356.95000000000005,17847.500000000004,8.0,20240315.0,Received
4540,20240520,1,279,50,356.95000000000005,17847.500000000004,6.0,20240526.0,Received
4541,20240704,1,279,50,356.95000000000005,17847.500000000004,9.0,20240713.0,Received
4542,20240903,1,279,50,356.95000000000005,17847.500000000004,6.0,20240909.0,Received
4543,20241022,1,279,50,356.95000000000005,17847.500000000004,7.0,20241029.0,Received
4544,20250107,1,279,50,356.95000000000005,17847.500000000004,11.0,20250118.0,Received
4545,20250306,1,279,50,356.95000000000005,17847.500000000004,5.0,20250311.0,Received
4546,20250518,1,279,50,356.95000000000005,17847.500000000004,,,Confirmed
4547,20250812,1,279,50,356.95000000000005,17847.500000000004,10.0,20250822.0,Received
4548,20251019,1,279,50,356.95000000000005,17847.500000000004,9.0,20251028.0,Received
4549,20251203,1,279,50,356.95000000000005,17847.500000000004,5.0,20251208.0,Received
4550,20230223,1,280,50,356.95000000000005,17847.500000000004,10.0,20230305.0,Received
4551,20230428,1,280,50,356.95000000000005,17847.500000000004,7.0,20230505.0,Received
4552,20230708,1,280,50,356.95000000000005,17847.500000000004,5.0,20230713.0,Received
4553,20230830,1,280,50,356.95000000000005,17847.500000000004,5.0,20230904.0,Received
4554,20231119,1,280,50,356.95000000000005,17847.500000000004,5.0,20231124.0,Received
4555,20240121,1,280,50,356.95000000000005,17847.500000000004,6.0,20240127.0,Received
4556,20240401,1,280,50,356.95000000000005,17847.500000000004,7.0,20240408.0,Received
4557,20240526,1,280,50,356.95000000000005,17847.500000000004,6.0,20240601.0,Received
4558,20240730,1,280,50,356.95000000000005,17847.500000000004,11.0,20240810.0,Received
4559,20240928,1,280,50,356.95000000000005,17847.500000000004,,,Confirmed
4560,20241112,1,280,50,356.95000000000005,17847.500000000004,8.0,20241120.0,Received
4561,20250127,1,280,50,356.95000000000005,17847.500000000004,10.0,20250206.0,Received
4562,20250409,1,280,50,356.95000000000005,17847.500000000004,8.0,20250417.0,Received
4563,20250610,1,280,50,356.95000000000005,17847.500000000004,7.0,20250617.0,Received
4564,20250823,1,280,50,356.95000000000005,17847.500000000004,9.0,20250901.0,Received
4565,20251008,1,280,50,356.95000000000005,17847.500000000004,,,Cancelled
4566,20251231,1,280,50,356.95000000000005,17847.500000000004,10.0,20260110.0,Received
4567,20230320,1,281,50,356.95000000000005,17847.500000000004,10.0,20230330.0,Received
4568,20230603,1,281,50,356.95000000000005,17847.500000000004,6.0,20230609.0,Received
4569,20230824,1,281,50,356.95000000000005,17847.500000000004,9.0,20230902.0,Received
4570,20231102,1,281,50,356.95000000000005,17847.500000000004,7.0,20231109.0,Received
4571,20240108,1,281,50,356.95000000000005,17847.500000000004,5.0,20240113.0,Received
4572,20240311,1,281,50,356.95000000000005,17847.500000000004,7.0,20240318.0,Received
4573,20240509,1,281,50,356.95000000000005,17847.500000000004,9.0,20240518.0,Received
4574,20240731,1,281,50,356.95000000000005,17847.500000000004,8.0,20240808.0,Received
4575,20241015,1,281,50,356.95000000000005,17847.500000000004,,,Confirmed
4576,20241211,1,281,50,356.95000000000005,17847.500000000004,8.0,20241219.0,Received
4577,20250309,1,281,50,356.95000000000005,17847.500000000004,9.0,20250318.0,Received
4578,20250604,1,281,50,356.95000000000005,17847.500000000004,5.0,20250609.0,Received
4579,20250821,1,281,50,356.95000000000005,17847.500000000004,8.0,20250829.0,Received
4580,20251020,1,281,50,356.95000000000005,17847.500000000004,5.0,20251025.0,Received
4581,20260114,1,281,50,356.95000000000005,17847.500000000004,10.0,20260124.0,Received
4582,20230329,1,282,50,356.95000000000005,17847.500000000004,10.0,20230408.0,Received
4583,20230516,1,282,50,356.95000000000005,17847.500000000004,5.0,20230521.0,Received
4584,20230630,1,282,50,356.95000000000005,17847.500000000004,7.0,20230707.0,Received
4585,20230910,1,282,50,356.95000000000005,17847.500000000004,,,Confirmed
4586,20231123,1,282,50,356.95000000000005,17847.500000000004,7.0,20231130.0,Received
4587,20240127,1,282,50,356.95000000000005,17847.500000000004,7.0,20240203.0,Received
4588,20240424,1,282,50,356.95000000000005,17847.500000000004,8.0,20240502.0,Received
4589,20240612,1,282,50,356.95000000000005,17847.500000000004,,,Confirmed
4590,20240807,1,282,50,356.95000000000005,17847.500000000004,6.0,20240813.0,Received
4591,20241010,1,282,50,356.95000000000005,17847.500000000004,,,Confirmed
4592,20241127,1,282,50,356.95000000000005,17847.500000000004,7.0,20241204.0,Received
4593,20250222,1,282,50,356.95000000000005,17847.500000000004,11.0,20250305.0,Received
4594,20250413,1,282,50,356.95000000000005,17847.500000000004,5.0,20250418.0,Received
4595,20250711,1,282,50,356.95000000000005,17847.500000000004,8.0,20250719.0,Received
4596,20250913,1,282,50,356.95000000000005,17847.500000000004,9.0,20250922.0,Received
4597,20251104,1,282,50,356.95000000000005,17847.500000000004,6.0,20251110.0,Received
4598,20260121,1,282,50,356.95000000000005,17847.500000000004,10.0,20260131.0,Received
4599,20230328,1,283,50,568.5454945054946,28427.274725274732,6.0,20230403.0,Received
4600,20230607,1,283,50,568.5454945054946,28427.274725274732,6.0,20230613.0,Received
4601,20230824,1,283,50,568.5454945054946,28427.274725274732,11.0,20230904.0,Received
4602,20231031,1,283,50,568.5454945054946,28427.274725274732,7.0,20231107.0,Received
4603,20240128,1,283,50,568.5454945054946,28427.274725274732,5.0,20240202.0,Received
4604,20240403,1,283,50,568.5454945054946,28427.274725274732,8.0,20240411.0,Received
4605,20240530,1,283,50,568.5454945054946,28427.274725274732,6.0,20240605.0,Received
4606,20240730,1,283,50,568.5454945054946,28427.274725274732,8.0,20240807.0,Received
4607,20241009,1,283,50,568.5454945054946,28427.274725274732,7.0,20241016.0,Received
4608,20241222,1,283,50,568.5454945054946,28427.274725274732,9.0,20241231.0,Received
4609,20250320,1,283,50,568.5454945054946,28427.274725274732,,,Cancelled
4610,20250516,1,283,50,568.5454945054946,28427.274725274732,5.0,20250521.0,Received
4611,20250701,1,283,50,568.5454945054946,28427.274725274732,11.0,20250712.0,Received
4612,20250926,1,283,50,568.5454945054946,28427.274725274732,5.0,20251001.0,Received
4613,20251217,1,283,50,568.5454945054946,28427.274725274732,8.0,20251225.0,Received
4614,20230218,1,284,50,439.45000000000005,21972.500000000004,11.0,20230301.0,Received
4615,20230509,1,284,50,439.45000000000005,21972.500000000004,5.0,20230514.0,Received
4616,20230805,1,284,50,439.45000000000005,21972.500000000004,9.0,20230814.0,Received
4617,20231005,1,284,50,439.45000000000005,21972.500000000004,10.0,20231015.0,Received
4618,20231125,1,284,50,439.45000000000005,21972.500000000004,5.0,20231130.0,Received
4619,20240204,1,284,50,439.45000000000005,21972.500000000004,7.0,20240211.0,Received
4620,20240406,1,284,50,439.45000000000005,21972.500000000004,,,Confirmed
4621,20240704,1,284,50,439.45000000000005,21972.500000000004,5.0,20240709.0,Received
4622,20240920,1,284,50,439.45000000000005,21972.500000000004,5.0,20240925.0,Received
4623,20241203,1,284,50,439.45000000000005,21972.500000000004,9.0,20241212.0,Received
4624,20250204,1,284,50,439.45000000000005,21972.500000000004,7.0,20250211.0,Received
4625,20250421,1,284,50,439.45000000000005,21972.500000000004,5.0,20250426.0,Received
4626,20250617,1,284,50,439.45000000000005,21972.500000000004,9.0,20250626.0,Received
4627,20250803,1,284,50,439.45000000000005,21972.500000000004,6.0,20250809.0,Received
4628,20250919,1,284,50,439.45000000000005,21972.500000000004,7.0,20250926.0,Received
4629,20251114,1,284,50,439.45000000000005,21972.500000000004,,,Confirmed
4630,20260114,1,284,50,439.45000000000005,21972.500000000004,9.0,20260123.0,Received
4631,20230308,1,285,50,439.45000000000005,21972.500000000004,8.0,20230316.0,Received
4632,20230501,1,285,50,439.45000000000005,21972.500000000004,11.0,20230512.0,Received
4633,20230726,1,285,50,439.45000000000005,21972.500000000004,8.0,20230803.0,Received
4634,20231014,1,285,50,439.45000000000005,21972.500000000004,11.0,20231025.0,Received
4635,20231203,1,285,50,439.45000000000005,21972.500000000004,11.0,20231214.0,Received
4636,20240202,1,285,50,439.45000000000005,21972.500000000004,,,Cancelled
4637,20240423,1,285,50,439.45000000000005,21972.500000000004,9.0,20240502.0,Received
4638,20240720,1,285,50,439.45000000000005,21972.500000000004,7.0,20240727.0,Received
4639,20240913,1,285,50,439.45000000000005,21972.500000000004,6.0,20240919.0,Received
4640,20241130,1,285,50,439.45000000000005,21972.500000000004,7.0,20241207.0,Received
4641,20250119,1,285,50,439.45000000000005,21972.500000000004,9.0,20250128.0,Received
4642,20250403,1,285,50,439.45000000000005,21972.500000000004,7.0,20250410.0,Received
4643,20250612,1,285,50,439.45000000000005,21972.500000000004,9.0,20250621.0,Received
4644,20250808,1,285,50,439.45000000000005,21972.500000000004,5.0,20250813.0,Received
4645,20251015,1,285,50,439.45000000000005,21972.500000000004,9.0,20251024.0,Received
4646,20251222,1,285,50,439.45000000000005,21972.500000000004,8.0,20251230.0,Received
4647,20230223,1,286,50,439.45000000000005,21972.500000000004,7.0,20230302.0,Received
4648,20230523,1,286,50,439.45000000000005,21972.500000000004,9.0,20230601.0,Received
4649,20230812,1,286,50,439.45000000000005,21972.500000000004,11.0,20230823.0,Received
4650,20231104,1,286,50,439.45000000000005,21972.500000000004,9.0,20231113.0,Received
4651,20240102,1,286,50,439.45000000000005,21972.500000000004,10.0,20240112.0,Received
4652,20240315,1,286,50,439.45000000000005,21972.500000000004,,,Cancelled
4653,20240505,1,286,50,439.45000000000005,21972.500000000004,6.0,20240511.0,Received
4654,20240730,1,286,50,439.45000000000005,21972.500000000004,6.0,20240805.0,Received
4655,20240921,1,286,50,439.45000000000005,21972.500000000004,9.0,20240930.0,Received
4656,20241110,1,286,50,439.45000000000005,21972.500000000004,5.0,20241115.0,Received
4657,20250112,1,286,50,439.45000000000005,21972.500000000004,6.0,20250118.0,Received
4658,20250303,1,286,50,439.45000000000005,21972.500000000004,11.0,20250314.0,Received
4659,20250501,1,286,50,439.45000000000005,21972.500000000004,11.0,20250512.0,Received
4660,20250620,1,286,50,439.45000000000005,21972.500000000004,5.0,20250625.0,Received
4661,20250813,1,286,50,439.45000000000005,21972.500000000004,5.0,20250818.0,Received
4662,20251019,1,286,50,439.45000000000005,21972.500000000004,8.0,20251027.0,Received
4663,20251207,1,286,50,439.45000000000005,21972.500000000004,11.0,20251218.0,Received
4664,20230320,1,287,50,439.45000000000005,21972.500000000004,6.0,20230326.0,Received
4665,20230521,1,287,50,439.45000000000005,21972.500000000004,8.0,20230529.0,Received
4666,20230730,1,287,50,439.45000000000005,21972.500000000004,5.0,20230804.0,Received
4667,20231002,1,287,50,439.45000000000005,21972.500000000004,10.0,20231012.0,Received
4668,20231209,1,287,50,439.45000000000005,21972.500000000004,11.0,20231220.0,Received
4669,20240224,1,287,50,439.45000000000005,21972.500000000004,5.0,20240229.0,Received
4670,20240424,1,287,50,439.45000000000005,21972.500000000004,,,Confirmed
4671,20240620,1,287,50,439.45000000000005,21972.500000000004,11.0,20240701.0,Received
4672,20240821,1,287,50,439.45000000000005,21972.500000000004,7.0,20240828.0,Received
4673,20241103,1,287,50,439.45000000000005,21972.500000000004,7.0,20241110.0,Received
4674,20241224,1,287,50,439.45000000000005,21972.500000000004,5.0,20241229.0,Received
4675,20250227,1,287,50,439.45000000000005,21972.500000000004,10.0,20250309.0,Received
4676,20250429,1,287,50,439.45000000000005,21972.500000000004,8.0,20250507.0,Received
4677,20250616,1,287,50,439.45000000000005,21972.500000000004,11.0,20250627.0,Received
4678,20250808,1,287,50,439.45000000000005,21972.500000000004,6.0,20250814.0,Received
4679,20250923,1,287,50,439.45000000000005,21972.500000000004,8.0,20251001.0,Received
4680,20251111,1,287,50,439.45000000000005,21972.500000000004,,,Cancelled
4681,20260120,1,287,50,439.45000000000005,21972.500000000004,9.0,20260129.0,Received
4682,20230325,1,288,50,568.5454945054946,28427.274725274732,11.0,20230405.0,Received
4683,20230510,1,288,50,568.5454945054946,28427.274725274732,5.0,20230515.0,Received
4684,20230723,1,288,50,568.5454945054946,28427.274725274732,10.0,20230802.0,Received
4685,20231004,1,288,50,568.5454945054946,28427.274725274732,9.0,20231013.0,Received
4686,20231201,1,288,50,568.5454945054946,28427.274725274732,10.0,20231211.0,Received
4687,20240214,1,288,50,568.5454945054946,28427.274725274732,7.0,20240221.0,Received
4688,20240512,1,288,50,568.5454945054946,28427.274725274732,9.0,20240521.0,Received
4689,20240702,1,288,50,568.5454945054946,28427.274725274732,11.0,20240713.0,Received
4690,20240825,1,288,50,568.5454945054946,28427.274725274732,8.0,20240902.0,Received
4691,20241010,1,288,50,568.5454945054946,28427.274725274732,10.0,20241020.0,Received
4692,20241206,1,288,50,568.5454945054946,28427.274725274732,7.0,20241213.0,Received
4693,20250206,1,288,50,568.5454945054946,28427.274725274732,10.0,20250216.0,Received
4694,20250403,1,288,50,568.5454945054946,28427.274725274732,9.0,20250412.0,Received
4695,20250602,1,288,50,568.5454945054946,28427.274725274732,7.0,20250609.0,Received
4696,20250801,1,288,50,568.5454945054946,28427.274725274732,5.0,20250806.0,Received
4697,20251004,1,288,50,568.5454945054946,28427.274725274732,10.0,20251014.0,Received
4698,20251229,1,288,50,568.5454945054946,28427.274725274732,,,Cancelled
4699,20230302,1,289,50,439.45000000000005,21972.500000000004,7.0,20230309.0,Received
4700,20230504,1,289,50,439.45000000000005,21972.500000000004,11.0,20230515.0,Received
4701,20230703,1,289,50,439.45000000000005,21972.500000000004,7.0,20230710.0,Received
4702,20230909,1,289,50,439.45000000000005,21972.500000000004,9.0,20230918.0,Received
4703,20231031,1,289,50,439.45000000000005,21972.500000000004,,,Cancelled
4704,20231217,1,289,50,439.45000000000005,21972.500000000004,11.0,20231228.0,Received
4705,20240212,1,289,50,439.45000000000005,21972.500000000004,6.0,20240218.0,Received
4706,20240403,1,289,50,439.45000000000005,21972.500000000004,9.0,20240412.0,Received
4707,20240621,1,289,50,439.45000000000005,21972.500000000004,8.0,20240629.0,Received
4708,20240811,1,289,50,439.45000000000005,21972.500000000004,11.0,20240822.0,Received
4709,20241107,1,289,50,439.45000000000005,21972.500000000004,10.0,20241117.0,Received
4710,20250130,1,289,50,439.45000000000005,21972.500000000004,6.0,20250205.0,Received
4711,20250402,1,289,50,439.45000000000005,21972.500000000004,,,Confirmed
4712,20250619,1,289,50,439.45000000000005,21972.500000000004,10.0,20250629.0,Received
4713,20250812,1,289,50,439.45000000000005,21972.500000000004,9.0,20250821.0,Received
4714,20251108,1,289,50,439.45000000000005,21972.500000000004,8.0,20251116.0,Received
4715,20260102,1,289,50,439.45000000000005,21972.500000000004,7.0,20260109.0,Received
4716,20230216,1,290,50,439.45000000000005,21972.500000000004,9.0,20230225.0,Received
4717,20230511,1,290,50,439.45000000000005,21972.500000000004,9.0,20230520.0,Received
4718,20230706,1,290,50,439.45000000000005,21972.500000000004,,,Confirmed
4719,20230921,1,290,50,439.45000000000005,21972.500000000004,11.0,20231002.0,Received
4720,20231128,1,290,50,439.45000000000005,21972.500000000004,,,Confirmed
4721,20240213,1,290,50,439.45000000000005,21972.500000000004,9.0,20240222.0,Received
4722,20240421,1,290,50,439.45000000000005,21972.500000000004,11.0,20240502.0,Received
4723,20240719,1,290,50,439.45000000000005,21972.500000000004,6.0,20240725.0,Received
4724,20241006,1,290,50,439.45000000000005,21972.500000000004,8.0,20241014.0,Received
4725,20241125,1,290,50,439.45000000000005,21972.500000000004,,,Cancelled
4726,20250123,1,290,50,439.45000000000005,21972.500000000004,8.0,20250131.0,Received
4727,20250405,1,290,50,439.45000000000005,21972.500000000004,6.0,20250411.0,Received
4728,20250628,1,290,50,439.45000000000005,21972.500000000004,,,Confirmed
4729,20250827,1,290,50,439.45000000000005,21972.500000000004,7.0,20250903.0,Received
4730,20251014,1,290,50,439.45000000000005,21972.500000000004,10.0,20251024.0,Received
4731,20251206,1,290,50,439.45000000000005,21972.500000000004,9.0,20251215.0,Received
4732,20230224,1,291,50,439.45000000000005,21972.500000000004,8.0,20230304.0,Received
4733,20230502,1,291,50,439.45000000000005,21972.500000000004,11.0,20230513.0,Received
4734,20230702,1,291,50,439.45000000000005,21972.500000000004,8.0,20230710.0,Received
4735,20230826,1,291,50,439.45000000000005,21972.500000000004,11.0,20230906.0,Received
4736,20231117,1,291,50,439.45000000000005,21972.500000000004,7.0,20231124.0,Received
4737,20240202,1,291,50,439.45000000000005,21972.500000000004,9.0,20240211.0,Received
4738,20240327,1,291,50,439.45000000000005,21972.500000000004,5.0,20240401.0,Received
4739,20240610,1,291,50,439.45000000000005,21972.500000000004,11.0,20240621.0,Received
4740,20240907,1,291,50,439.45000000000005,21972.500000000004,7.0,20240914.0,Received
4741,20241022,1,291,50,439.45000000000005,21972.500000000004,7.0,20241029.0,Received
4742,20241228,1,291,50,439.45000000000005,21972.500000000004,10.0,20250107.0,Received
4743,20250316,1,291,50,439.45000000000005,21972.500000000004,10.0,20250326.0,Received
4744,20250506,1,291,50,439.45000000000005,21972.500000000004,8.0,20250514.0,Received
4745,20250727,1,291,50,439.45000000000005,21972.500000000004,9.0,20250805.0,Received
4746,20250915,1,291,50,439.45000000000005,21972.500000000004,9.0,20250924.0,Received
4747,20251120,1,291,50,439.45000000000005,21972.500000000004,7.0,20251127.0,Received
4748,20260109,1,291,50,439.45000000000005,21972.500000000004,5.0,20260114.0,Received
4749,20230331,1,292,50,439.45000000000005,21972.500000000004,11.0,20230411.0,Received
4750,20230516,1,292,50,439.45000000000005,21972.500000000004,5.0,20230521.0,Received
4751,20230728,1,292,50,439.45000000000005,21972.500000000004,8.0,20230805.0,Received
4752,20231021,1,292,50,439.45000000000005,21972.500000000004,11.0,20231101.0,Received
4753,20240108,1,292,50,439.45000000000005,21972.500000000004,7.0,20240115.0,Received
4754,20240305,1,292,50,439.45000000000005,21972.500000000004,11.0,20240316.0,Received
4755,20240514,1,292,50,439.45000000000005,21972.500000000004,8.0,20240522.0,Received
4756,20240628,1,292,50,439.45000000000005,21972.500000000004,9.0,20240707.0,Received
4757,20240915,1,292,50,439.45000000000005,21972.500000000004,10.0,20240925.0,Received
4758,20241103,1,292,50,439.45000000000005,21972.500000000004,6.0,20241109.0,Received
4759,20241231,1,292,50,439.45000000000005,21972.500000000004,6.0,20250106.0,Received
4760,20250325,1,292,50,439.45000000000005,21972.500000000004,5.0,20250330.0,Received
4761,20250619,1,292,50,439.45000000000005,21972.500000000004,10.0,20250629.0,Received
4762,20250806,1,292,50,439.45000000000005,21972.500000000004,8.0,20250814.0,Received
4763,20250922,1,292,50,439.45000000000005,21972.500000000004,7.0,20250929.0,Received
4764,20251106,1,292,50,439.45000000000005,21972.500000000004,10.0,20251116.0,Received
4765,20260120,1,292,50,439.45000000000005,21972.500000000004,8.0,20260128.0,Received
4766,20230301,1,293,50,249.04996630403392,12452.498315201696,5.0,20230306.0,Received
4767,20230422,1,293,50,249.04996630403392,12452.498315201696,7.0,20230429.0,Received
4768,20230713,1,293,50,249.04996630403392,12452.498315201696,8.0,20230721.0,Received
4769,20231009,1,293,50,249.04996630403392,12452.498315201696,9.0,20231018.0,Received
4770,20231219,1,293,50,249.04996630403392,12452.498315201696,7.0,20231226.0,Received
4771,20240224,1,293,50,249.04996630403392,12452.498315201696,11.0,20240306.0,Received
4772,20240429,1,293,50,249.04996630403392,12452.498315201696,6.0,20240505.0,Received
4773,20240708,1,293,50,249.04996630403392,12452.498315201696,10.0,20240718.0,Received
4774,20240909,1,293,50,249.04996630403392,12452.498315201696,11.0,20240920.0,Received
4775,20241101,1,293,50,249.04996630403392,12452.498315201696,7.0,20241108.0,Received
4776,20241231,1,293,50,249.04996630403392,12452.498315201696,6.0,20250106.0,Received
4777,20250224,1,293,50,249.04996630403392,12452.498315201696,9.0,20250305.0,Received
4778,20250422,1,293,50,249.04996630403392,12452.498315201696,11.0,20250503.0,Received
4779,20250714,1,293,50,249.04996630403392,12452.498315201696,8.0,20250722.0,Received
4780,20250909,1,293,50,249.04996630403392,12452.498315201696,8.0,20250917.0,Received
4781,20251117,1,293,50,249.04996630403392,12452.498315201696,10.0,20251127.0,Received
4782,20260111,1,293,50,249.04996630403392,12452.498315201696,5.0,20260116.0,Received
4783,20230311,1,294,50,192.50000000000003,9625.000000000002,8.0,20230319.0,Received
4784,20230529,1,294,50,192.50000000000003,9625.000000000002,8.0,20230606.0,Received
4785,20230806,1,294,50,192.50000000000003,9625.000000000002,10.0,20230816.0,Received
4786,20230923,1,294,50,192.50000000000003,9625.000000000002,7.0,20230930.0,Received
4787,20231129,1,294,50,192.50000000000003,9625.000000000002,6.0,20231205.0,Received
4788,20240224,1,294,50,192.50000000000003,9625.000000000002,8.0,20240303.0,Received
4789,20240414,1,294,50,192.50000000000003,9625.000000000002,10.0,20240424.0,Received
4790,20240530,1,294,50,192.50000000000003,9625.000000000002,5.0,20240604.0,Received
4791,20240812,1,294,50,192.50000000000003,9625.000000000002,,,Confirmed
4792,20241031,1,294,50,192.50000000000003,9625.000000000002,6.0,20241106.0,Received
4793,20241217,1,294,50,192.50000000000003,9625.000000000002,6.0,20241223.0,Received
4794,20250313,1,294,50,192.50000000000003,9625.000000000002,6.0,20250319.0,Received
4795,20250530,1,294,50,192.50000000000003,9625.000000000002,8.0,20250607.0,Received
4796,20250729,1,294,50,192.50000000000003,9625.000000000002,10.0,20250808.0,Received
4797,20251017,1,294,50,192.50000000000003,9625.000000000002,5.0,20251022.0,Received
4798,20260112,1,294,50,192.50000000000003,9625.000000000002,10.0,20260122.0,Received
4799,20230306,1,295,50,192.50000000000003,9625.000000000002,,,Cancelled
4800,20230516,1,295,50,192.50000000000003,9625.000000000002,,,Confirmed
4801,20230805,1,295,50,192.50000000000003,9625.000000000002,5.0,20230810.0,Received
4802,20230925,1,295,50,192.50000000000003,9625.000000000002,8.0,20231003.0,Received
4803,20231204,1,295,50,192.50000000000003,9625.000000000002,10.0,20231214.0,Received
4804,20240131,1,295,50,192.50000000000003,9625.000000000002,8.0,20240208.0,Received
4805,20240425,1,295,50,192.50000000000003,9625.000000000002,11.0,20240506.0,Received
4806,20240708,1,295,50,192.50000000000003,9625.000000000002,10.0,20240718.0,Received
4807,20240915,1,295,50,192.50000000000003,9625.000000000002,11.0,20240926.0,Received
4808,20241113,1,295,50,192.50000000000003,9625.000000000002,11.0,20241124.0,Received
4809,20250124,1,295,50,192.50000000000003,9625.000000000002,9.0,20250202.0,Received
4810,20250421,1,295,50,192.50000000000003,9625.000000000002,10.0,20250501.0,Received
4811,20250610,1,295,50,192.50000000000003,9625.000000000002,7.0,20250617.0,Received
4812,20250827,1,295,50,192.50000000000003,9625.000000000002,5.0,20250901.0,Received
4813,20251019,1,295,50,192.50000000000003,9625.000000000002,5.0,20251024.0,Received
4814,20260113,1,295,50,192.50000000000003,9625.000000000002,,,Confirmed
4815,20230320,1,296,50,192.50000000000003,9625.000000000002,6.0,20230326.0,Received
4816,20230529,1,296,50,192.50000000000003,9625.000000000002,8.0,20230606.0,Received
4817,20230813,1,296,50,192.50000000000003,9625.000000000002,6.0,20230819.0,Received
4818,20231003,1,296,50,192.50000000000003,9625.000000000002,7.0,20231010.0,Received
4819,20231217,1,296,50,192.50000000000003,9625.000000000002,6.0,20231223.0,Received
4820,20240302,1,296,50,192.50000000000003,9625.000000000002,9.0,20240311.0,Received
4821,20240430,1,296,50,192.50000000000003,9625.000000000002,7.0,20240507.0,Received
4822,20240617,1,296,50,192.50000000000003,9625.000000000002,7.0,20240624.0,Received
4823,20240819,1,296,50,192.50000000000003,9625.000000000002,6.0,20240825.0,Received
4824,20241024,1,296,50,192.50000000000003,9625.000000000002,,,Cancelled
4825,20250115,1,296,50,192.50000000000003,9625.000000000002,6.0,20250121.0,Received
4826,20250331,1,296,50,192.50000000000003,9625.000000000002,7.0,20250407.0,Received
4827,20250515,1,296,50,192.50000000000003,9625.000000000002,11.0,20250526.0,Received
4828,20250711,1,296,50,192.50000000000003,9625.000000000002,10.0,20250721.0,Received
4829,20250905,1,296,50,192.50000000000003,9625.000000000002,6.0,20250911.0,Received
4830,20251125,1,296,50,192.50000000000003,9625.000000000002,,,Confirmed
4831,20260111,1,296,50,192.50000000000003,9625.000000000002,6.0,20260117.0,Received
4832,20230226,1,297,50,390.65266143118464,19532.63307155923,9.0,20230307.0,Received
4833,20230426,1,297,50,390.65266143118464,19532.63307155923,8.0,20230504.0,Received
4834,20230622,1,297,50,390.65266143118464,19532.63307155923,6.0,20230628.0,Received
4835,20230916,1,297,50,390.65266143118464,19532.63307155923,11.0,20230927.0,Received
4836,20231130,1,297,50,390.65266143118464,19532.63307155923,7.0,20231207.0,Received
4837,20240131,1,297,50,390.65266143118464,19532.63307155923,9.0,20240209.0,Received
4838,20240421,1,297,50,390.65266143118464,19532.63307155923,10.0,20240501.0,Received
4839,20240713,1,297,50,390.65266143118464,19532.63307155923,9.0,20240722.0,Received
4840,20240926,1,297,50,390.65266143118464,19532.63307155923,6.0,20241002.0,Received
4841,20241123,1,297,50,390.65266143118464,19532.63307155923,10.0,20241203.0,Received
4842,20250210,1,297,50,390.65266143118464,19532.63307155923,11.0,20250221.0,Received
4843,20250327,1,297,50,390.65266143118464,19532.63307155923,10.0,20250406.0,Received
4844,20250523,1,297,50,390.65266143118464,19532.63307155923,8.0,20250531.0,Received
4845,20250731,1,297,50,390.65266143118464,19532.63307155923,,,Cancelled
4846,20251008,1,297,50,390.65266143118464,19532.63307155923,9.0,20251017.0,Received
4847,20251210,1,297,50,390.65266143118464,19532.63307155923,8.0,20251218.0,Received
4848,20230319,1,298,50,301.95000000000005,15097.500000000002,10.0,20230329.0,Received
4849,20230517,1,298,50,301.95000000000005,15097.500000000002,11.0,20230528.0,Received
4850,20230728,1,298,50,301.95000000000005,15097.500000000002,7.0,20230804.0,Received
4851,20230924,1,298,50,301.95000000000005,15097.500000000002,5.0,20230929.0,Received
4852,20231112,1,298,50,301.95000000000005,15097.500000000002,6.0,20231118.0,Received
4853,20240203,1,298,50,301.95000000000005,15097.500000000002,7.0,20240210.0,Received
4854,20240430,1,298,50,301.95000000000005,15097.500000000002,6.0,20240506.0,Received
4855,20240625,1,298,50,301.95000000000005,15097.500000000002,5.0,20240630.0,Received
4856,20240829,1,298,50,301.95000000000005,15097.500000000002,9.0,20240907.0,Received
4857,20241024,1,298,50,301.95000000000005,15097.500000000002,9.0,20241102.0,Received
4858,20241211,1,298,50,301.95000000000005,15097.500000000002,7.0,20241218.0,Received
4859,20250309,1,298,50,301.95000000000005,15097.500000000002,10.0,20250319.0,Received
4860,20250424,1,298,50,301.95000000000005,15097.500000000002,9.0,20250503.0,Received
4861,20250610,1,298,50,301.95000000000005,15097.500000000002,6.0,20250616.0,Received
4862,20250805,1,298,50,301.95000000000005,15097.500000000002,9.0,20250814.0,Received
4863,20251016,1,298,50,301.95000000000005,15097.500000000002,8.0,20251024.0,Received
4864,20251231,1,298,50,301.95000000000005,15097.500000000002,11.0,20260111.0,Received
4865,20230309,1,299,50,301.95000000000005,15097.500000000002,7.0,20230316.0,Received
4866,20230518,1,299,50,301.95000000000005,15097.500000000002,6.0,20230524.0,Received
4867,20230809,1,299,50,301.95000000000005,15097.500000000002,9.0,20230818.0,Received
4868,20231012,1,299,50,301.95000000000005,15097.500000000002,9.0,20231021.0,Received
4869,20240108,1,299,50,301.95000000000005,15097.500000000002,7.0,20240115.0,Received
4870,20240227,1,299,50,301.95000000000005,15097.500000000002,10.0,20240308.0,Received
4871,20240427,1,299,50,301.95000000000005,15097.500000000002,9.0,20240506.0,Received
4872,20240617,1,299,50,301.95000000000005,15097.500000000002,5.0,20240622.0,Received
4873,20240826,1,299,50,301.95000000000005,15097.500000000002,6.0,20240901.0,Received
4874,20241010,1,299,50,301.95000000000005,15097.500000000002,10.0,20241020.0,Received
4875,20241203,1,299,50,301.95000000000005,15097.500000000002,5.0,20241208.0,Received
4876,20250127,1,299,50,301.95000000000005,15097.500000000002,6.0,20250202.0,Received
4877,20250420,1,299,50,301.95000000000005,15097.500000000002,11.0,20250501.0,Received
4878,20250605,1,299,50,301.95000000000005,15097.500000000002,10.0,20250615.0,Received
4879,20250812,1,299,50,301.95000000000005,15097.500000000002,10.0,20250822.0,Received
4880,20251029,1,299,50,301.95000000000005,15097.500000000002,,,Cancelled
4881,20260118,1,299,50,301.95000000000005,15097.500000000002,8.0,20260126.0,Received
4882,20230317,1,300,50,301.95000000000005,15097.500000000002,7.0,20230324.0,Received
4883,20230518,1,300,50,301.95000000000005,15097.500000000002,11.0,20230529.0,Received
4884,20230802,1,300,50,301.95000000000005,15097.500000000002,7.0,20230809.0,Received
4885,20231010,1,300,50,301.95000000000005,15097.500000000002,,,Cancelled
4886,20231225,1,300,50,301.95000000000005,15097.500000000002,6.0,20231231.0,Received
4887,20240309,1,300,50,301.95000000000005,15097.500000000002,10.0,20240319.0,Received
4888,20240426,1,300,50,301.95000000000005,15097.500000000002,6.0,20240502.0,Received
4889,20240627,1,300,50,301.95000000000005,15097.500000000002,8.0,20240705.0,Received
4890,20240826,1,300,50,301.95000000000005,15097.500000000002,11.0,20240906.0,Received
4891,20241023,1,300,50,301.95000000000005,15097.500000000002,6.0,20241029.0,Received
4892,20241231,1,300,50,301.95000000000005,15097.500000000002,8.0,20250108.0,Received
4893,20250312,1,300,50,301.95000000000005,15097.500000000002,8.0,20250320.0,Received
4894,20250530,1,300,50,301.95000000000005,15097.500000000002,7.0,20250606.0,Received
4895,20250718,1,300,50,301.95000000000005,15097.500000000002,7.0,20250725.0,Received
4896,20250912,1,300,50,301.95000000000005,15097.500000000002,,,Confirmed
4897,20251103,1,300,50,301.95000000000005,15097.500000000002,10.0,20251113.0,Received
4898,20260117,1,300,50,301.95000000000005,15097.500000000002,6.0,20260123.0,Received
4899,20230311,1,301,50,301.95000000000005,15097.500000000002,,,Confirmed
4900,20230516,1,301,50,301.95000000000005,15097.500000000002,11.0,20230527.0,Received
4901,20230709,1,301,50,301.95000000000005,15097.500000000002,9.0,20230718.0,Received
4902,20230919,1,301,50,301.95000000000005,15097.500000000002,10.0,20230929.0,Received
4903,20231105,1,301,50,301.95000000000005,15097.500000000002,5.0,20231110.0,Received
4904,20231229,1,301,50,301.95000000000005,15097.500000000002,10.0,20240108.0,Received
4905,20240220,1,301,50,301.95000000000005,15097.500000000002,5.0,20240225.0,Received
4906,20240507,1,301,50,301.95000000000005,15097.500000000002,9.0,20240516.0,Received
4907,20240623,1,301,50,301.95000000000005,15097.500000000002,9.0,20240702.0,Received
4908,20240904,1,301,50,301.95000000000005,15097.500000000002,,,Cancelled
4909,20241024,1,301,50,301.95000000000005,15097.500000000002,5.0,20241029.0,Received
4910,20250106,1,301,50,301.95000000000005,15097.500000000002,7.0,20250113.0,Received
4911,20250405,1,301,50,301.95000000000005,15097.500000000002,7.0,20250412.0,Received
4912,20250613,1,301,50,301.95000000000005,15097.500000000002,8.0,20250621.0,Received
4913,20250802,1,301,50,301.95000000000005,15097.500000000002,,,Cancelled
4914,20251002,1,301,50,301.95000000000005,15097.500000000002,7.0,20251009.0,Received
4915,20251128,1,301,50,301.95000000000005,15097.500000000002,9.0,20251207.0,Received
4916,20230224,1,302,50,390.65266143118464,19532.63307155923,11.0,20230307.0,Received
4917,20230518,1,302,50,390.65266143118464,19532.63307155923,11.0,20230529.0,Received
4918,20230711,1,302,50,390.65266143118464,19532.63307155923,10.0,20230721.0,Received
4919,20231004,1,302,50,390.65266143118464,19532.63307155923,11.0,20231015.0,Received
4920,20231204,1,302,50,390.65266143118464,19532.63307155923,8.0,20231212.0,Received
4921,20240204,1,302,50,390.65266143118464,19532.63307155923,,,Cancelled
4922,20240401,1,302,50,390.65266143118464,19532.63307155923,10.0,20240411.0,Received
4923,20240518,1,302,50,390.65266143118464,19532.63307155923,11.0,20240529.0,Received
4924,20240814,1,302,50,390.65266143118464,19532.63307155923,8.0,20240822.0,Received
4925,20241016,1,302,50,390.65266143118464,19532.63307155923,5.0,20241021.0,Received
4926,20241215,1,302,50,390.65266143118464,19532.63307155923,6.0,20241221.0,Received
4927,20250206,1,302,50,390.65266143118464,19532.63307155923,10.0,20250216.0,Received
4928,20250506,1,302,50,390.65266143118464,19532.63307155923,7.0,20250513.0,Received
4929,20250620,1,302,50,390.65266143118464,19532.63307155923,8.0,20250628.0,Received
4930,20250823,1,302,50,390.65266143118464,19532.63307155923,9.0,20250901.0,Received
4931,20251115,1,302,50,390.65266143118464,19532.63307155923,11.0,20251126.0,Received
4932,20260128,1,302,50,390.65266143118464,19532.63307155923,6.0,20260203.0,Received
4933,20230314,1,303,70,301.95000000000005,21136.500000000004,6.0,20230320.0,Received
4934,20230429,1,303,70,301.95000000000005,21136.500000000004,5.0,20230504.0,Received
4935,20230704,1,303,70,301.95000000000005,21136.500000000004,9.0,20230713.0,Received
4936,20230928,1,303,70,301.95000000000005,21136.500000000004,7.0,20231005.0,Received
4937,20231211,1,303,70,301.95000000000005,21136.500000000004,5.0,20231216.0,Received
4938,20240227,1,303,70,301.95000000000005,21136.500000000004,11.0,20240309.0,Received
4939,20240412,1,303,70,301.95000000000005,21136.500000000004,6.0,20240418.0,Received
4940,20240630,1,303,70,301.95000000000005,21136.500000000004,,,Confirmed
4941,20240816,1,303,70,301.95000000000005,21136.500000000004,7.0,20240823.0,Received
4942,20241112,1,303,70,301.95000000000005,21136.500000000004,8.0,20241120.0,Received
4943,20241231,1,303,70,301.95000000000005,21136.500000000004,10.0,20250110.0,Received
4944,20250306,1,303,70,301.95000000000005,21136.500000000004,,,Confirmed
4945,20250517,1,303,70,301.95000000000005,21136.500000000004,7.0,20250524.0,Received
4946,20250724,1,303,70,301.95000000000005,21136.500000000004,9.0,20250802.0,Received
4947,20251010,1,303,70,301.95000000000005,21136.500000000004,9.0,20251019.0,Received
4948,20251213,1,303,70,301.95000000000005,21136.500000000004,10.0,20251223.0,Received
4949,20230228,1,304,50,301.95000000000005,15097.500000000002,7.0,20230307.0,Received
4950,20230418,1,304,50,301.95000000000005,15097.500000000002,9.0,20230427.0,Received
4951,20230711,1,304,50,301.95000000000005,15097.500000000002,,,Cancelled
4952,20230922,1,304,50,301.95000000000005,15097.500000000002,7.0,20230929.0,Received
4953,20231219,1,304,50,301.95000000000005,15097.500000000002,6.0,20231225.0,Received
4954,20240317,1,304,50,301.95000000000005,15097.500000000002,7.0,20240324.0,Received
4955,20240612,1,304,50,301.95000000000005,15097.500000000002,8.0,20240620.0,Received
4956,20240801,1,304,50,301.95000000000005,15097.500000000002,9.0,20240810.0,Received
4957,20240917,1,304,50,301.95000000000005,15097.500000000002,9.0,20240926.0,Received
4958,20241130,1,304,50,301.95000000000005,15097.500000000002,11.0,20241211.0,Received
4959,20250202,1,304,50,301.95000000000005,15097.500000000002,5.0,20250207.0,Received
4960,20250428,1,304,50,301.95000000000005,15097.500000000002,10.0,20250508.0,Received
4961,20250713,1,304,50,301.95000000000005,15097.500000000002,,,Cancelled
4962,20250918,1,304,50,301.95000000000005,15097.500000000002,8.0,20250926.0,Received
4963,20251214,1,304,50,301.95000000000005,15097.500000000002,9.0,20251223.0,Received
4964,20230323,1,305,50,301.95000000000005,15097.500000000002,6.0,20230329.0,Received
4965,20230604,1,305,50,301.95000000000005,15097.500000000002,9.0,20230613.0,Received
4966,20230725,1,305,50,301.95000000000005,15097.500000000002,6.0,20230731.0,Received
4967,20231013,1,305,50,301.95000000000005,15097.500000000002,10.0,20231023.0,Received
4968,20231220,1,305,50,301.95000000000005,15097.500000000002,,,Confirmed
4969,20240222,1,305,50,301.95000000000005,15097.500000000002,9.0,20240302.0,Received
4970,20240507,1,305,50,301.95000000000005,15097.500000000002,7.0,20240514.0,Received
4971,20240802,1,305,50,301.95000000000005,15097.500000000002,8.0,20240810.0,Received
4972,20241024,1,305,50,301.95000000000005,15097.500000000002,11.0,20241104.0,Received
4973,20241216,1,305,50,301.95000000000005,15097.500000000002,11.0,20241227.0,Received
4974,20250211,1,305,50,301.95000000000005,15097.500000000002,9.0,20250220.0,Received
4975,20250402,1,305,50,301.95000000000005,15097.500000000002,11.0,20250413.0,Received
4976,20250614,1,305,50,301.95000000000005,15097.500000000002,11.0,20250625.0,Received
4977,20250828,1,305,50,301.95000000000005,15097.500000000002,9.0,20250906.0,Received
4978,20251124,1,305,50,301.95000000000005,15097.500000000002,9.0,20251203.0,Received
4979,20260110,1,305,50,301.95000000000005,15097.500000000002,10.0,20260120.0,Received
4980,20230221,1,306,50,301.95000000000005,15097.500000000002,10.0,20230303.0,Received
4981,20230519,1,306,50,301.95000000000005,15097.500000000002,11.0,20230530.0,Received
4982,20230707,1,306,50,301.95000000000005,15097.500000000002,,,Confirmed
4983,20230928,1,306,50,301.95000000000005,15097.500000000002,9.0,20231007.0,Received
4984,20231203,1,306,50,301.95000000000005,15097.500000000002,8.0,20231211.0,Received
4985,20240213,1,306,50,301.95000000000005,15097.500000000002,,,Confirmed
4986,20240330,1,306,50,301.95000000000005,15097.500000000002,,,Cancelled
4987,20240527,1,306,50,301.95000000000005,15097.500000000002,7.0,20240603.0,Received
4988,20240713,1,306,50,301.95000000000005,15097.500000000002,8.0,20240721.0,Received
4989,20240924,1,306,50,301.95000000000005,15097.500000000002,5.0,20240929.0,Received
4990,20241211,1,306,50,301.95000000000005,15097.500000000002,8.0,20241219.0,Received
4991,20250227,1,306,50,301.95000000000005,15097.500000000002,7.0,20250306.0,Received
4992,20250429,1,306,50,301.95000000000005,15097.500000000002,11.0,20250510.0,Received
4993,20250627,1,306,50,301.95000000000005,15097.500000000002,9.0,20250706.0,Received
4994,20250911,1,306,50,301.95000000000005,15097.500000000002,5.0,20250916.0,Received
4995,20251027,1,306,50,301.95000000000005,15097.500000000002,7.0,20251103.0,Received
4996,20251224,1,306,50,301.95000000000005,15097.500000000002,,,Confirmed
4997,20230312,1,307,50,120.31170927318296,6015.5854636591475,5.0,20230317.0,Received
4998,20230430,1,307,50,120.31170927318296,6015.5854636591475,,,Cancelled
4999,20230703,1,307,50,120.31170927318296,6015.5854636591475,11.0,20230714.0,Received
5000,20230913,1,307,50,120.31170927318296,6015.5854636591475,8.0,20230921.0,Received
5001,20231120,1,307,50,120.31170927318296,6015.5854636591475,11.0,20231201.0,Received
5002,20240128,1,307,50,120.31170927318296,6015.5854636591475,9.0,20240206.0,Received
5003,20240323,1,307,50,120.31170927318296,6015.5854636591475,,,Confirmed
5004,20240531,1,307,50,120.31170927318296,6015.5854636591475,8.0,20240608.0,Received
5005,20240715,1,307,50,120.31170927318296,6015.5854636591475,11.0,20240726.0,Received
5006,20240902,1,307,50,120.31170927318296,6015.5854636591475,5.0,20240907.0,Received
5007,20241030,1,307,50,120.31170927318296,6015.5854636591475,7.0,20241106.0,Received
5008,20250120,1,307,50,120.31170927318296,6015.5854636591475,8.0,20250128.0,Received
5009,20250330,1,307,50,120.31170927318296,6015.5854636591475,11.0,20250410.0,Received
5010,20250604,1,307,50,120.31170927318296,6015.5854636591475,8.0,20250612.0,Received
5011,20250725,1,307,50,120.31170927318296,6015.5854636591475,5.0,20250730.0,Received
5012,20250913,1,307,50,120.31170927318296,6015.5854636591475,11.0,20250924.0,Received
5013,20251115,1,307,50,120.31170927318296,6015.5854636591475,6.0,20251121.0,Received
5014,20260111,1,307,50,120.31170927318296,6015.5854636591475,11.0,20260122.0,Received
5015,20230302,1,308,50,109.45,5472.5,,,Confirmed
5016,20230522,1,308,50,109.45,5472.5,6.0,20230528.0,Received
5017,20230727,1,308,50,109.45,5472.5,5.0,20230801.0,Received
5018,20231023,1,308,50,109.45,5472.5,,,Confirmed
5019,20231226,1,308,50,109.45,5472.5,,,Cancelled
5020,20240228,1,308,50,109.45,5472.5,9.0,20240308.0,Received
5021,20240521,1,308,50,109.45,5472.5,7.0,20240528.0,Received
5022,20240814,1,308,50,109.45,5472.5,8.0,20240822.0,Received
5023,20241010,1,308,50,109.45,5472.5,7.0,20241017.0,Received
5024,20241213,1,308,50,109.45,5472.5,6.0,20241219.0,Received
5025,20250226,1,308,50,109.45,5472.5,,,Confirmed
5026,20250525,1,308,50,109.45,5472.5,,,Cancelled
5027,20250822,1,308,50,109.45,5472.5,,,Confirmed
5028,20251101,1,308,50,109.45,5472.5,7.0,20251108.0,Received
5029,20260105,1,308,50,109.45,5472.5,11.0,20260116.0,Received
5030,20230307,1,309,50,109.45,5472.5,5.0,20230312.0,Received
5031,20230524,1,309,50,109.45,5472.5,,,Confirmed
5032,20230715,1,309,50,109.45,5472.5,5.0,20230720.0,Received
5033,20230929,1,309,50,109.45,5472.5,9.0,20231008.0,Received
5034,20231219,1,309,50,109.45,5472.5,5.0,20231224.0,Received
5035,20240304,1,309,50,109.45,5472.5,6.0,20240310.0,Received
5036,20240531,1,309,50,109.45,5472.5,6.0,20240606.0,Received
5037,20240718,1,309,50,109.45,5472.5,9.0,20240727.0,Received
5038,20240926,1,309,50,109.45,5472.5,6.0,20241002.0,Received
5039,20241112,1,309,50,109.45,5472.5,9.0,20241121.0,Received
5040,20250104,1,309,50,109.45,5472.5,,,Confirmed
5041,20250220,1,309,50,109.45,5472.5,5.0,20250225.0,Received
5042,20250423,1,309,50,109.45,5472.5,,,Confirmed
5043,20250613,1,309,50,109.45,5472.5,10.0,20250623.0,Received
5044,20250909,1,309,50,109.45,5472.5,7.0,20250916.0,Received
5045,20251026,1,309,50,109.45,5472.5,8.0,20251103.0,Received
5046,20251230,1,309,50,109.45,5472.5,7.0,20260106.0,Received
5047,20230321,1,310,50,109.45,5472.5,7.0,20230328.0,Received
5048,20230523,1,310,50,109.45,5472.5,8.0,20230531.0,Received
5049,20230710,1,310,50,109.45,5472.5,10.0,20230720.0,Received
5050,20230829,1,310,50,109.45,5472.5,7.0,20230905.0,Received
5051,20231110,1,310,50,109.45,5472.5,11.0,20231121.0,Received
5052,20231227,1,310,50,109.45,5472.5,10.0,20240106.0,Received
5053,20240217,1,310,50,109.45,5472.5,10.0,20240227.0,Received
5054,20240403,1,310,50,109.45,5472.5,10.0,20240413.0,Received
5055,20240620,1,310,50,109.45,5472.5,10.0,20240630.0,Received
5056,20240811,1,310,50,109.45,5472.5,5.0,20240816.0,Received
5057,20241010,1,310,50,109.45,5472.5,6.0,20241016.0,Received
5058,20241231,1,310,50,109.45,5472.5,8.0,20250108.0,Received
5059,20250309,1,310,50,109.45,5472.5,9.0,20250318.0,Received
5060,20250503,1,310,50,109.45,5472.5,8.0,20250511.0,Received
5061,20250628,1,310,50,109.45,5472.5,7.0,20250705.0,Received
5062,20250825,1,310,50,109.45,5472.5,9.0,20250903.0,Received
5063,20251012,1,310,50,109.45,5472.5,5.0,20251017.0,Received
5064,20251225,1,310,50,109.45,5472.5,5.0,20251230.0,Received
5065,20230219,1,311,50,241.228,12061.4,9.0,20230228.0,Received
5066,20230414,1,311,50,241.228,12061.4,9.0,20230423.0,Received
5067,20230529,1,311,50,241.228,12061.4,11.0,20230609.0,Received
5068,20230718,1,311,50,241.228,12061.4,9.0,20230727.0,Received
5069,20230911,1,311,50,241.228,12061.4,10.0,20230921.0,Received
5070,20231111,1,311,50,241.228,12061.4,10.0,20231121.0,Received
5071,20240104,1,311,50,241.228,12061.4,5.0,20240109.0,Received
5072,20240301,1,311,50,241.228,12061.4,5.0,20240306.0,Received
5073,20240505,1,311,50,241.228,12061.4,10.0,20240515.0,Received
5074,20240724,1,311,50,241.228,12061.4,7.0,20240731.0,Received
5075,20241008,1,311,50,241.228,12061.4,9.0,20241017.0,Received
5076,20241127,1,311,50,241.228,12061.4,5.0,20241202.0,Received
5077,20250112,1,311,50,241.228,12061.4,,,Cancelled
5078,20250302,1,311,50,241.228,12061.4,,,Cancelled
5079,20250511,1,311,50,241.228,12061.4,9.0,20250520.0,Received
5080,20250706,1,311,50,241.228,12061.4,7.0,20250713.0,Received
5081,20250909,1,311,50,241.228,12061.4,5.0,20250914.0,Received
5082,20251201,1,311,50,241.228,12061.4,,,Confirmed
5083,20230316,1,312,50,219.45000000000002,10972.5,10.0,20230326.0,Received
5084,20230521,1,312,50,219.45000000000002,10972.5,6.0,20230527.0,Received
5085,20230809,1,312,50,219.45000000000002,10972.5,11.0,20230820.0,Received
5086,20231001,1,312,50,219.45000000000002,10972.5,5.0,20231006.0,Received
5087,20231121,1,312,50,219.45000000000002,10972.5,7.0,20231128.0,Received
5088,20240126,1,312,50,219.45000000000002,10972.5,7.0,20240202.0,Received
5089,20240407,1,312,50,219.45000000000002,10972.5,9.0,20240416.0,Received
5090,20240614,1,312,50,219.45000000000002,10972.5,11.0,20240625.0,Received
5091,20240803,1,312,50,219.45000000000002,10972.5,10.0,20240813.0,Received
5092,20241018,1,312,50,219.45000000000002,10972.5,7.0,20241025.0,Received
5093,20241226,1,312,50,219.45000000000002,10972.5,9.0,20250104.0,Received
5094,20250323,1,312,50,219.45000000000002,10972.5,,,Confirmed
5095,20250611,1,312,50,219.45000000000002,10972.5,6.0,20250617.0,Received
5096,20250804,1,312,50,219.45000000000002,10972.5,11.0,20250815.0,Received
5097,20250922,1,312,50,219.45000000000002,10972.5,8.0,20250930.0,Received
5098,20251209,1,312,50,219.45000000000002,10972.5,9.0,20251218.0,Received
5099,20230316,1,313,50,219.45000000000002,10972.5,11.0,20230327.0,Received
5100,20230530,1,313,50,219.45000000000002,10972.5,7.0,20230606.0,Received
5101,20230814,1,313,50,219.45000000000002,10972.5,6.0,20230820.0,Received
5102,20231023,1,313,50,219.45000000000002,10972.5,10.0,20231102.0,Received
5103,20231226,1,313,50,219.45000000000002,10972.5,5.0,20231231.0,Received
5104,20240314,1,313,50,219.45000000000002,10972.5,10.0,20240324.0,Received
5105,20240506,1,313,50,219.45000000000002,10972.5,10.0,20240516.0,Received
5106,20240725,1,313,50,219.45000000000002,10972.5,6.0,20240731.0,Received
5107,20241011,1,313,50,219.45000000000002,10972.5,11.0,20241022.0,Received
5108,20241201,1,313,50,219.45000000000002,10972.5,,,Confirmed
5109,20250219,1,313,50,219.45000000000002,10972.5,8.0,20250227.0,Received
5110,20250407,1,313,50,219.45000000000002,10972.5,8.0,20250415.0,Received
5111,20250601,1,313,50,219.45000000000002,10972.5,9.0,20250610.0,Received
5112,20250809,1,313,50,219.45000000000002,10972.5,9.0,20250818.0,Received
5113,20251013,1,313,50,219.45000000000002,10972.5,5.0,20251018.0,Received
5114,20251213,1,313,50,219.45000000000002,10972.5,7.0,20251220.0,Received
5115,20230312,1,314,50,90.68721804511279,4534.360902255639,9.0,20230321.0,Received
5116,20230516,1,314,50,90.68721804511279,4534.360902255639,10.0,20230526.0,Received
5117,20230803,1,314,50,90.68721804511279,4534.360902255639,11.0,20230814.0,Received
5118,20230920,1,314,50,90.68721804511279,4534.360902255639,10.0,20230930.0,Received
5119,20231216,1,314,50,90.68721804511279,4534.360902255639,,,Cancelled
5120,20240222,1,314,50,90.68721804511279,4534.360902255639,9.0,20240302.0,Received
5121,20240417,1,314,50,90.68721804511279,4534.360902255639,9.0,20240426.0,Received
5122,20240628,1,314,50,90.68721804511279,4534.360902255639,11.0,20240709.0,Received
5123,20240831,1,314,50,90.68721804511279,4534.360902255639,8.0,20240908.0,Received
5124,20241122,1,314,50,90.68721804511279,4534.360902255639,10.0,20241202.0,Received
5125,20250127,1,314,50,90.68721804511279,4534.360902255639,10.0,20250206.0,Received
5126,20250418,1,314,50,90.68721804511279,4534.360902255639,10.0,20250428.0,Received
5127,20250605,1,314,50,90.68721804511279,4534.360902255639,5.0,20250610.0,Received
5128,20250801,1,314,50,90.68721804511279,4534.360902255639,5.0,20250806.0,Received
5129,20251006,1,314,50,90.68721804511279,4534.360902255639,9.0,20251015.0,Received
5130,20251204,1,314,50,90.68721804511279,4534.360902255639,7.0,20251211.0,Received
5131,20260125,1,314,50,90.68721804511279,4534.360902255639,5.0,20260130.0,Received
5132,20230307,1,315,50,82.5,4125.0,11.0,20230318.0,Received
5133,20230424,1,315,50,82.5,4125.0,,,Confirmed
5134,20230613,1,315,50,82.5,4125.0,9.0,20230622.0,Received
5135,20230802,1,315,50,82.5,4125.0,6.0,20230808.0,Received
5136,20231030,1,315,50,82.5,4125.0,7.0,20231106.0,Received
5137,20231215,1,315,50,82.5,4125.0,6.0,20231221.0,Received
5138,20240208,1,315,50,82.5,4125.0,7.0,20240215.0,Received
5139,20240420,1,315,50,82.5,4125.0,11.0,20240501.0,Received
5140,20240713,1,315,50,82.5,4125.0,,,Cancelled
5141,20240929,1,315,50,82.5,4125.0,6.0,20241005.0,Received
5142,20241212,1,315,50,82.5,4125.0,7.0,20241219.0,Received
5143,20250212,1,315,50,82.5,4125.0,6.0,20250218.0,Received
5144,20250331,1,315,50,82.5,4125.0,,,Cancelled
5145,20250605,1,315,50,82.5,4125.0,,,Cancelled
5146,20250723,1,315,50,82.5,4125.0,11.0,20250803.0,Received
5147,20250918,1,315,50,82.5,4125.0,11.0,20250929.0,Received
5148,20251211,1,315,50,82.5,4125.0,6.0,20251217.0,Received
5149,20230306,1,316,50,82.5,4125.0,8.0,20230314.0,Received
5150,20230503,1,316,50,82.5,4125.0,10.0,20230513.0,Received
5151,20230621,1,316,50,82.5,4125.0,9.0,20230630.0,Received
5152,20230807,1,316,50,82.5,4125.0,10.0,20230817.0,Received
5153,20230926,1,316,50,82.5,4125.0,8.0,20231004.0,Received
5154,20231120,1,316,50,82.5,4125.0,5.0,20231125.0,Received
5155,20240110,1,316,50,82.5,4125.0,6.0,20240116.0,Received
5156,20240321,1,316,50,82.5,4125.0,5.0,20240326.0,Received
5157,20240520,1,316,50,82.5,4125.0,9.0,20240529.0,Received
5158,20240814,1,316,50,82.5,4125.0,6.0,20240820.0,Received
5159,20240928,1,316,50,82.5,4125.0,10.0,20241008.0,Received
5160,20241112,1,316,50,82.5,4125.0,,,Cancelled
5161,20250206,1,316,50,82.5,4125.0,9.0,20250215.0,Received
5162,20250504,1,316,50,82.5,4125.0,7.0,20250511.0,Received
5163,20250711,1,316,50,82.5,4125.0,7.0,20250718.0,Received
5164,20251007,1,316,50,82.5,4125.0,10.0,20251017.0,Received
5165,20251128,1,316,50,82.5,4125.0,6.0,20251204.0,Received
5166,20230310,1,317,50,82.5,4125.0,11.0,20230321.0,Received
5167,20230509,1,317,50,82.5,4125.0,8.0,20230517.0,Received
5168,20230627,1,317,50,82.5,4125.0,,,Cancelled
5169,20230909,1,317,50,82.5,4125.0,8.0,20230917.0,Received
5170,20231207,1,317,50,82.5,4125.0,6.0,20231213.0,Received
5171,20240208,1,317,50,82.5,4125.0,10.0,20240218.0,Received
5172,20240326,1,317,50,82.5,4125.0,6.0,20240401.0,Received
5173,20240621,1,317,50,82.5,4125.0,9.0,20240630.0,Received
5174,20240907,1,317,50,82.5,4125.0,,,Confirmed
5175,20241023,1,317,50,82.5,4125.0,7.0,20241030.0,Received
5176,20250120,1,317,50,82.5,4125.0,11.0,20250131.0,Received
5177,20250312,1,317,50,82.5,4125.0,6.0,20250318.0,Received
5178,20250531,1,317,50,82.5,4125.0,5.0,20250605.0,Received
5179,20250817,1,317,50,82.5,4125.0,7.0,20250824.0,Received
5180,20251104,1,317,50,82.5,4125.0,11.0,20251115.0,Received
5181,20260114,1,317,50,82.5,4125.0,7.0,20260121.0,Received
5182,20230322,1,318,50,241.228,12061.4,5.0,20230327.0,Received
5183,20230611,1,318,50,241.228,12061.4,6.0,20230617.0,Received
5184,20230823,1,318,50,241.228,12061.4,10.0,20230902.0,Received
5185,20231025,1,318,50,241.228,12061.4,9.0,20231103.0,Received
5186,20240116,1,318,50,241.228,12061.4,7.0,20240123.0,Received
5187,20240404,1,318,50,241.228,12061.4,,,Confirmed
5188,20240630,1,318,50,241.228,12061.4,8.0,20240708.0,Received
5189,20240829,1,318,50,241.228,12061.4,7.0,20240905.0,Received
5190,20241118,1,318,50,241.228,12061.4,,,Cancelled
5191,20250111,1,318,50,241.228,12061.4,7.0,20250118.0,Received
5192,20250310,1,318,50,241.228,12061.4,5.0,20250315.0,Received
5193,20250605,1,318,50,241.228,12061.4,7.0,20250612.0,Received
5194,20250828,1,318,50,241.228,12061.4,7.0,20250904.0,Received
5195,20251024,1,318,50,241.228,12061.4,6.0,20251030.0,Received
5196,20251224,1,318,50,241.228,12061.4,5.0,20251229.0,Received
5197,20230223,1,319,50,219.45000000000002,10972.5,5.0,20230228.0,Received
5198,20230507,1,319,50,219.45000000000002,10972.5,11.0,20230518.0,Received
5199,20230712,1,319,50,219.45000000000002,10972.5,11.0,20230723.0,Received
5200,20230914,1,319,50,219.45000000000002,10972.5,,,Confirmed
5201,20231110,1,319,50,219.45000000000002,10972.5,8.0,20231118.0,Received
5202,20231230,1,319,50,219.45000000000002,10972.5,,,Cancelled
5203,20240221,1,319,50,219.45000000000002,10972.5,8.0,20240229.0,Received
5204,20240505,1,319,50,219.45000000000002,10972.5,11.0,20240516.0,Received
5205,20240717,1,319,50,219.45000000000002,10972.5,5.0,20240722.0,Received
5206,20240918,1,319,50,219.45000000000002,10972.5,6.0,20240924.0,Received
5207,20241206,1,319,50,219.45000000000002,10972.5,5.0,20241211.0,Received
5208,20250221,1,319,50,219.45000000000002,10972.5,,,Confirmed
5209,20250418,1,319,50,219.45000000000002,10972.5,,,Cancelled
5210,20250603,1,319,50,219.45000000000002,10972.5,7.0,20250610.0,Received
5211,20250818,1,319,50,219.45000000000002,10972.5,10.0,20250828.0,Received
5212,20251015,1,319,50,219.45000000000002,10972.5,,,Confirmed
5213,20251225,1,319,50,219.45000000000002,10972.5,6.0,20251231.0,Received
5214,20230329,1,320,50,219.45000000000002,10972.5,9.0,20230407.0,Received
5215,20230610,1,320,50,219.45000000000002,10972.5,8.0,20230618.0,Received
5216,20230815,1,320,50,219.45000000000002,10972.5,11.0,20230826.0,Received
5217,20231109,1,320,50,219.45000000000002,10972.5,7.0,20231116.0,Received
5218,20240109,1,320,50,219.45000000000002,10972.5,,,Cancelled
5219,20240304,1,320,50,219.45000000000002,10972.5,5.0,20240309.0,Received
5220,20240425,1,320,50,219.45000000000002,10972.5,11.0,20240506.0,Received
5221,20240701,1,320,50,219.45000000000002,10972.5,,,Confirmed
5222,20240820,1,320,50,219.45000000000002,10972.5,6.0,20240826.0,Received
5223,20241021,1,320,50,219.45000000000002,10972.5,9.0,20241030.0,Received
5224,20241221,1,320,50,219.45000000000002,10972.5,10.0,20241231.0,Received
5225,20250208,1,320,50,219.45000000000002,10972.5,8.0,20250216.0,Received
5226,20250501,1,320,50,219.45000000000002,10972.5,6.0,20250507.0,Received
5227,20250727,1,320,50,219.45000000000002,10972.5,7.0,20250803.0,Received
5228,20251018,1,320,50,219.45000000000002,10972.5,5.0,20251023.0,Received
5229,20251214,1,320,50,219.45000000000002,10972.5,6.0,20251220.0,Received
5230,20260131,1,320,50,219.45000000000002,10972.5,11.0,20260211.0,Received
5231,20230319,1,321,50,219.45000000000002,10972.5,6.0,20230325.0,Received
5232,20230608,1,321,50,219.45000000000002,10972.5,7.0,20230615.0,Received
5233,20230826,1,321,50,219.45000000000002,10972.5,7.0,20230902.0,Received
5234,20231113,1,321,50,219.45000000000002,10972.5,10.0,20231123.0,Received
5235,20240108,1,321,50,219.45000000000002,10972.5,7.0,20240115.0,Received
5236,20240306,1,321,50,219.45000000000002,10972.5,7.0,20240313.0,Received
5237,20240423,1,321,50,219.45000000000002,10972.5,6.0,20240429.0,Received
5238,20240624,1,321,50,219.45000000000002,10972.5,10.0,20240704.0,Received
5239,20240822,1,321,50,219.45000000000002,10972.5,11.0,20240902.0,Received
5240,20241118,1,321,50,219.45000000000002,10972.5,9.0,20241127.0,Received
5241,20250210,1,321,50,219.45000000000002,10972.5,6.0,20250216.0,Received
5242,20250419,1,321,50,219.45000000000002,10972.5,7.0,20250426.0,Received
5243,20250612,1,321,50,219.45000000000002,10972.5,5.0,20250617.0,Received
5244,20250826,1,321,50,219.45000000000002,10972.5,7.0,20250902.0,Received
5245,20251117,1,321,50,219.45000000000002,10972.5,8.0,20251125.0,Received
5246,20260126,1,321,50,219.45000000000002,10972.5,,,Cancelled
5247,20230325,1,322,50,241.228,12061.4,,,Cancelled
5248,20230620,1,322,50,241.228,12061.4,6.0,20230626.0,Received
5249,20230827,1,322,50,241.228,12061.4,9.0,20230905.0,Received
5250,20231028,1,322,50,241.228,12061.4,6.0,20231103.0,Received
5251,20240117,1,322,50,241.228,12061.4,10.0,20240127.0,Received
5252,20240306,1,322,50,241.228,12061.4,9.0,20240315.0,Received
5253,20240507,1,322,50,241.228,12061.4,11.0,20240518.0,Received
5254,20240702,1,322,50,241.228,12061.4,8.0,20240710.0,Received
5255,20240901,1,322,50,241.228,12061.4,5.0,20240906.0,Received
5256,20241121,1,322,50,241.228,12061.4,9.0,20241130.0,Received
5257,20250211,1,322,50,241.228,12061.4,,,Cancelled
5258,20250511,1,322,50,241.228,12061.4,5.0,20250516.0,Received
5259,20250711,1,322,50,241.228,12061.4,,,Confirmed
5260,20251008,1,322,50,241.228,12061.4,10.0,20251018.0,Received
5261,20251124,1,322,50,241.228,12061.4,6.0,20251130.0,Received
5262,20230312,1,323,50,219.45000000000002,10972.5,9.0,20230321.0,Received
5263,20230603,1,323,50,219.45000000000002,10972.5,7.0,20230610.0,Received
5264,20230802,1,323,50,219.45000000000002,10972.5,9.0,20230811.0,Received
5265,20230917,1,323,50,219.45000000000002,10972.5,5.0,20230922.0,Received
5266,20231213,1,323,50,219.45000000000002,10972.5,8.0,20231221.0,Received
5267,20240208,1,323,50,219.45000000000002,10972.5,8.0,20240216.0,Received
5268,20240415,1,323,50,219.45000000000002,10972.5,7.0,20240422.0,Received
5269,20240707,1,323,50,219.45000000000002,10972.5,7.0,20240714.0,Received
5270,20240907,1,323,50,219.45000000000002,10972.5,11.0,20240918.0,Received
5271,20241104,1,323,50,219.45000000000002,10972.5,7.0,20241111.0,Received
5272,20250115,1,323,50,219.45000000000002,10972.5,8.0,20250123.0,Received
5273,20250302,1,323,50,219.45000000000002,10972.5,5.0,20250307.0,Received
5274,20250510,1,323,50,219.45000000000002,10972.5,9.0,20250519.0,Received
5275,20250730,1,323,50,219.45000000000002,10972.5,9.0,20250808.0,Received
5276,20251001,1,323,50,219.45000000000002,10972.5,5.0,20251006.0,Received
5277,20251124,1,323,50,219.45000000000002,10972.5,7.0,20251201.0,Received
5278,20260108,1,323,50,219.45000000000002,10972.5,5.0,20260113.0,Received
5279,20230322,1,324,50,219.45000000000002,10972.5,9.0,20230331.0,Received
5280,20230513,1,324,50,219.45000000000002,10972.5,7.0,20230520.0,Received
5281,20230704,1,324,50,219.45000000000002,10972.5,6.0,20230710.0,Received
5282,20230830,1,324,50,219.45000000000002,10972.5,9.0,20230908.0,Received
5283,20231014,1,324,50,219.45000000000002,10972.5,5.0,20231019.0,Received
5284,20240101,1,324,50,219.45000000000002,10972.5,8.0,20240109.0,Received
5285,20240228,1,324,50,219.45000000000002,10972.5,11.0,20240310.0,Received
5286,20240425,1,324,50,219.45000000000002,10972.5,,,Cancelled
5287,20240611,1,324,50,219.45000000000002,10972.5,11.0,20240622.0,Received
5288,20240731,1,324,50,219.45000000000002,10972.5,11.0,20240811.0,Received
5289,20241016,1,324,50,219.45000000000002,10972.5,8.0,20241024.0,Received
5290,20250108,1,324,50,219.45000000000002,10972.5,11.0,20250119.0,Received
5291,20250331,1,324,50,219.45000000000002,10972.5,10.0,20250410.0,Received
5292,20250517,1,324,50,219.45000000000002,10972.5,9.0,20250526.0,Received
5293,20250726,1,324,50,219.45000000000002,10972.5,9.0,20250804.0,Received
5294,20251007,1,324,50,219.45000000000002,10972.5,10.0,20251017.0,Received
5295,20260101,1,324,50,219.45000000000002,10972.5,,,Confirmed
5296,20230303,1,325,50,219.45000000000002,10972.5,11.0,20230314.0,Received
5297,20230501,1,325,50,219.45000000000002,10972.5,,,Confirmed
5298,20230623,1,325,50,219.45000000000002,10972.5,6.0,20230629.0,Received
5299,20230824,1,325,50,219.45000000000002,10972.5,10.0,20230903.0,Received
5300,20231010,1,325,50,219.45000000000002,10972.5,7.0,20231017.0,Received
5301,20231126,1,325,50,219.45000000000002,10972.5,10.0,20231206.0,Received
5302,20240207,1,325,50,219.45000000000002,10972.5,7.0,20240214.0,Received
5303,20240331,1,325,50,219.45000000000002,10972.5,9.0,20240409.0,Received
5304,20240531,1,325,50,219.45000000000002,10972.5,,,Confirmed
5305,20240808,1,325,50,219.45000000000002,10972.5,6.0,20240814.0,Received
5306,20241007,1,325,50,219.45000000000002,10972.5,7.0,20241014.0,Received
5307,20241208,1,325,50,219.45000000000002,10972.5,9.0,20241217.0,Received
5308,20250130,1,325,50,219.45000000000002,10972.5,6.0,20250205.0,Received
5309,20250325,1,325,50,219.45000000000002,10972.5,10.0,20250404.0,Received
5310,20250509,1,325,50,219.45000000000002,10972.5,8.0,20250517.0,Received
5311,20250706,1,325,50,219.45000000000002,10972.5,10.0,20250716.0,Received
5312,20250827,1,325,50,219.45000000000002,10972.5,11.0,20250907.0,Received
5313,20251106,1,325,50,219.45000000000002,10972.5,5.0,20251111.0,Received
5314,20260106,1,325,50,219.45000000000002,10972.5,10.0,20260116.0,Received
5315,20230226,1,326,50,385.00000000000006,19250.000000000004,,,Confirmed
5316,20230513,1,326,50,385.00000000000006,19250.000000000004,5.0,20230518.0,Received
5317,20230803,1,326,50,385.00000000000006,19250.000000000004,9.0,20230812.0,Received
5318,20231010,1,326,50,385.00000000000006,19250.000000000004,,,Cancelled
5319,20231207,1,326,50,385.00000000000006,19250.000000000004,6.0,20231213.0,Received
5320,20240202,1,326,50,385.00000000000006,19250.000000000004,11.0,20240213.0,Received
5321,20240412,1,326,50,385.00000000000006,19250.000000000004,5.0,20240417.0,Received
5322,20240625,1,326,50,385.00000000000006,19250.000000000004,8.0,20240703.0,Received
5323,20240829,1,326,50,385.00000000000006,19250.000000000004,11.0,20240909.0,Received
5324,20241030,1,326,50,385.00000000000006,19250.000000000004,8.0,20241107.0,Received
5325,20250107,1,326,50,385.00000000000006,19250.000000000004,9.0,20250116.0,Received
5326,20250226,1,326,50,385.00000000000006,19250.000000000004,,,Confirmed
5327,20250516,1,326,50,385.00000000000006,19250.000000000004,11.0,20250527.0,Received
5328,20250813,1,326,50,385.00000000000006,19250.000000000004,10.0,20250823.0,Received
5329,20251017,1,326,50,385.00000000000006,19250.000000000004,,,Cancelled
5330,20260113,1,326,50,385.00000000000006,19250.000000000004,6.0,20260119.0,Received
5331,20230327,1,327,50,385.00000000000006,19250.000000000004,10.0,20230406.0,Received
5332,20230608,1,327,50,385.00000000000006,19250.000000000004,5.0,20230613.0,Received
5333,20230727,1,327,50,385.00000000000006,19250.000000000004,9.0,20230805.0,Received
5334,20231020,1,327,50,385.00000000000006,19250.000000000004,6.0,20231026.0,Received
5335,20240101,1,327,50,385.00000000000006,19250.000000000004,7.0,20240108.0,Received
5336,20240221,1,327,50,385.00000000000006,19250.000000000004,8.0,20240229.0,Received
5337,20240505,1,327,50,385.00000000000006,19250.000000000004,11.0,20240516.0,Received
5338,20240721,1,327,50,385.00000000000006,19250.000000000004,5.0,20240726.0,Received
5339,20241011,1,327,50,385.00000000000006,19250.000000000004,6.0,20241017.0,Received
5340,20241226,1,327,50,385.00000000000006,19250.000000000004,8.0,20250103.0,Received
5341,20250316,1,327,50,385.00000000000006,19250.000000000004,10.0,20250326.0,Received
5342,20250515,1,327,50,385.00000000000006,19250.000000000004,8.0,20250523.0,Received
5343,20250808,1,327,50,385.00000000000006,19250.000000000004,10.0,20250818.0,Received
5344,20251031,1,327,50,385.00000000000006,19250.000000000004,5.0,20251105.0,Received
5345,20260116,1,327,50,385.00000000000006,19250.000000000004,7.0,20260123.0,Received
5346,20230327,1,328,50,385.00000000000006,19250.000000000004,6.0,20230402.0,Received
5347,20230524,1,328,50,385.00000000000006,19250.000000000004,11.0,20230604.0,Received
5348,20230801,1,328,50,385.00000000000006,19250.000000000004,5.0,20230806.0,Received
5349,20231002,1,328,50,385.00000000000006,19250.000000000004,6.0,20231008.0,Received
5350,20231221,1,328,50,385.00000000000006,19250.000000000004,6.0,20231227.0,Received
5351,20240308,1,328,50,385.00000000000006,19250.000000000004,7.0,20240315.0,Received
5352,20240430,1,328,50,385.00000000000006,19250.000000000004,,,Cancelled
5353,20240713,1,328,50,385.00000000000006,19250.000000000004,11.0,20240724.0,Received
5354,20240912,1,328,50,385.00000000000006,19250.000000000004,5.0,20240917.0,Received
5355,20241116,1,328,50,385.00000000000006,19250.000000000004,5.0,20241121.0,Received
5356,20250104,1,328,50,385.00000000000006,19250.000000000004,5.0,20250109.0,Received
5357,20250314,1,328,50,385.00000000000006,19250.000000000004,11.0,20250325.0,Received
5358,20250602,1,328,50,385.00000000000006,19250.000000000004,10.0,20250612.0,Received
5359,20250717,1,328,50,385.00000000000006,19250.000000000004,7.0,20250724.0,Received
5360,20250914,1,328,50,385.00000000000006,19250.000000000004,9.0,20250923.0,Received
5361,20251118,1,328,50,385.00000000000006,19250.000000000004,10.0,20251128.0,Received
5362,20260120,1,328,50,385.00000000000006,19250.000000000004,11.0,20260131.0,Received
5363,20230320,1,329,50,385.00000000000006,19250.000000000004,5.0,20230325.0,Received
5364,20230613,1,329,50,385.00000000000006,19250.000000000004,8.0,20230621.0,Received
5365,20230828,1,329,50,385.00000000000006,19250.000000000004,5.0,20230902.0,Received
5366,20231019,1,329,50,385.00000000000006,19250.000000000004,,,Confirmed
5367,20240107,1,329,50,385.00000000000006,19250.000000000004,6.0,20240113.0,Received
5368,20240321,1,329,50,385.00000000000006,19250.000000000004,7.0,20240328.0,Received
5369,20240509,1,329,50,385.00000000000006,19250.000000000004,7.0,20240516.0,Received
5370,20240727,1,329,50,385.00000000000006,19250.000000000004,9.0,20240805.0,Received
5371,20241001,1,329,50,385.00000000000006,19250.000000000004,9.0,20241010.0,Received
5372,20241122,1,329,50,385.00000000000006,19250.000000000004,10.0,20241202.0,Received
5373,20250109,1,329,50,385.00000000000006,19250.000000000004,5.0,20250114.0,Received
5374,20250223,1,329,50,385.00000000000006,19250.000000000004,,,Confirmed
5375,20250409,1,329,50,385.00000000000006,19250.000000000004,,,Cancelled
5376,20250703,1,329,50,385.00000000000006,19250.000000000004,5.0,20250708.0,Received
5377,20250908,1,329,50,385.00000000000006,19250.000000000004,,,Cancelled
5378,20251206,1,329,50,385.00000000000006,19250.000000000004,6.0,20251212.0,Received
5379,20230227,1,330,50,385.00000000000006,19250.000000000004,5.0,20230304.0,Received
5380,20230506,1,330,50,385.00000000000006,19250.000000000004,6.0,20230512.0,Received
5381,20230715,1,330,50,385.00000000000006,19250.000000000004,9.0,20230724.0,Received
5382,20230916,1,330,50,385.00000000000006,19250.000000000004,8.0,20230924.0,Received
5383,20231116,1,330,50,385.00000000000006,19250.000000000004,5.0,20231121.0,Received
5384,20231231,1,330,50,385.00000000000006,19250.000000000004,10.0,20240110.0,Received
5385,20240309,1,330,50,385.00000000000006,19250.000000000004,5.0,20240314.0,Received
5386,20240523,1,330,50,385.00000000000006,19250.000000000004,9.0,20240601.0,Received
5387,20240720,1,330,50,385.00000000000006,19250.000000000004,9.0,20240729.0,Received
5388,20240917,1,330,50,385.00000000000006,19250.000000000004,8.0,20240925.0,Received
5389,20241117,1,330,50,385.00000000000006,19250.000000000004,8.0,20241125.0,Received
5390,20250210,1,330,50,385.00000000000006,19250.000000000004,11.0,20250221.0,Received
5391,20250408,1,330,50,385.00000000000006,19250.000000000004,10.0,20250418.0,Received
5392,20250601,1,330,50,385.00000000000006,19250.000000000004,7.0,20250608.0,Received
5393,20250820,1,330,50,385.00000000000006,19250.000000000004,9.0,20250829.0,Received
5394,20251109,1,330,50,385.00000000000006,19250.000000000004,,,Confirmed
5395,20251230,1,330,50,385.00000000000006,19250.000000000004,11.0,20260110.0,Received
5396,20230305,1,331,50,385.00000000000006,19250.000000000004,8.0,20230313.0,Received
5397,20230515,1,331,50,385.00000000000006,19250.000000000004,11.0,20230526.0,Received
5398,20230811,1,331,50,385.00000000000006,19250.000000000004,11.0,20230822.0,Received
5399,20231010,1,331,50,385.00000000000006,19250.000000000004,6.0,20231016.0,Received
5400,20231125,1,331,50,385.00000000000006,19250.000000000004,7.0,20231202.0,Received
5401,20240211,1,331,50,385.00000000000006,19250.000000000004,7.0,20240218.0,Received
5402,20240426,1,331,50,385.00000000000006,19250.000000000004,6.0,20240502.0,Received
5403,20240611,1,331,50,385.00000000000006,19250.000000000004,5.0,20240616.0,Received
5404,20240907,1,331,50,385.00000000000006,19250.000000000004,,,Cancelled
5405,20241022,1,331,50,385.00000000000006,19250.000000000004,8.0,20241030.0,Received
5406,20250114,1,331,50,385.00000000000006,19250.000000000004,11.0,20250125.0,Received
5407,20250331,1,331,50,385.00000000000006,19250.000000000004,,,Confirmed
5408,20250617,1,331,50,385.00000000000006,19250.000000000004,10.0,20250627.0,Received
5409,20250913,1,331,50,385.00000000000006,19250.000000000004,7.0,20250920.0,Received
5410,20251121,1,331,50,385.00000000000006,19250.000000000004,,,Cancelled
5411,20230219,1,332,50,385.00000000000006,19250.000000000004,9.0,20230228.0,Received
5412,20230517,1,332,50,385.00000000000006,19250.000000000004,,,Cancelled
5413,20230706,1,332,50,385.00000000000006,19250.000000000004,6.0,20230712.0,Received
5414,20231002,1,332,50,385.00000000000006,19250.000000000004,,,Cancelled
5415,20231219,1,332,50,385.00000000000006,19250.000000000004,5.0,20231224.0,Received
5416,20240218,1,332,50,385.00000000000006,19250.000000000004,11.0,20240229.0,Received
5417,20240424,1,332,50,385.00000000000006,19250.000000000004,6.0,20240430.0,Received
5418,20240628,1,332,50,385.00000000000006,19250.000000000004,10.0,20240708.0,Received
5419,20240828,1,332,50,385.00000000000006,19250.000000000004,5.0,20240902.0,Received
5420,20241115,1,332,50,385.00000000000006,19250.000000000004,7.0,20241122.0,Received
5421,20250101,1,332,50,385.00000000000006,19250.000000000004,,,Confirmed
5422,20250320,1,332,50,385.00000000000006,19250.000000000004,11.0,20250331.0,Received
5423,20250529,1,332,50,385.00000000000006,19250.000000000004,8.0,20250606.0,Received
5424,20250809,1,332,50,385.00000000000006,19250.000000000004,7.0,20250816.0,Received
5425,20250926,1,332,50,385.00000000000006,19250.000000000004,5.0,20251001.0,Received
5426,20251201,1,332,50,385.00000000000006,19250.000000000004,7.0,20251208.0,Received
5427,20230331,1,333,50,385.00000000000006,19250.000000000004,9.0,20230409.0,Received
5428,20230516,1,333,50,385.00000000000006,19250.000000000004,10.0,20230526.0,Received
5429,20230812,1,333,50,385.00000000000006,19250.000000000004,11.0,20230823.0,Received
5430,20231030,1,333,50,385.00000000000006,19250.000000000004,8.0,20231107.0,Received
5431,20240117,1,333,50,385.00000000000006,19250.000000000004,5.0,20240122.0,Received
5432,20240312,1,333,50,385.00000000000006,19250.000000000004,9.0,20240321.0,Received
5433,20240430,1,333,50,385.00000000000006,19250.000000000004,6.0,20240506.0,Received
5434,20240707,1,333,50,385.00000000000006,19250.000000000004,,,Confirmed
5435,20240911,1,333,50,385.00000000000006,19250.000000000004,8.0,20240919.0,Received
5436,20241029,1,333,50,385.00000000000006,19250.000000000004,8.0,20241106.0,Received
5437,20250126,1,333,50,385.00000000000006,19250.000000000004,6.0,20250201.0,Received
5438,20250323,1,333,50,385.00000000000006,19250.000000000004,10.0,20250402.0,Received
5439,20250531,1,333,50,385.00000000000006,19250.000000000004,5.0,20250605.0,Received
5440,20250821,1,333,50,385.00000000000006,19250.000000000004,10.0,20250831.0,Received
5441,20251014,1,333,50,385.00000000000006,19250.000000000004,5.0,20251019.0,Received
5442,20260104,1,333,50,385.00000000000006,19250.000000000004,5.0,20260109.0,Received
5443,20230223,1,334,50,385.00000000000006,19250.000000000004,,,Confirmed
5444,20230511,1,334,50,385.00000000000006,19250.000000000004,9.0,20230520.0,Received
5445,20230627,1,334,50,385.00000000000006,19250.000000000004,7.0,20230704.0,Received
5446,20230903,1,334,50,385.00000000000006,19250.000000000004,,,Cancelled
5447,20231019,1,334,50,385.00000000000006,19250.000000000004,10.0,20231029.0,Received
5448,20231211,1,334,50,385.00000000000006,19250.000000000004,10.0,20231221.0,Received
5449,20240305,1,334,50,385.00000000000006,19250.000000000004,9.0,20240314.0,Received
5450,20240602,1,334,50,385.00000000000006,19250.000000000004,6.0,20240608.0,Received
5451,20240820,1,334,50,385.00000000000006,19250.000000000004,8.0,20240828.0,Received
5452,20241102,1,334,50,385.00000000000006,19250.000000000004,9.0,20241111.0,Received
5453,20241221,1,334,50,385.00000000000006,19250.000000000004,10.0,20241231.0,Received
5454,20250223,1,334,50,385.00000000000006,19250.000000000004,6.0,20250301.0,Received
5455,20250430,1,334,50,385.00000000000006,19250.000000000004,9.0,20250509.0,Received
5456,20250714,1,334,50,385.00000000000006,19250.000000000004,10.0,20250724.0,Received
5457,20250910,1,334,50,385.00000000000006,19250.000000000004,10.0,20250920.0,Received
5458,20251101,1,334,50,385.00000000000006,19250.000000000004,10.0,20251111.0,Received
5459,20251221,1,334,50,385.00000000000006,19250.000000000004,9.0,20251230.0,Received
5460,20230228,1,335,50,385.00000000000006,19250.000000000004,11.0,20230311.0,Received
5461,20230428,1,335,50,385.00000000000006,19250.000000000004,10.0,20230508.0,Received
5462,20230709,1,335,50,385.00000000000006,19250.000000000004,9.0,20230718.0,Received
5463,20231003,1,335,50,385.00000000000006,19250.000000000004,6.0,20231009.0,Received
5464,20231120,1,335,50,385.00000000000006,19250.000000000004,5.0,20231125.0,Received
5465,20240213,1,335,50,385.00000000000006,19250.000000000004,10.0,20240223.0,Received
5466,20240511,1,335,50,385.00000000000006,19250.000000000004,5.0,20240516.0,Received
5467,20240724,1,335,50,385.00000000000006,19250.000000000004,9.0,20240802.0,Received
5468,20240925,1,335,50,385.00000000000006,19250.000000000004,8.0,20241003.0,Received
5469,20241122,1,335,50,385.00000000000006,19250.000000000004,,,Confirmed
5470,20250130,1,335,50,385.00000000000006,19250.000000000004,5.0,20250204.0,Received
5471,20250323,1,335,50,385.00000000000006,19250.000000000004,6.0,20250329.0,Received
5472,20250617,1,335,50,385.00000000000006,19250.000000000004,5.0,20250622.0,Received
5473,20250825,1,335,50,385.00000000000006,19250.000000000004,5.0,20250830.0,Received
5474,20251116,1,335,50,385.00000000000006,19250.000000000004,,,Cancelled
5475,20260124,1,335,50,385.00000000000006,19250.000000000004,11.0,20260204.0,Received
5476,20230217,1,336,50,385.00000000000006,19250.000000000004,11.0,20230228.0,Received
5477,20230516,1,336,50,385.00000000000006,19250.000000000004,6.0,20230522.0,Received
5478,20230710,1,336,50,385.00000000000006,19250.000000000004,,,Cancelled
5479,20230901,1,336,50,385.00000000000006,19250.000000000004,,,Cancelled
5480,20231129,1,336,50,385.00000000000006,19250.000000000004,8.0,20231207.0,Received
5481,20240122,1,336,50,385.00000000000006,19250.000000000004,8.0,20240130.0,Received
5482,20240420,1,336,50,385.00000000000006,19250.000000000004,6.0,20240426.0,Received
5483,20240625,1,336,50,385.00000000000006,19250.000000000004,9.0,20240704.0,Received
5484,20240809,1,336,50,385.00000000000006,19250.000000000004,9.0,20240818.0,Received
5485,20240924,1,336,50,385.00000000000006,19250.000000000004,11.0,20241005.0,Received
5486,20241121,1,336,50,385.00000000000006,19250.000000000004,5.0,20241126.0,Received
5487,20250126,1,336,50,385.00000000000006,19250.000000000004,6.0,20250201.0,Received
5488,20250424,1,336,50,385.00000000000006,19250.000000000004,7.0,20250501.0,Received
5489,20250701,1,336,50,385.00000000000006,19250.000000000004,,,Confirmed
5490,20250823,1,336,50,385.00000000000006,19250.000000000004,5.0,20250828.0,Received
5491,20251017,1,336,50,385.00000000000006,19250.000000000004,10.0,20251027.0,Received
5492,20260103,1,336,50,385.00000000000006,19250.000000000004,11.0,20260114.0,Received
5493,20230315,1,337,50,385.00000000000006,19250.000000000004,8.0,20230323.0,Received
5494,20230510,1,337,50,385.00000000000006,19250.000000000004,5.0,20230515.0,Received
5495,20230713,1,337,50,385.00000000000006,19250.000000000004,7.0,20230720.0,Received
5496,20231004,1,337,50,385.00000000000006,19250.000000000004,,,Confirmed
5497,20231202,1,337,50,385.00000000000006,19250.000000000004,9.0,20231211.0,Received
5498,20240124,1,337,50,385.00000000000006,19250.000000000004,,,Cancelled
5499,20240408,1,337,50,385.00000000000006,19250.000000000004,5.0,20240413.0,Received
5500,20240628,1,337,50,385.00000000000006,19250.000000000004,8.0,20240706.0,Received
5501,20240919,1,337,50,385.00000000000006,19250.000000000004,8.0,20240927.0,Received
5502,20241119,1,337,50,385.00000000000006,19250.000000000004,6.0,20241125.0,Received
5503,20250125,1,337,50,385.00000000000006,19250.000000000004,9.0,20250203.0,Received
5504,20250318,1,337,50,385.00000000000006,19250.000000000004,5.0,20250323.0,Received
5505,20250525,1,337,50,385.00000000000006,19250.000000000004,8.0,20250602.0,Received
5506,20250802,1,337,50,385.00000000000006,19250.000000000004,11.0,20250813.0,Received
5507,20251006,1,337,50,385.00000000000006,19250.000000000004,8.0,20251014.0,Received
5508,20251208,1,337,50,385.00000000000006,19250.000000000004,5.0,20251213.0,Received
5509,20230223,1,338,50,385.00000000000006,19250.000000000004,5.0,20230228.0,Received
5510,20230427,1,338,50,385.00000000000006,19250.000000000004,11.0,20230508.0,Received
5511,20230715,1,338,50,385.00000000000006,19250.000000000004,10.0,20230725.0,Received
5512,20231010,1,338,50,385.00000000000006,19250.000000000004,7.0,20231017.0,Received
5513,20231213,1,338,50,385.00000000000006,19250.000000000004,6.0,20231219.0,Received
5514,20240213,1,338,50,385.00000000000006,19250.000000000004,5.0,20240218.0,Received
5515,20240412,1,338,50,385.00000000000006,19250.000000000004,6.0,20240418.0,Received
5516,20240702,1,338,50,385.00000000000006,19250.000000000004,9.0,20240711.0,Received
5517,20240924,1,338,50,385.00000000000006,19250.000000000004,9.0,20241003.0,Received
5518,20241214,1,338,50,385.00000000000006,19250.000000000004,7.0,20241221.0,Received
5519,20250228,1,338,50,385.00000000000006,19250.000000000004,7.0,20250307.0,Received
5520,20250501,1,338,50,385.00000000000006,19250.000000000004,7.0,20250508.0,Received
5521,20250701,1,338,50,385.00000000000006,19250.000000000004,6.0,20250707.0,Received
5522,20250829,1,338,50,385.00000000000006,19250.000000000004,7.0,20250905.0,Received
5523,20251125,1,338,50,385.00000000000006,19250.000000000004,11.0,20251206.0,Received
5524,20260123,1,338,50,385.00000000000006,19250.000000000004,6.0,20260129.0,Received
5525,20230228,1,339,50,385.00000000000006,19250.000000000004,8.0,20230308.0,Received
5526,20230415,1,339,50,385.00000000000006,19250.000000000004,9.0,20230424.0,Received
5527,20230617,1,339,50,385.00000000000006,19250.000000000004,10.0,20230627.0,Received
5528,20230804,1,339,50,385.00000000000006,19250.000000000004,9.0,20230813.0,Received
5529,20231020,1,339,50,385.00000000000006,19250.000000000004,7.0,20231027.0,Received
5530,20231222,1,339,50,385.00000000000006,19250.000000000004,6.0,20231228.0,Received
5531,20240215,1,339,50,385.00000000000006,19250.000000000004,,,Cancelled
5532,20240409,1,339,50,385.00000000000006,19250.000000000004,7.0,20240416.0,Received
5533,20240604,1,339,50,385.00000000000006,19250.000000000004,6.0,20240610.0,Received
5534,20240814,1,339,50,385.00000000000006,19250.000000000004,11.0,20240825.0,Received
5535,20241030,1,339,50,385.00000000000006,19250.000000000004,8.0,20241107.0,Received
5536,20250116,1,339,50,385.00000000000006,19250.000000000004,,,Cancelled
5537,20250306,1,339,50,385.00000000000006,19250.000000000004,6.0,20250312.0,Received
5538,20250514,1,339,50,385.00000000000006,19250.000000000004,10.0,20250524.0,Received
5539,20250720,1,339,50,385.00000000000006,19250.000000000004,5.0,20250725.0,Received
5540,20251008,1,339,50,385.00000000000006,19250.000000000004,11.0,20251019.0,Received
5541,20251227,1,339,50,385.00000000000006,19250.000000000004,,,Confirmed
5542,20230306,1,340,50,385.00000000000006,19250.000000000004,5.0,20230311.0,Received
5543,20230601,1,340,50,385.00000000000006,19250.000000000004,10.0,20230611.0,Received
5544,20230821,1,340,50,385.00000000000006,19250.000000000004,8.0,20230829.0,Received
5545,20231105,1,340,50,385.00000000000006,19250.000000000004,,,Confirmed
5546,20240108,1,340,50,385.00000000000006,19250.000000000004,9.0,20240117.0,Received
5547,20240315,1,340,50,385.00000000000006,19250.000000000004,6.0,20240321.0,Received
5548,20240609,1,340,50,385.00000000000006,19250.000000000004,,,Confirmed
5549,20240728,1,340,50,385.00000000000006,19250.000000000004,8.0,20240805.0,Received
5550,20241009,1,340,50,385.00000000000006,19250.000000000004,5.0,20241014.0,Received
5551,20241214,1,340,50,385.00000000000006,19250.000000000004,5.0,20241219.0,Received
5552,20250310,1,340,50,385.00000000000006,19250.000000000004,11.0,20250321.0,Received
5553,20250529,1,340,50,385.00000000000006,19250.000000000004,7.0,20250605.0,Received
5554,20250823,1,340,50,385.00000000000006,19250.000000000004,8.0,20250831.0,Received
5555,20251115,1,340,50,385.00000000000006,19250.000000000004,8.0,20251123.0,Received
5556,20260115,1,340,50,385.00000000000006,19250.000000000004,11.0,20260126.0,Received
5557,20230321,1,341,50,176.0,8800.0,10.0,20230331.0,Received
5558,20230613,1,341,50,176.0,8800.0,10.0,20230623.0,Received
5559,20230802,1,341,50,176.0,8800.0,11.0,20230813.0,Received
5560,20231027,1,341,50,176.0,8800.0,,,Cancelled
5561,20231228,1,341,50,176.0,8800.0,6.0,20240103.0,Received
5562,20240214,1,341,50,176.0,8800.0,10.0,20240224.0,Received
5563,20240423,1,341,50,176.0,8800.0,11.0,20240504.0,Received
5564,20240718,1,341,50,176.0,8800.0,7.0,20240725.0,Received
5565,20240912,1,341,50,176.0,8800.0,7.0,20240919.0,Received
5566,20241128,1,341,50,176.0,8800.0,6.0,20241204.0,Received
5567,20250120,1,341,50,176.0,8800.0,,,Cancelled
5568,20250407,1,341,50,176.0,8800.0,7.0,20250414.0,Received
5569,20250617,1,341,50,176.0,8800.0,8.0,20250625.0,Received
5570,20250830,1,341,50,176.0,8800.0,10.0,20250909.0,Received
5571,20251111,1,341,50,176.0,8800.0,9.0,20251120.0,Received
5572,20260107,1,341,50,176.0,8800.0,,,Cancelled
5573,20230228,1,342,50,176.0,8800.0,5.0,20230305.0,Received
5574,20230429,1,342,50,176.0,8800.0,9.0,20230508.0,Received
5575,20230706,1,342,50,176.0,8800.0,11.0,20230717.0,Received
5576,20230828,1,342,50,176.0,8800.0,8.0,20230905.0,Received
5577,20231101,1,342,50,176.0,8800.0,7.0,20231108.0,Received
5578,20231219,1,342,50,176.0,8800.0,5.0,20231224.0,Received
5579,20240309,1,342,50,176.0,8800.0,7.0,20240316.0,Received
5580,20240503,1,342,50,176.0,8800.0,9.0,20240512.0,Received
5581,20240715,1,342,50,176.0,8800.0,7.0,20240722.0,Received
5582,20241010,1,342,50,176.0,8800.0,7.0,20241017.0,Received
5583,20241208,1,342,50,176.0,8800.0,6.0,20241214.0,Received
5584,20250212,1,342,50,176.0,8800.0,5.0,20250217.0,Received
5585,20250510,1,342,50,176.0,8800.0,10.0,20250520.0,Received
5586,20250627,1,342,50,176.0,8800.0,5.0,20250702.0,Received
5587,20250821,1,342,50,176.0,8800.0,7.0,20250828.0,Received
5588,20251026,1,342,50,176.0,8800.0,6.0,20251101.0,Received
5589,20251227,1,342,50,176.0,8800.0,8.0,20260104.0,Received
5590,20230306,1,343,50,176.0,8800.0,9.0,20230315.0,Received
5591,20230516,1,343,50,176.0,8800.0,10.0,20230526.0,Received
5592,20230706,1,343,50,176.0,8800.0,6.0,20230712.0,Received
5593,20230905,1,343,50,176.0,8800.0,9.0,20230914.0,Received
5594,20231201,1,343,50,176.0,8800.0,8.0,20231209.0,Received
5595,20240124,1,343,50,176.0,8800.0,6.0,20240130.0,Received
5596,20240319,1,343,50,176.0,8800.0,8.0,20240327.0,Received
5597,20240531,1,343,50,176.0,8800.0,6.0,20240606.0,Received
5598,20240810,1,343,50,176.0,8800.0,5.0,20240815.0,Received
5599,20240930,1,343,50,176.0,8800.0,,,Confirmed
5600,20241123,1,343,50,176.0,8800.0,,,Cancelled
5601,20250108,1,343,50,176.0,8800.0,11.0,20250119.0,Received
5602,20250325,1,343,50,176.0,8800.0,11.0,20250405.0,Received
5603,20250527,1,343,50,176.0,8800.0,,,Confirmed
5604,20250819,1,343,50,176.0,8800.0,6.0,20250825.0,Received
5605,20251107,1,343,50,176.0,8800.0,7.0,20251114.0,Received
5606,20260102,1,343,50,176.0,8800.0,6.0,20260108.0,Received
5607,20230319,1,344,50,176.0,8800.0,11.0,20230330.0,Received
5608,20230510,1,344,50,176.0,8800.0,8.0,20230518.0,Received
5609,20230726,1,344,50,176.0,8800.0,7.0,20230802.0,Received
5610,20231015,1,344,50,176.0,8800.0,7.0,20231022.0,Received
5611,20231213,1,344,50,176.0,8800.0,10.0,20231223.0,Received
5612,20240131,1,344,50,176.0,8800.0,11.0,20240211.0,Received
5613,20240410,1,344,50,176.0,8800.0,11.0,20240421.0,Received
5614,20240707,1,344,50,176.0,8800.0,5.0,20240712.0,Received
5615,20240828,1,344,50,176.0,8800.0,6.0,20240903.0,Received
5616,20241030,1,344,50,176.0,8800.0,6.0,20241105.0,Received
5617,20241225,1,344,50,176.0,8800.0,5.0,20241230.0,Received
5618,20250320,1,344,50,176.0,8800.0,11.0,20250331.0,Received
5619,20250611,1,344,50,176.0,8800.0,9.0,20250620.0,Received
5620,20250804,1,344,50,176.0,8800.0,11.0,20250815.0,Received
5621,20251030,1,344,50,176.0,8800.0,11.0,20251110.0,Received
5622,20260105,1,344,50,176.0,8800.0,7.0,20260112.0,Received
5623,20230225,1,345,50,176.0,8800.0,5.0,20230302.0,Received
5624,20230427,1,345,50,176.0,8800.0,10.0,20230507.0,Received
5625,20230620,1,345,50,176.0,8800.0,8.0,20230628.0,Received
5626,20230910,1,345,50,176.0,8800.0,5.0,20230915.0,Received
5627,20231027,1,345,50,176.0,8800.0,10.0,20231106.0,Received
5628,20240121,1,345,50,176.0,8800.0,11.0,20240201.0,Received
5629,20240308,1,345,50,176.0,8800.0,10.0,20240318.0,Received
5630,20240513,1,345,50,176.0,8800.0,5.0,20240518.0,Received
5631,20240705,1,345,50,176.0,8800.0,10.0,20240715.0,Received
5632,20240921,1,345,50,176.0,8800.0,11.0,20241002.0,Received
5633,20241203,1,345,50,176.0,8800.0,5.0,20241208.0,Received
5634,20250228,1,345,50,176.0,8800.0,,,Confirmed
5635,20250507,1,345,50,176.0,8800.0,8.0,20250515.0,Received
5636,20250710,1,345,50,176.0,8800.0,11.0,20250721.0,Received
5637,20251006,1,345,50,176.0,8800.0,6.0,20251012.0,Received
5638,20251121,1,345,50,176.0,8800.0,9.0,20251130.0,Received
5639,20260122,1,345,50,176.0,8800.0,5.0,20260127.0,Received
5640,20230323,1,346,50,192.50000000000003,9625.000000000002,7.0,20230330.0,Received
5641,20230522,1,346,50,192.50000000000003,9625.000000000002,9.0,20230531.0,Received
5642,20230708,1,346,50,192.50000000000003,9625.000000000002,11.0,20230719.0,Received
5643,20230906,1,346,50,192.50000000000003,9625.000000000002,8.0,20230914.0,Received
5644,20231024,1,346,50,192.50000000000003,9625.000000000002,11.0,20231104.0,Received
5645,20240102,1,346,50,192.50000000000003,9625.000000000002,,,Cancelled
5646,20240307,1,346,50,192.50000000000003,9625.000000000002,9.0,20240316.0,Received
5647,20240514,1,346,50,192.50000000000003,9625.000000000002,11.0,20240525.0,Received
5648,20240707,1,346,50,192.50000000000003,9625.000000000002,10.0,20240717.0,Received
5649,20240906,1,346,50,192.50000000000003,9625.000000000002,,,Confirmed
5650,20241114,1,346,50,192.50000000000003,9625.000000000002,11.0,20241125.0,Received
5651,20250205,1,346,50,192.50000000000003,9625.000000000002,6.0,20250211.0,Received
5652,20250426,1,346,50,192.50000000000003,9625.000000000002,9.0,20250505.0,Received
5653,20250723,1,346,50,192.50000000000003,9625.000000000002,9.0,20250801.0,Received
5654,20251018,1,346,50,192.50000000000003,9625.000000000002,8.0,20251026.0,Received
5655,20260104,1,346,50,192.50000000000003,9625.000000000002,11.0,20260115.0,Received
5656,20230218,1,347,50,192.50000000000003,9625.000000000002,8.0,20230226.0,Received
5657,20230407,1,347,50,192.50000000000003,9625.000000000002,6.0,20230413.0,Received
5658,20230705,1,347,50,192.50000000000003,9625.000000000002,11.0,20230716.0,Received
5659,20230913,1,347,50,192.50000000000003,9625.000000000002,7.0,20230920.0,Received
5660,20231028,1,347,50,192.50000000000003,9625.000000000002,7.0,20231104.0,Received
5661,20240104,1,347,50,192.50000000000003,9625.000000000002,8.0,20240112.0,Received
5662,20240225,1,347,50,192.50000000000003,9625.000000000002,11.0,20240307.0,Received
5663,20240412,1,347,50,192.50000000000003,9625.000000000002,,,Cancelled
5664,20240610,1,347,50,192.50000000000003,9625.000000000002,7.0,20240617.0,Received
5665,20240803,1,347,50,192.50000000000003,9625.000000000002,11.0,20240814.0,Received
5666,20240929,1,347,50,192.50000000000003,9625.000000000002,,,Confirmed
5667,20241227,1,347,50,192.50000000000003,9625.000000000002,9.0,20250105.0,Received
5668,20250225,1,347,50,192.50000000000003,9625.000000000002,10.0,20250307.0,Received
5669,20250508,1,347,50,192.50000000000003,9625.000000000002,8.0,20250516.0,Received
5670,20250706,1,347,50,192.50000000000003,9625.000000000002,6.0,20250712.0,Received
5671,20250925,1,347,50,192.50000000000003,9625.000000000002,,,Cancelled
5672,20251221,1,347,50,192.50000000000003,9625.000000000002,10.0,20251231.0,Received
5673,20230302,1,348,50,192.50000000000003,9625.000000000002,10.0,20230312.0,Received
5674,20230520,1,348,50,192.50000000000003,9625.000000000002,7.0,20230527.0,Received
5675,20230704,1,348,50,192.50000000000003,9625.000000000002,11.0,20230715.0,Received
5676,20230910,1,348,50,192.50000000000003,9625.000000000002,7.0,20230917.0,Received
5677,20231207,1,348,50,192.50000000000003,9625.000000000002,11.0,20231218.0,Received
5678,20240206,1,348,50,192.50000000000003,9625.000000000002,6.0,20240212.0,Received
5679,20240502,1,348,50,192.50000000000003,9625.000000000002,9.0,20240511.0,Received
5680,20240703,1,348,50,192.50000000000003,9625.000000000002,7.0,20240710.0,Received
5681,20240902,1,348,50,192.50000000000003,9625.000000000002,5.0,20240907.0,Received
5682,20241022,1,348,50,192.50000000000003,9625.000000000002,10.0,20241101.0,Received
5683,20250111,1,348,50,192.50000000000003,9625.000000000002,11.0,20250122.0,Received
5684,20250401,1,348,50,192.50000000000003,9625.000000000002,7.0,20250408.0,Received
5685,20250614,1,348,50,192.50000000000003,9625.000000000002,11.0,20250625.0,Received
5686,20250902,1,348,50,192.50000000000003,9625.000000000002,10.0,20250912.0,Received
5687,20251130,1,348,50,192.50000000000003,9625.000000000002,5.0,20251205.0,Received
5688,20230329,1,349,50,192.50000000000003,9625.000000000002,6.0,20230404.0,Received
5689,20230610,1,349,50,192.50000000000003,9625.000000000002,8.0,20230618.0,Received
5690,20230728,1,349,50,192.50000000000003,9625.000000000002,7.0,20230804.0,Received
5691,20230919,1,349,50,192.50000000000003,9625.000000000002,6.0,20230925.0,Received
5692,20231104,1,349,50,192.50000000000003,9625.000000000002,7.0,20231111.0,Received
5693,20240111,1,349,50,192.50000000000003,9625.000000000002,8.0,20240119.0,Received
5694,20240404,1,349,50,192.50000000000003,9625.000000000002,9.0,20240413.0,Received
5695,20240625,1,349,50,192.50000000000003,9625.000000000002,9.0,20240704.0,Received
5696,20240914,1,349,50,192.50000000000003,9625.000000000002,6.0,20240920.0,Received
5697,20241127,1,349,50,192.50000000000003,9625.000000000002,,,Confirmed
5698,20250115,1,349,50,192.50000000000003,9625.000000000002,9.0,20250124.0,Received
5699,20250319,1,349,50,192.50000000000003,9625.000000000002,11.0,20250330.0,Received
5700,20250513,1,349,50,192.50000000000003,9625.000000000002,11.0,20250524.0,Received
5701,20250723,1,349,50,192.50000000000003,9625.000000000002,8.0,20250731.0,Received
5702,20250920,1,349,50,192.50000000000003,9625.000000000002,9.0,20250929.0,Received
5703,20251121,1,349,50,192.50000000000003,9625.000000000002,9.0,20251130.0,Received
5704,20230323,1,350,50,192.50000000000003,9625.000000000002,9.0,20230401.0,Received
5705,20230618,1,350,50,192.50000000000003,9625.000000000002,10.0,20230628.0,Received
5706,20230909,1,350,50,192.50000000000003,9625.000000000002,11.0,20230920.0,Received
5707,20231202,1,350,50,192.50000000000003,9625.000000000002,10.0,20231212.0,Received
5708,20240227,1,350,50,192.50000000000003,9625.000000000002,9.0,20240307.0,Received
5709,20240522,1,350,50,192.50000000000003,9625.000000000002,9.0,20240531.0,Received
5710,20240712,1,350,50,192.50000000000003,9625.000000000002,,,Confirmed
5711,20240829,1,350,50,192.50000000000003,9625.000000000002,8.0,20240906.0,Received
5712,20241112,1,350,50,192.50000000000003,9625.000000000002,6.0,20241118.0,Received
5713,20250128,1,350,50,192.50000000000003,9625.000000000002,7.0,20250204.0,Received
5714,20250407,1,350,50,192.50000000000003,9625.000000000002,5.0,20250412.0,Received
5715,20250607,1,350,50,192.50000000000003,9625.000000000002,10.0,20250617.0,Received
5716,20250814,1,350,50,192.50000000000003,9625.000000000002,10.0,20250824.0,Received
5717,20251102,1,350,50,192.50000000000003,9625.000000000002,5.0,20251107.0,Received
5718,20251220,1,350,50,192.50000000000003,9625.000000000002,10.0,20251230.0,Received
5719,20230321,1,351,57,426.94279937834386,24335.7395645656,6.0,20230327.0,Received
5720,20230611,1,351,57,426.94279937834386,24335.7395645656,9.0,20230620.0,Received
5721,20230819,1,351,57,426.94279937834386,24335.7395645656,8.0,20230827.0,Received
5722,20231005,1,351,57,426.94279937834386,24335.7395645656,8.0,20231013.0,Received
5723,20231228,1,351,57,426.94279937834386,24335.7395645656,7.0,20240104.0,Received
5724,20240325,1,351,57,426.94279937834386,24335.7395645656,11.0,20240405.0,Received
5725,20240531,1,351,57,426.94279937834386,24335.7395645656,10.0,20240610.0,Received
5726,20240806,1,351,57,426.94279937834386,24335.7395645656,6.0,20240812.0,Received
5727,20241013,1,351,57,426.94279937834386,24335.7395645656,8.0,20241021.0,Received
5728,20241224,1,351,57,426.94279937834386,24335.7395645656,,,Confirmed
5729,20250207,1,351,57,426.94279937834386,24335.7395645656,11.0,20250218.0,Received
5730,20250424,1,351,57,426.94279937834386,24335.7395645656,8.0,20250502.0,Received
5731,20250628,1,351,57,426.94279937834386,24335.7395645656,8.0,20250706.0,Received
5732,20250903,1,351,57,426.94279937834386,24335.7395645656,5.0,20250908.0,Received
5733,20251029,1,351,57,426.94279937834386,24335.7395645656,6.0,20251104.0,Received
5734,20251213,1,351,57,426.94279937834386,24335.7395645656,11.0,20251224.0,Received
5735,20230326,1,352,50,330.0,16500.0,8.0,20230403.0,Received
5736,20230512,1,352,50,330.0,16500.0,5.0,20230517.0,Received
5737,20230807,1,352,50,330.0,16500.0,11.0,20230818.0,Received
5738,20231029,1,352,50,330.0,16500.0,5.0,20231103.0,Received
5739,20240120,1,352,50,330.0,16500.0,7.0,20240127.0,Received
5740,20240407,1,352,50,330.0,16500.0,10.0,20240417.0,Received
5741,20240629,1,352,50,330.0,16500.0,,,Cancelled
5742,20240913,1,352,50,330.0,16500.0,5.0,20240918.0,Received
5743,20241129,1,352,50,330.0,16500.0,11.0,20241210.0,Received
5744,20250119,1,352,50,330.0,16500.0,8.0,20250127.0,Received
5745,20250414,1,352,50,330.0,16500.0,7.0,20250421.0,Received
5746,20250608,1,352,50,330.0,16500.0,5.0,20250613.0,Received
5747,20250729,1,352,50,330.0,16500.0,5.0,20250803.0,Received
5748,20250917,1,352,50,330.0,16500.0,8.0,20250925.0,Received
5749,20251118,1,352,50,330.0,16500.0,5.0,20251123.0,Received
5750,20230224,1,353,50,330.0,16500.0,9.0,20230305.0,Received
5751,20230523,1,353,50,330.0,16500.0,8.0,20230531.0,Received
5752,20230819,1,353,50,330.0,16500.0,11.0,20230830.0,Received
5753,20231012,1,353,50,330.0,16500.0,,,Confirmed
5754,20231227,1,353,50,330.0,16500.0,5.0,20240101.0,Received
5755,20240213,1,353,50,330.0,16500.0,5.0,20240218.0,Received
5756,20240414,1,353,50,330.0,16500.0,6.0,20240420.0,Received
5757,20240711,1,353,50,330.0,16500.0,8.0,20240719.0,Received
5758,20240831,1,353,50,330.0,16500.0,10.0,20240910.0,Received
5759,20241104,1,353,50,330.0,16500.0,11.0,20241115.0,Received
5760,20250103,1,353,50,330.0,16500.0,7.0,20250110.0,Received
5761,20250303,1,353,50,330.0,16500.0,7.0,20250310.0,Received
5762,20250524,1,353,50,330.0,16500.0,6.0,20250530.0,Received
5763,20250724,1,353,50,330.0,16500.0,11.0,20250804.0,Received
5764,20250927,1,353,50,330.0,16500.0,7.0,20251004.0,Received
5765,20251204,1,353,50,330.0,16500.0,7.0,20251211.0,Received
5766,20260122,1,353,50,330.0,16500.0,7.0,20260129.0,Received
5767,20230215,1,354,50,330.0,16500.0,11.0,20230226.0,Received
5768,20230510,1,354,50,330.0,16500.0,8.0,20230518.0,Received
5769,20230624,1,354,50,330.0,16500.0,8.0,20230702.0,Received
5770,20230903,1,354,50,330.0,16500.0,,,Cancelled
5771,20231121,1,354,50,330.0,16500.0,8.0,20231129.0,Received
5772,20240215,1,354,50,330.0,16500.0,10.0,20240225.0,Received
5773,20240405,1,354,50,330.0,16500.0,7.0,20240412.0,Received
5774,20240520,1,354,50,330.0,16500.0,8.0,20240528.0,Received
5775,20240801,1,354,50,330.0,16500.0,5.0,20240806.0,Received
5776,20240918,1,354,50,330.0,16500.0,9.0,20240927.0,Received
5777,20241129,1,354,50,330.0,16500.0,11.0,20241210.0,Received
5778,20250208,1,354,50,330.0,16500.0,10.0,20250218.0,Received
5779,20250421,1,354,50,330.0,16500.0,8.0,20250429.0,Received
5780,20250714,1,354,50,330.0,16500.0,6.0,20250720.0,Received
5781,20250831,1,354,50,330.0,16500.0,9.0,20250909.0,Received
5782,20251105,1,354,50,330.0,16500.0,11.0,20251116.0,Received
5783,20260101,1,354,50,330.0,16500.0,11.0,20260112.0,Received
5784,20230305,1,355,50,330.0,16500.0,7.0,20230312.0,Received
5785,20230520,1,355,50,330.0,16500.0,8.0,20230528.0,Received
5786,20230806,1,355,50,330.0,16500.0,9.0,20230815.0,Received
5787,20231014,1,355,50,330.0,16500.0,11.0,20231025.0,Received
5788,20240101,1,355,50,330.0,16500.0,8.0,20240109.0,Received
5789,20240229,1,355,50,330.0,16500.0,6.0,20240306.0,Received
5790,20240518,1,355,50,330.0,16500.0,11.0,20240529.0,Received
5791,20240721,1,355,50,330.0,16500.0,8.0,20240729.0,Received
5792,20240911,1,355,50,330.0,16500.0,6.0,20240917.0,Received
5793,20241104,1,355,50,330.0,16500.0,10.0,20241114.0,Received
5794,20250107,1,355,50,330.0,16500.0,8.0,20250115.0,Received
5795,20250227,1,355,50,330.0,16500.0,6.0,20250305.0,Received
5796,20250417,1,355,50,330.0,16500.0,5.0,20250422.0,Received
5797,20250713,1,355,50,330.0,16500.0,5.0,20250718.0,Received
5798,20250831,1,355,50,330.0,16500.0,10.0,20250910.0,Received
5799,20251021,1,355,50,330.0,16500.0,9.0,20251030.0,Received
5800,20260106,1,355,50,330.0,16500.0,8.0,20260114.0,Received
5801,20230311,1,356,55,426.94279937834386,23481.853965808914,8.0,20230319.0,Received
5802,20230528,1,356,55,426.94279937834386,23481.853965808914,11.0,20230608.0,Received
5803,20230819,1,356,55,426.94279937834386,23481.853965808914,11.0,20230830.0,Received
5804,20231021,1,356,55,426.94279937834386,23481.853965808914,,,Cancelled
5805,20231226,1,356,55,426.94279937834386,23481.853965808914,9.0,20240104.0,Received
5806,20240222,1,356,55,426.94279937834386,23481.853965808914,5.0,20240227.0,Received
5807,20240519,1,356,55,426.94279937834386,23481.853965808914,7.0,20240526.0,Received
5808,20240710,1,356,55,426.94279937834386,23481.853965808914,7.0,20240717.0,Received
5809,20240904,1,356,55,426.94279937834386,23481.853965808914,9.0,20240913.0,Received
5810,20241029,1,356,55,426.94279937834386,23481.853965808914,7.0,20241105.0,Received
5811,20241215,1,356,55,426.94279937834386,23481.853965808914,10.0,20241225.0,Received
5812,20250205,1,356,55,426.94279937834386,23481.853965808914,6.0,20250211.0,Received
5813,20250402,1,356,55,426.94279937834386,23481.853965808914,11.0,20250413.0,Received
5814,20250525,1,356,55,426.94279937834386,23481.853965808914,9.0,20250603.0,Received
5815,20250710,1,356,55,426.94279937834386,23481.853965808914,6.0,20250716.0,Received
5816,20250825,1,356,55,426.94279937834386,23481.853965808914,,,Confirmed
5817,20251120,1,356,55,426.94279937834386,23481.853965808914,,,Confirmed
5818,20260110,1,356,55,426.94279937834386,23481.853965808914,9.0,20260119.0,Received
5819,20230320,1,357,50,330.0,16500.0,10.0,20230330.0,Received
5820,20230511,1,357,50,330.0,16500.0,11.0,20230522.0,Received
5821,20230726,1,357,50,330.0,16500.0,6.0,20230801.0,Received
5822,20230913,1,357,50,330.0,16500.0,7.0,20230920.0,Received
5823,20231127,1,357,50,330.0,16500.0,6.0,20231203.0,Received
5824,20240129,1,357,50,330.0,16500.0,8.0,20240206.0,Received
5825,20240415,1,357,50,330.0,16500.0,5.0,20240420.0,Received
5826,20240704,1,357,50,330.0,16500.0,5.0,20240709.0,Received
5827,20240921,1,357,50,330.0,16500.0,10.0,20241001.0,Received
5828,20241115,1,357,50,330.0,16500.0,8.0,20241123.0,Received
5829,20250117,1,357,50,330.0,16500.0,8.0,20250125.0,Received
5830,20250413,1,357,50,330.0,16500.0,9.0,20250422.0,Received
5831,20250530,1,357,50,330.0,16500.0,8.0,20250607.0,Received
5832,20250813,1,357,50,330.0,16500.0,11.0,20250824.0,Received
5833,20251019,1,357,50,330.0,16500.0,9.0,20251028.0,Received
5834,20251217,1,357,50,330.0,16500.0,6.0,20251223.0,Received
5835,20230303,1,358,50,330.0,16500.0,6.0,20230309.0,Received
5836,20230514,1,358,50,330.0,16500.0,11.0,20230525.0,Received
5837,20230723,1,358,50,330.0,16500.0,7.0,20230730.0,Received
5838,20230909,1,358,50,330.0,16500.0,6.0,20230915.0,Received
5839,20231125,1,358,50,330.0,16500.0,10.0,20231205.0,Received
5840,20240112,1,358,50,330.0,16500.0,,,Confirmed
5841,20240405,1,358,50,330.0,16500.0,6.0,20240411.0,Received
5842,20240611,1,358,50,330.0,16500.0,,,Confirmed
5843,20240807,1,358,50,330.0,16500.0,6.0,20240813.0,Received
5844,20241024,1,358,50,330.0,16500.0,,,Cancelled
5845,20241214,1,358,50,330.0,16500.0,,,Cancelled
5846,20250309,1,358,50,330.0,16500.0,5.0,20250314.0,Received
5847,20250505,1,358,50,330.0,16500.0,11.0,20250516.0,Received
5848,20250704,1,358,50,330.0,16500.0,7.0,20250711.0,Received
5849,20250909,1,358,50,330.0,16500.0,5.0,20250914.0,Received
5850,20251025,1,358,50,330.0,16500.0,,,Cancelled
5851,20260109,1,358,50,330.0,16500.0,5.0,20260114.0,Received
5852,20230304,1,359,50,330.0,16500.0,6.0,20230310.0,Received
5853,20230504,1,359,50,330.0,16500.0,,,Cancelled
5854,20230723,1,359,50,330.0,16500.0,7.0,20230730.0,Received
5855,20231020,1,359,50,330.0,16500.0,9.0,20231029.0,Received
5856,20231225,1,359,50,330.0,16500.0,5.0,20231230.0,Received
5857,20240223,1,359,50,330.0,16500.0,,,Cancelled
5858,20240504,1,359,50,330.0,16500.0,9.0,20240513.0,Received
5859,20240626,1,359,50,330.0,16500.0,,,Confirmed
5860,20240907,1,359,50,330.0,16500.0,9.0,20240916.0,Received
5861,20241202,1,359,50,330.0,16500.0,10.0,20241212.0,Received
5862,20250202,1,359,50,330.0,16500.0,9.0,20250211.0,Received
5863,20250501,1,359,50,330.0,16500.0,5.0,20250506.0,Received
5864,20250623,1,359,50,330.0,16500.0,10.0,20250703.0,Received
5865,20250818,1,359,50,330.0,16500.0,10.0,20250828.0,Received
5866,20251005,1,359,50,330.0,16500.0,,,Confirmed
5867,20251221,1,359,50,330.0,16500.0,8.0,20251229.0,Received
5868,20230221,1,360,50,330.0,16500.0,9.0,20230302.0,Received
5869,20230423,1,360,50,330.0,16500.0,6.0,20230429.0,Received
5870,20230625,1,360,50,330.0,16500.0,5.0,20230630.0,Received
5871,20230917,1,360,50,330.0,16500.0,11.0,20230928.0,Received
5872,20231106,1,360,50,330.0,16500.0,11.0,20231117.0,Received
5873,20231228,1,360,50,330.0,16500.0,9.0,20240106.0,Received
5874,20240224,1,360,50,330.0,16500.0,9.0,20240304.0,Received
5875,20240522,1,360,50,330.0,16500.0,9.0,20240531.0,Received
5876,20240814,1,360,50,330.0,16500.0,11.0,20240825.0,Received
5877,20241002,1,360,50,330.0,16500.0,5.0,20241007.0,Received
5878,20241230,1,360,50,330.0,16500.0,9.0,20250108.0,Received
5879,20250319,1,360,50,330.0,16500.0,11.0,20250330.0,Received
5880,20250612,1,360,50,330.0,16500.0,10.0,20250622.0,Received
5881,20250809,1,360,50,330.0,16500.0,6.0,20250815.0,Received
5882,20251102,1,360,50,330.0,16500.0,8.0,20251110.0,Received
5883,20251222,1,360,50,330.0,16500.0,6.0,20251228.0,Received
5884,20230315,1,361,50,249.04996630403392,12452.498315201696,5.0,20230320.0,Received
5885,20230517,1,361,50,249.04996630403392,12452.498315201696,6.0,20230523.0,Received
5886,20230720,1,361,50,249.04996630403392,12452.498315201696,11.0,20230731.0,Received
5887,20230918,1,361,50,249.04996630403392,12452.498315201696,7.0,20230925.0,Received
5888,20231204,1,361,50,249.04996630403392,12452.498315201696,10.0,20231214.0,Received
5889,20240221,1,361,50,249.04996630403392,12452.498315201696,10.0,20240302.0,Received
5890,20240422,1,361,50,249.04996630403392,12452.498315201696,7.0,20240429.0,Received
5891,20240609,1,361,50,249.04996630403392,12452.498315201696,5.0,20240614.0,Received
5892,20240820,1,361,50,249.04996630403392,12452.498315201696,10.0,20240830.0,Received
5893,20241026,1,361,50,249.04996630403392,12452.498315201696,9.0,20241104.0,Received
5894,20241227,1,361,50,249.04996630403392,12452.498315201696,9.0,20250105.0,Received
5895,20250214,1,361,50,249.04996630403392,12452.498315201696,10.0,20250224.0,Received
5896,20250502,1,361,50,249.04996630403392,12452.498315201696,9.0,20250511.0,Received
5897,20250712,1,361,50,249.04996630403392,12452.498315201696,10.0,20250722.0,Received
5898,20250904,1,361,50,249.04996630403392,12452.498315201696,7.0,20250911.0,Received
5899,20251111,1,361,50,249.04996630403392,12452.498315201696,9.0,20251120.0,Received
5900,20260119,1,361,50,249.04996630403392,12452.498315201696,6.0,20260125.0,Received
5901,20230314,1,362,50,192.50000000000003,9625.000000000002,6.0,20230320.0,Received
5902,20230525,1,362,50,192.50000000000003,9625.000000000002,8.0,20230602.0,Received
5903,20230731,1,362,50,192.50000000000003,9625.000000000002,6.0,20230806.0,Received
5904,20231006,1,362,50,192.50000000000003,9625.000000000002,9.0,20231015.0,Received
5905,20231203,1,362,50,192.50000000000003,9625.000000000002,11.0,20231214.0,Received
5906,20240129,1,362,50,192.50000000000003,9625.000000000002,9.0,20240207.0,Received
5907,20240409,1,362,50,192.50000000000003,9625.000000000002,11.0,20240420.0,Received
5908,20240627,1,362,50,192.50000000000003,9625.000000000002,6.0,20240703.0,Received
5909,20240918,1,362,50,192.50000000000003,9625.000000000002,5.0,20240923.0,Received
5910,20241106,1,362,50,192.50000000000003,9625.000000000002,5.0,20241111.0,Received
5911,20241222,1,362,50,192.50000000000003,9625.000000000002,9.0,20241231.0,Received
5912,20250209,1,362,50,192.50000000000003,9625.000000000002,8.0,20250217.0,Received
5913,20250330,1,362,50,192.50000000000003,9625.000000000002,8.0,20250407.0,Received
5914,20250603,1,362,50,192.50000000000003,9625.000000000002,,,Cancelled
5915,20250730,1,362,50,192.50000000000003,9625.000000000002,10.0,20250809.0,Received
5916,20250926,1,362,50,192.50000000000003,9625.000000000002,8.0,20251004.0,Received
5917,20251213,1,362,50,192.50000000000003,9625.000000000002,10.0,20251223.0,Received
5918,20230218,1,363,50,192.50000000000003,9625.000000000002,6.0,20230224.0,Received
5919,20230408,1,363,50,192.50000000000003,9625.000000000002,8.0,20230416.0,Received
5920,20230618,1,363,50,192.50000000000003,9625.000000000002,6.0,20230624.0,Received
5921,20230803,1,363,50,192.50000000000003,9625.000000000002,6.0,20230809.0,Received
5922,20231018,1,363,50,192.50000000000003,9625.000000000002,5.0,20231023.0,Received
5923,20231226,1,363,50,192.50000000000003,9625.000000000002,11.0,20240106.0,Received
5924,20240304,1,363,50,192.50000000000003,9625.000000000002,5.0,20240309.0,Received
5925,20240509,1,363,50,192.50000000000003,9625.000000000002,7.0,20240516.0,Received
5926,20240803,1,363,50,192.50000000000003,9625.000000000002,9.0,20240812.0,Received
5927,20240927,1,363,50,192.50000000000003,9625.000000000002,9.0,20241006.0,Received
5928,20241225,1,363,50,192.50000000000003,9625.000000000002,5.0,20241230.0,Received
5929,20250320,1,363,50,192.50000000000003,9625.000000000002,9.0,20250329.0,Received
5930,20250505,1,363,50,192.50000000000003,9625.000000000002,8.0,20250513.0,Received
5931,20250715,1,363,50,192.50000000000003,9625.000000000002,11.0,20250726.0,Received
5932,20250908,1,363,50,192.50000000000003,9625.000000000002,7.0,20250915.0,Received
5933,20251023,1,363,50,192.50000000000003,9625.000000000002,8.0,20251031.0,Received
5934,20260115,1,363,50,192.50000000000003,9625.000000000002,10.0,20260125.0,Received
5935,20230318,1,364,50,192.50000000000003,9625.000000000002,,,Cancelled
5936,20230523,1,364,50,192.50000000000003,9625.000000000002,10.0,20230602.0,Received
5937,20230817,1,364,50,192.50000000000003,9625.000000000002,5.0,20230822.0,Received
5938,20231020,1,364,50,192.50000000000003,9625.000000000002,6.0,20231026.0,Received
5939,20231207,1,364,50,192.50000000000003,9625.000000000002,5.0,20231212.0,Received
5940,20240228,1,364,50,192.50000000000003,9625.000000000002,10.0,20240309.0,Received
5941,20240415,1,364,50,192.50000000000003,9625.000000000002,10.0,20240425.0,Received
5942,20240612,1,364,50,192.50000000000003,9625.000000000002,7.0,20240619.0,Received
5943,20240803,1,364,50,192.50000000000003,9625.000000000002,11.0,20240814.0,Received
5944,20240921,1,364,50,192.50000000000003,9625.000000000002,8.0,20240929.0,Received
5945,20241106,1,364,50,192.50000000000003,9625.000000000002,6.0,20241112.0,Received
5946,20241231,1,364,50,192.50000000000003,9625.000000000002,7.0,20250107.0,Received
5947,20250221,1,364,50,192.50000000000003,9625.000000000002,,,Confirmed
5948,20250425,1,364,50,192.50000000000003,9625.000000000002,11.0,20250506.0,Received
5949,20250625,1,364,50,192.50000000000003,9625.000000000002,9.0,20250704.0,Received
5950,20250906,1,364,50,192.50000000000003,9625.000000000002,6.0,20250912.0,Received
5951,20251029,1,364,50,192.50000000000003,9625.000000000002,,,Confirmed
5952,20251226,1,364,50,192.50000000000003,9625.000000000002,10.0,20260105.0,Received
5953,20230318,1,365,50,249.04996630403392,12452.498315201696,10.0,20230328.0,Received
5954,20230505,1,365,50,249.04996630403392,12452.498315201696,,,Cancelled
5955,20230705,1,365,50,249.04996630403392,12452.498315201696,7.0,20230712.0,Received
5956,20230825,1,365,50,249.04996630403392,12452.498315201696,11.0,20230905.0,Received
5957,20231120,1,365,50,249.04996630403392,12452.498315201696,8.0,20231128.0,Received
5958,20240130,1,365,50,249.04996630403392,12452.498315201696,7.0,20240206.0,Received
5959,20240403,1,365,50,249.04996630403392,12452.498315201696,10.0,20240413.0,Received
5960,20240628,1,365,50,249.04996630403392,12452.498315201696,9.0,20240707.0,Received
5961,20240907,1,365,50,249.04996630403392,12452.498315201696,10.0,20240917.0,Received
5962,20241110,1,365,50,249.04996630403392,12452.498315201696,6.0,20241116.0,Received
5963,20250206,1,365,50,249.04996630403392,12452.498315201696,11.0,20250217.0,Received
5964,20250325,1,365,50,249.04996630403392,12452.498315201696,9.0,20250403.0,Received
5965,20250611,1,365,50,249.04996630403392,12452.498315201696,7.0,20250618.0,Received
5966,20250908,1,365,50,249.04996630403392,12452.498315201696,8.0,20250916.0,Received
5967,20251122,1,365,50,249.04996630403392,12452.498315201696,9.0,20251201.0,Received
5968,20230315,1,366,50,192.50000000000003,9625.000000000002,6.0,20230321.0,Received
5969,20230518,1,366,50,192.50000000000003,9625.000000000002,5.0,20230523.0,Received
5970,20230728,1,366,50,192.50000000000003,9625.000000000002,6.0,20230803.0,Received
5971,20231006,1,366,50,192.50000000000003,9625.000000000002,6.0,20231012.0,Received
5972,20231213,1,366,50,192.50000000000003,9625.000000000002,6.0,20231219.0,Received
5973,20240128,1,366,50,192.50000000000003,9625.000000000002,9.0,20240206.0,Received
5974,20240316,1,366,50,192.50000000000003,9625.000000000002,,,Confirmed
5975,20240503,1,366,50,192.50000000000003,9625.000000000002,8.0,20240511.0,Received
5976,20240707,1,366,50,192.50000000000003,9625.000000000002,7.0,20240714.0,Received
5977,20240913,1,366,50,192.50000000000003,9625.000000000002,11.0,20240924.0,Received
5978,20241124,1,366,50,192.50000000000003,9625.000000000002,,,Confirmed
5979,20250206,1,366,50,192.50000000000003,9625.000000000002,6.0,20250212.0,Received
5980,20250415,1,366,50,192.50000000000003,9625.000000000002,8.0,20250423.0,Received
5981,20250614,1,366,50,192.50000000000003,9625.000000000002,5.0,20250619.0,Received
5982,20250826,1,366,50,192.50000000000003,9625.000000000002,8.0,20250903.0,Received
5983,20251103,1,366,50,192.50000000000003,9625.000000000002,5.0,20251108.0,Received
5984,20251225,1,366,50,192.50000000000003,9625.000000000002,7.0,20260101.0,Received
5985,20230307,1,367,50,192.50000000000003,9625.000000000002,11.0,20230318.0,Received
5986,20230527,1,367,50,192.50000000000003,9625.000000000002,7.0,20230603.0,Received
5987,20230821,1,367,50,192.50000000000003,9625.000000000002,11.0,20230901.0,Received
5988,20231011,1,367,50,192.50000000000003,9625.000000000002,5.0,20231016.0,Received
5989,20231219,1,367,50,192.50000000000003,9625.000000000002,8.0,20231227.0,Received
5990,20240211,1,367,50,192.50000000000003,9625.000000000002,11.0,20240222.0,Received
5991,20240330,1,367,50,192.50000000000003,9625.000000000002,11.0,20240410.0,Received
5992,20240626,1,367,50,192.50000000000003,9625.000000000002,,,Cancelled
5993,20240825,1,367,50,192.50000000000003,9625.000000000002,6.0,20240831.0,Received
5994,20241114,1,367,50,192.50000000000003,9625.000000000002,8.0,20241122.0,Received
5995,20250207,1,367,50,192.50000000000003,9625.000000000002,9.0,20250216.0,Received
5996,20250412,1,367,50,192.50000000000003,9625.000000000002,5.0,20250417.0,Received
5997,20250702,1,367,50,192.50000000000003,9625.000000000002,11.0,20250713.0,Received
5998,20250929,1,367,50,192.50000000000003,9625.000000000002,11.0,20251010.0,Received
5999,20251113,1,367,50,192.50000000000003,9625.000000000002,,,Cancelled
6000,20260105,1,367,50,192.50000000000003,9625.000000000002,11.0,20260116.0,Received
6001,20230314,1,368,50,192.50000000000003,9625.000000000002,11.0,20230325.0,Received
6002,20230518,1,368,50,192.50000000000003,9625.000000000002,11.0,20230529.0,Received
6003,20230716,1,368,50,192.50000000000003,9625.000000000002,9.0,20230725.0,Received
6004,20231010,1,368,50,192.50000000000003,9625.000000000002,,,Cancelled
6005,20231126,1,368,50,192.50000000000003,9625.000000000002,5.0,20231201.0,Received
6006,20240128,1,368,50,192.50000000000003,9625.000000000002,9.0,20240206.0,Received
6007,20240418,1,368,50,192.50000000000003,9625.000000000002,,,Cancelled
6008,20240602,1,368,50,192.50000000000003,9625.000000000002,8.0,20240610.0,Received
6009,20240812,1,368,50,192.50000000000003,9625.000000000002,6.0,20240818.0,Received
6010,20240930,1,368,50,192.50000000000003,9625.000000000002,8.0,20241008.0,Received
6011,20241117,1,368,50,192.50000000000003,9625.000000000002,7.0,20241124.0,Received
6012,20250206,1,368,50,192.50000000000003,9625.000000000002,11.0,20250217.0,Received
6013,20250423,1,368,50,192.50000000000003,9625.000000000002,,,Cancelled
6014,20250711,1,368,50,192.50000000000003,9625.000000000002,8.0,20250719.0,Received
6015,20250906,1,368,50,192.50000000000003,9625.000000000002,,,Cancelled
6016,20251105,1,368,50,192.50000000000003,9625.000000000002,5.0,20251110.0,Received
6017,20260127,1,368,50,192.50000000000003,9625.000000000002,7.0,20260203.0,Received
6018,20230328,1,369,50,249.04996630403392,12452.498315201696,6.0,20230403.0,Received
6019,20230616,1,369,50,249.04996630403392,12452.498315201696,,,Confirmed
6020,20230812,1,369,50,249.04996630403392,12452.498315201696,9.0,20230821.0,Received
6021,20231027,1,369,50,249.04996630403392,12452.498315201696,11.0,20231107.0,Received
6022,20240107,1,369,50,249.04996630403392,12452.498315201696,6.0,20240113.0,Received
6023,20240221,1,369,50,249.04996630403392,12452.498315201696,11.0,20240303.0,Received
6024,20240430,1,369,50,249.04996630403392,12452.498315201696,10.0,20240510.0,Received
6025,20240717,1,369,50,249.04996630403392,12452.498315201696,5.0,20240722.0,Received
6026,20241003,1,369,50,249.04996630403392,12452.498315201696,6.0,20241009.0,Received
6027,20241215,1,369,50,249.04996630403392,12452.498315201696,,,Cancelled
6028,20250226,1,369,50,249.04996630403392,12452.498315201696,6.0,20250304.0,Received
6029,20250515,1,369,50,249.04996630403392,12452.498315201696,8.0,20250523.0,Received
6030,20250702,1,369,50,249.04996630403392,12452.498315201696,,,Cancelled
6031,20250831,1,369,50,249.04996630403392,12452.498315201696,10.0,20250910.0,Received
6032,20251108,1,369,50,249.04996630403392,12452.498315201696,5.0,20251113.0,Received
6033,20260124,1,369,50,249.04996630403392,12452.498315201696,9.0,20260202.0,Received
6034,20230319,1,370,50,192.50000000000003,9625.000000000002,5.0,20230324.0,Received
6035,20230508,1,370,50,192.50000000000003,9625.000000000002,8.0,20230516.0,Received
6036,20230705,1,370,50,192.50000000000003,9625.000000000002,,,Cancelled
6037,20230912,1,370,50,192.50000000000003,9625.000000000002,9.0,20230921.0,Received
6038,20231206,1,370,50,192.50000000000003,9625.000000000002,11.0,20231217.0,Received
6039,20240205,1,370,50,192.50000000000003,9625.000000000002,5.0,20240210.0,Received
6040,20240424,1,370,50,192.50000000000003,9625.000000000002,6.0,20240430.0,Received
6041,20240630,1,370,50,192.50000000000003,9625.000000000002,7.0,20240707.0,Received
6042,20240902,1,370,50,192.50000000000003,9625.000000000002,7.0,20240909.0,Received
6043,20241031,1,370,50,192.50000000000003,9625.000000000002,7.0,20241107.0,Received
6044,20250118,1,370,50,192.50000000000003,9625.000000000002,8.0,20250126.0,Received
6045,20250313,1,370,50,192.50000000000003,9625.000000000002,11.0,20250324.0,Received
6046,20250520,1,370,50,192.50000000000003,9625.000000000002,7.0,20250527.0,Received
6047,20250806,1,370,50,192.50000000000003,9625.000000000002,,,Confirmed
6048,20250923,1,370,50,192.50000000000003,9625.000000000002,6.0,20250929.0,Received
6049,20251128,1,370,50,192.50000000000003,9625.000000000002,5.0,20251203.0,Received
6050,20230225,1,371,50,192.50000000000003,9625.000000000002,10.0,20230307.0,Received
6051,20230519,1,371,50,192.50000000000003,9625.000000000002,7.0,20230526.0,Received
6052,20230723,1,371,50,192.50000000000003,9625.000000000002,10.0,20230802.0,Received
6053,20230907,1,371,50,192.50000000000003,9625.000000000002,8.0,20230915.0,Received
6054,20231025,1,371,50,192.50000000000003,9625.000000000002,10.0,20231104.0,Received
6055,20240113,1,371,50,192.50000000000003,9625.000000000002,7.0,20240120.0,Received
6056,20240401,1,371,50,192.50000000000003,9625.000000000002,10.0,20240411.0,Received
6057,20240604,1,371,50,192.50000000000003,9625.000000000002,5.0,20240609.0,Received
6058,20240729,1,371,50,192.50000000000003,9625.000000000002,,,Confirmed
6059,20240918,1,371,50,192.50000000000003,9625.000000000002,5.0,20240923.0,Received
6060,20241209,1,371,50,192.50000000000003,9625.000000000002,11.0,20241220.0,Received
6061,20250228,1,371,50,192.50000000000003,9625.000000000002,10.0,20250310.0,Received
6062,20250425,1,371,50,192.50000000000003,9625.000000000002,11.0,20250506.0,Received
6063,20250716,1,371,50,192.50000000000003,9625.000000000002,10.0,20250726.0,Received
6064,20250901,1,371,50,192.50000000000003,9625.000000000002,8.0,20250909.0,Received
6065,20251106,1,371,50,192.50000000000003,9625.000000000002,5.0,20251111.0,Received
6066,20260129,1,371,50,192.50000000000003,9625.000000000002,,,Cancelled
6067,20230221,1,372,50,192.50000000000003,9625.000000000002,5.0,20230226.0,Received
6068,20230413,1,372,50,192.50000000000003,9625.000000000002,10.0,20230423.0,Received
6069,20230629,1,372,50,192.50000000000003,9625.000000000002,10.0,20230709.0,Received
6070,20230907,1,372,50,192.50000000000003,9625.000000000002,8.0,20230915.0,Received
6071,20231201,1,372,50,192.50000000000003,9625.000000000002,9.0,20231210.0,Received
6072,20240205,1,372,50,192.50000000000003,9625.000000000002,5.0,20240210.0,Received
6073,20240327,1,372,50,192.50000000000003,9625.000000000002,8.0,20240404.0,Received
6074,20240511,1,372,50,192.50000000000003,9625.000000000002,8.0,20240519.0,Received
6075,20240710,1,372,50,192.50000000000003,9625.000000000002,5.0,20240715.0,Received
6076,20240910,1,372,50,192.50000000000003,9625.000000000002,7.0,20240917.0,Received
6077,20241127,1,372,50,192.50000000000003,9625.000000000002,9.0,20241206.0,Received
6078,20250119,1,372,50,192.50000000000003,9625.000000000002,7.0,20250126.0,Received
6079,20250305,1,372,50,192.50000000000003,9625.000000000002,6.0,20250311.0,Received
6080,20250504,1,372,50,192.50000000000003,9625.000000000002,6.0,20250510.0,Received
6081,20250717,1,372,50,192.50000000000003,9625.000000000002,11.0,20250728.0,Received
6082,20251005,1,372,50,192.50000000000003,9625.000000000002,8.0,20251013.0,Received
6083,20251215,1,372,50,192.50000000000003,9625.000000000002,,,Confirmed
6084,20260131,1,372,50,192.50000000000003,9625.000000000002,11.0,20260211.0,Received
6085,20230219,1,373,50,235.62231759656652,11781.115879828325,8.0,20230227.0,Received
6086,20230430,1,373,50,235.62231759656652,11781.115879828325,,,Confirmed
6087,20230628,1,373,50,235.62231759656652,11781.115879828325,5.0,20230703.0,Received
6088,20230907,1,373,50,235.62231759656652,11781.115879828325,9.0,20230916.0,Received
6089,20231024,1,373,50,235.62231759656652,11781.115879828325,8.0,20231101.0,Received
6090,20231226,1,373,50,235.62231759656652,11781.115879828325,8.0,20240103.0,Received
6091,20240225,1,373,50,235.62231759656652,11781.115879828325,9.0,20240305.0,Received
6092,20240415,1,373,50,235.62231759656652,11781.115879828325,7.0,20240422.0,Received
6093,20240628,1,373,50,235.62231759656652,11781.115879828325,7.0,20240705.0,Received
6094,20240920,1,373,50,235.62231759656652,11781.115879828325,,,Confirmed
6095,20241117,1,373,50,235.62231759656652,11781.115879828325,9.0,20241126.0,Received
6096,20250202,1,373,50,235.62231759656652,11781.115879828325,6.0,20250208.0,Received
6097,20250420,1,373,50,235.62231759656652,11781.115879828325,11.0,20250501.0,Received
6098,20250711,1,373,50,235.62231759656652,11781.115879828325,,,Cancelled
6099,20250903,1,373,50,235.62231759656652,11781.115879828325,6.0,20250909.0,Received
6100,20251111,1,373,50,235.62231759656652,11781.115879828325,6.0,20251117.0,Received
6101,20260107,1,373,50,235.62231759656652,11781.115879828325,6.0,20260113.0,Received
6102,20230327,1,374,50,330.0,16500.0,7.0,20230403.0,Received
6103,20230513,1,374,50,330.0,16500.0,11.0,20230524.0,Received
6104,20230728,1,374,50,330.0,16500.0,11.0,20230808.0,Received
6105,20231005,1,374,50,330.0,16500.0,11.0,20231016.0,Received
6106,20231206,1,374,50,330.0,16500.0,11.0,20231217.0,Received
6107,20240226,1,374,50,330.0,16500.0,11.0,20240308.0,Received
6108,20240524,1,374,50,330.0,16500.0,5.0,20240529.0,Received
6109,20240728,1,374,50,330.0,16500.0,10.0,20240807.0,Received
6110,20240930,1,374,50,330.0,16500.0,9.0,20241009.0,Received
6111,20241202,1,374,50,330.0,16500.0,7.0,20241209.0,Received
6112,20250129,1,374,50,330.0,16500.0,8.0,20250206.0,Received
6113,20250324,1,374,50,330.0,16500.0,8.0,20250401.0,Received
6114,20250609,1,374,50,330.0,16500.0,7.0,20250616.0,Received
6115,20250801,1,374,50,330.0,16500.0,8.0,20250809.0,Received
6116,20251022,1,374,50,330.0,16500.0,6.0,20251028.0,Received
6117,20251221,1,374,50,330.0,16500.0,8.0,20251229.0,Received
6118,20230218,1,375,50,330.0,16500.0,8.0,20230226.0,Received
6119,20230505,1,375,50,330.0,16500.0,5.0,20230510.0,Received
6120,20230722,1,375,50,330.0,16500.0,10.0,20230801.0,Received
6121,20231010,1,375,50,330.0,16500.0,10.0,20231020.0,Received
6122,20231130,1,375,50,330.0,16500.0,5.0,20231205.0,Received
6123,20240123,1,375,50,330.0,16500.0,10.0,20240202.0,Received
6124,20240406,1,375,50,330.0,16500.0,5.0,20240411.0,Received
6125,20240615,1,375,50,330.0,16500.0,11.0,20240626.0,Received
6126,20240814,1,375,50,330.0,16500.0,7.0,20240821.0,Received
6127,20241004,1,375,50,330.0,16500.0,5.0,20241009.0,Received
6128,20241122,1,375,50,330.0,16500.0,6.0,20241128.0,Received
6129,20250210,1,375,50,330.0,16500.0,8.0,20250218.0,Received
6130,20250504,1,375,50,330.0,16500.0,6.0,20250510.0,Received
6131,20250707,1,375,50,330.0,16500.0,11.0,20250718.0,Received
6132,20250929,1,375,50,330.0,16500.0,7.0,20251006.0,Received
6133,20251219,1,375,50,330.0,16500.0,6.0,20251225.0,Received
6134,20230215,1,376,50,330.0,16500.0,7.0,20230222.0,Received
6135,20230416,1,376,50,330.0,16500.0,,,Confirmed
6136,20230623,1,376,50,330.0,16500.0,6.0,20230629.0,Received
6137,20230913,1,376,50,330.0,16500.0,,,Cancelled
6138,20231125,1,376,50,330.0,16500.0,9.0,20231204.0,Received
6139,20240112,1,376,50,330.0,16500.0,7.0,20240119.0,Received
6140,20240406,1,376,50,330.0,16500.0,7.0,20240413.0,Received
6141,20240628,1,376,50,330.0,16500.0,,,Cancelled
6142,20240910,1,376,50,330.0,16500.0,10.0,20240920.0,Received
6143,20241121,1,376,50,330.0,16500.0,10.0,20241201.0,Received
6144,20250115,1,376,50,330.0,16500.0,,,Confirmed
6145,20250406,1,376,50,330.0,16500.0,9.0,20250415.0,Received
6146,20250525,1,376,50,330.0,16500.0,7.0,20250601.0,Received
6147,20250727,1,376,50,330.0,16500.0,10.0,20250806.0,Received
6148,20250922,1,376,50,330.0,16500.0,,,Cancelled
6149,20251111,1,376,50,330.0,16500.0,11.0,20251122.0,Received
6150,20230316,1,377,50,330.0,16500.0,,,Cancelled
6151,20230501,1,377,50,330.0,16500.0,10.0,20230511.0,Received
6152,20230727,1,377,50,330.0,16500.0,8.0,20230804.0,Received
6153,20231006,1,377,50,330.0,16500.0,,,Confirmed
6154,20231230,1,377,50,330.0,16500.0,8.0,20240107.0,Received
6155,20240303,1,377,50,330.0,16500.0,7.0,20240310.0,Received
6156,20240503,1,377,50,330.0,16500.0,7.0,20240510.0,Received
6157,20240621,1,377,50,330.0,16500.0,9.0,20240630.0,Received
6158,20240916,1,377,50,330.0,16500.0,6.0,20240922.0,Received
6159,20241102,1,377,50,330.0,16500.0,5.0,20241107.0,Received
6160,20250119,1,377,50,330.0,16500.0,5.0,20250124.0,Received
6161,20250415,1,377,50,330.0,16500.0,5.0,20250420.0,Received
6162,20250628,1,377,50,330.0,16500.0,5.0,20250703.0,Received
6163,20250911,1,377,50,330.0,16500.0,7.0,20250918.0,Received
6164,20251115,1,377,50,330.0,16500.0,10.0,20251125.0,Received
6165,20230318,1,378,50,412.50000000000006,20625.000000000004,7.0,20230325.0,Received
6166,20230610,1,378,50,412.50000000000006,20625.000000000004,5.0,20230615.0,Received
6167,20230810,1,378,50,412.50000000000006,20625.000000000004,5.0,20230815.0,Received
6168,20231107,1,378,50,412.50000000000006,20625.000000000004,5.0,20231112.0,Received
6169,20240104,1,378,50,412.50000000000006,20625.000000000004,5.0,20240109.0,Received
6170,20240227,1,378,50,412.50000000000006,20625.000000000004,7.0,20240305.0,Received
6171,20240521,1,378,50,412.50000000000006,20625.000000000004,7.0,20240528.0,Received
6172,20240706,1,378,50,412.50000000000006,20625.000000000004,8.0,20240714.0,Received
6173,20240824,1,378,50,412.50000000000006,20625.000000000004,7.0,20240831.0,Received
6174,20241114,1,378,50,412.50000000000006,20625.000000000004,9.0,20241123.0,Received
6175,20250102,1,378,50,412.50000000000006,20625.000000000004,5.0,20250107.0,Received
6176,20250227,1,378,50,412.50000000000006,20625.000000000004,10.0,20250309.0,Received
6177,20250501,1,378,50,412.50000000000006,20625.000000000004,11.0,20250512.0,Received
6178,20250722,1,378,50,412.50000000000006,20625.000000000004,10.0,20250801.0,Received
6179,20250919,1,378,50,412.50000000000006,20625.000000000004,7.0,20250926.0,Received
6180,20251127,1,378,50,412.50000000000006,20625.000000000004,5.0,20251202.0,Received
6181,20260119,1,378,50,412.50000000000006,20625.000000000004,9.0,20260128.0,Received
6182,20230306,1,379,50,412.50000000000006,20625.000000000004,5.0,20230311.0,Received
6183,20230602,1,379,50,412.50000000000006,20625.000000000004,5.0,20230607.0,Received
6184,20230813,1,379,50,412.50000000000006,20625.000000000004,11.0,20230824.0,Received
6185,20231023,1,379,50,412.50000000000006,20625.000000000004,7.0,20231030.0,Received
6186,20240113,1,379,50,412.50000000000006,20625.000000000004,8.0,20240121.0,Received
6187,20240321,1,379,50,412.50000000000006,20625.000000000004,7.0,20240328.0,Received
6188,20240614,1,379,50,412.50000000000006,20625.000000000004,7.0,20240621.0,Received
6189,20240729,1,379,50,412.50000000000006,20625.000000000004,10.0,20240808.0,Received
6190,20241019,1,379,50,412.50000000000006,20625.000000000004,5.0,20241024.0,Received
6191,20241213,1,379,50,412.50000000000006,20625.000000000004,9.0,20241222.0,Received
6192,20250215,1,379,50,412.50000000000006,20625.000000000004,9.0,20250224.0,Received
6193,20250408,1,379,50,412.50000000000006,20625.000000000004,6.0,20250414.0,Received
6194,20250618,1,379,50,412.50000000000006,20625.000000000004,5.0,20250623.0,Received
6195,20250813,1,379,50,412.50000000000006,20625.000000000004,11.0,20250824.0,Received
6196,20251107,1,379,50,412.50000000000006,20625.000000000004,11.0,20251118.0,Received
6197,20260116,1,379,50,412.50000000000006,20625.000000000004,10.0,20260126.0,Received
6198,20230320,1,380,50,412.50000000000006,20625.000000000004,6.0,20230326.0,Received
6199,20230609,1,380,50,412.50000000000006,20625.000000000004,,,Cancelled
6200,20230731,1,380,50,412.50000000000006,20625.000000000004,8.0,20230808.0,Received
6201,20231020,1,380,50,412.50000000000006,20625.000000000004,6.0,20231026.0,Received
6202,20231205,1,380,50,412.50000000000006,20625.000000000004,6.0,20231211.0,Received
6203,20240121,1,380,50,412.50000000000006,20625.000000000004,10.0,20240131.0,Received
6204,20240403,1,380,50,412.50000000000006,20625.000000000004,8.0,20240411.0,Received
6205,20240526,1,380,50,412.50000000000006,20625.000000000004,,,Cancelled
6206,20240820,1,380,50,412.50000000000006,20625.000000000004,6.0,20240826.0,Received
6207,20241030,1,380,50,412.50000000000006,20625.000000000004,10.0,20241109.0,Received
6208,20250107,1,380,50,412.50000000000006,20625.000000000004,11.0,20250118.0,Received
6209,20250301,1,380,50,412.50000000000006,20625.000000000004,11.0,20250312.0,Received
6210,20250420,1,380,50,412.50000000000006,20625.000000000004,10.0,20250430.0,Received
6211,20250627,1,380,50,412.50000000000006,20625.000000000004,9.0,20250706.0,Received
6212,20250904,1,380,50,412.50000000000006,20625.000000000004,5.0,20250909.0,Received
6213,20251026,1,380,50,412.50000000000006,20625.000000000004,7.0,20251102.0,Received
6214,20260102,1,380,50,412.50000000000006,20625.000000000004,,,Confirmed
6215,20230321,1,381,50,412.50000000000006,20625.000000000004,8.0,20230329.0,Received
6216,20230518,1,381,50,412.50000000000006,20625.000000000004,6.0,20230524.0,Received
6217,20230805,1,381,50,412.50000000000006,20625.000000000004,11.0,20230816.0,Received
6218,20231008,1,381,50,412.50000000000006,20625.000000000004,8.0,20231016.0,Received
6219,20231211,1,381,50,412.50000000000006,20625.000000000004,10.0,20231221.0,Received
6220,20240126,1,381,50,412.50000000000006,20625.000000000004,8.0,20240203.0,Received
6221,20240313,1,381,50,412.50000000000006,20625.000000000004,10.0,20240323.0,Received
6222,20240504,1,381,50,412.50000000000006,20625.000000000004,11.0,20240515.0,Received
6223,20240702,1,381,50,412.50000000000006,20625.000000000004,7.0,20240709.0,Received
6224,20240821,1,381,50,412.50000000000006,20625.000000000004,9.0,20240830.0,Received
6225,20241118,1,381,50,412.50000000000006,20625.000000000004,,,Confirmed
6226,20250204,1,381,50,412.50000000000006,20625.000000000004,6.0,20250210.0,Received
6227,20250326,1,381,50,412.50000000000006,20625.000000000004,,,Cancelled
6228,20250510,1,381,50,412.50000000000006,20625.000000000004,,,Confirmed
6229,20250730,1,381,50,412.50000000000006,20625.000000000004,6.0,20250805.0,Received
6230,20251025,1,381,50,412.50000000000006,20625.000000000004,5.0,20251030.0,Received
6231,20251223,1,381,50,412.50000000000006,20625.000000000004,5.0,20251228.0,Received
6232,20230310,1,382,50,412.50000000000006,20625.000000000004,8.0,20230318.0,Received
6233,20230531,1,382,50,412.50000000000006,20625.000000000004,9.0,20230609.0,Received
6234,20230729,1,382,50,412.50000000000006,20625.000000000004,11.0,20230809.0,Received
6235,20230926,1,382,50,412.50000000000006,20625.000000000004,5.0,20231001.0,Received
6236,20231217,1,382,50,412.50000000000006,20625.000000000004,6.0,20231223.0,Received
6237,20240225,1,382,50,412.50000000000006,20625.000000000004,5.0,20240301.0,Received
6238,20240519,1,382,50,412.50000000000006,20625.000000000004,9.0,20240528.0,Received
6239,20240719,1,382,50,412.50000000000006,20625.000000000004,9.0,20240728.0,Received
6240,20240908,1,382,50,412.50000000000006,20625.000000000004,10.0,20240918.0,Received
6241,20241203,1,382,50,412.50000000000006,20625.000000000004,6.0,20241209.0,Received
6242,20250223,1,382,50,412.50000000000006,20625.000000000004,8.0,20250303.0,Received
6243,20250427,1,382,50,412.50000000000006,20625.000000000004,,,Cancelled
6244,20250620,1,382,50,412.50000000000006,20625.000000000004,9.0,20250629.0,Received
6245,20250914,1,382,50,412.50000000000006,20625.000000000004,9.0,20250923.0,Received
6246,20251116,1,382,50,412.50000000000006,20625.000000000004,6.0,20251122.0,Received
6247,20260122,1,382,50,412.50000000000006,20625.000000000004,5.0,20260127.0,Received
6248,20230322,1,383,50,247.50000000000003,12375.000000000002,6.0,20230328.0,Received
6249,20230524,1,383,50,247.50000000000003,12375.000000000002,11.0,20230604.0,Received
6250,20230805,1,383,50,247.50000000000003,12375.000000000002,11.0,20230816.0,Received
6251,20230922,1,383,50,247.50000000000003,12375.000000000002,10.0,20231002.0,Received
6252,20231127,1,383,50,247.50000000000003,12375.000000000002,,,Cancelled
6253,20240223,1,383,50,247.50000000000003,12375.000000000002,10.0,20240304.0,Received
6254,20240428,1,383,50,247.50000000000003,12375.000000000002,,,Confirmed
6255,20240716,1,383,50,247.50000000000003,12375.000000000002,11.0,20240727.0,Received
6256,20241009,1,383,50,247.50000000000003,12375.000000000002,6.0,20241015.0,Received
6257,20241213,1,383,50,247.50000000000003,12375.000000000002,,,Cancelled
6258,20250206,1,383,50,247.50000000000003,12375.000000000002,8.0,20250214.0,Received
6259,20250404,1,383,50,247.50000000000003,12375.000000000002,11.0,20250415.0,Received
6260,20250619,1,383,50,247.50000000000003,12375.000000000002,6.0,20250625.0,Received
6261,20250904,1,383,50,247.50000000000003,12375.000000000002,6.0,20250910.0,Received
6262,20251115,1,383,50,247.50000000000003,12375.000000000002,9.0,20251124.0,Received
6263,20260129,1,383,50,247.50000000000003,12375.000000000002,5.0,20260203.0,Received
6264,20230309,1,384,50,247.50000000000003,12375.000000000002,5.0,20230314.0,Received
6265,20230518,1,384,50,247.50000000000003,12375.000000000002,5.0,20230523.0,Received
6266,20230719,1,384,50,247.50000000000003,12375.000000000002,7.0,20230726.0,Received
6267,20231005,1,384,50,247.50000000000003,12375.000000000002,10.0,20231015.0,Received
6268,20231208,1,384,50,247.50000000000003,12375.000000000002,10.0,20231218.0,Received
6269,20240124,1,384,50,247.50000000000003,12375.000000000002,5.0,20240129.0,Received
6270,20240404,1,384,50,247.50000000000003,12375.000000000002,10.0,20240414.0,Received
6271,20240614,1,384,50,247.50000000000003,12375.000000000002,,,Cancelled
6272,20240830,1,384,50,247.50000000000003,12375.000000000002,8.0,20240907.0,Received
6273,20241023,1,384,50,247.50000000000003,12375.000000000002,,,Confirmed
6274,20250108,1,384,50,247.50000000000003,12375.000000000002,5.0,20250113.0,Received
6275,20250405,1,384,50,247.50000000000003,12375.000000000002,6.0,20250411.0,Received
6276,20250521,1,384,50,247.50000000000003,12375.000000000002,,,Confirmed
6277,20250731,1,384,50,247.50000000000003,12375.000000000002,11.0,20250811.0,Received
6278,20251016,1,384,50,247.50000000000003,12375.000000000002,9.0,20251025.0,Received
6279,20251221,1,384,50,247.50000000000003,12375.000000000002,10.0,20251231.0,Received
6280,20230303,1,385,70,247.50000000000003,17325.000000000004,10.0,20230313.0,Received
6281,20230526,1,385,70,247.50000000000003,17325.000000000004,6.0,20230601.0,Received
6282,20230719,1,385,70,247.50000000000003,17325.000000000004,11.0,20230730.0,Received
6283,20230904,1,385,70,247.50000000000003,17325.000000000004,10.0,20230914.0,Received
6284,20231127,1,385,70,247.50000000000003,17325.000000000004,11.0,20231208.0,Received
6285,20240128,1,385,70,247.50000000000003,17325.000000000004,,,Cancelled
6286,20240328,1,385,70,247.50000000000003,17325.000000000004,6.0,20240403.0,Received
6287,20240524,1,385,70,247.50000000000003,17325.000000000004,6.0,20240530.0,Received
6288,20240801,1,385,70,247.50000000000003,17325.000000000004,8.0,20240809.0,Received
6289,20241006,1,385,70,247.50000000000003,17325.000000000004,11.0,20241017.0,Received
6290,20241209,1,385,70,247.50000000000003,17325.000000000004,5.0,20241214.0,Received
6291,20250222,1,385,70,247.50000000000003,17325.000000000004,7.0,20250301.0,Received
6292,20250517,1,385,70,247.50000000000003,17325.000000000004,8.0,20250525.0,Received
6293,20250714,1,385,70,247.50000000000003,17325.000000000004,8.0,20250722.0,Received
6294,20251001,1,385,70,247.50000000000003,17325.000000000004,11.0,20251012.0,Received
6295,20251213,1,385,70,247.50000000000003,17325.000000000004,5.0,20251218.0,Received
6296,20260129,1,385,70,247.50000000000003,17325.000000000004,,,Confirmed
6297,20230215,1,386,50,247.50000000000003,12375.000000000002,6.0,20230221.0,Received
6298,20230509,1,386,50,247.50000000000003,12375.000000000002,10.0,20230519.0,Received
6299,20230713,1,386,50,247.50000000000003,12375.000000000002,7.0,20230720.0,Received
6300,20231001,1,386,50,247.50000000000003,12375.000000000002,11.0,20231012.0,Received
6301,20231224,1,386,50,247.50000000000003,12375.000000000002,9.0,20240102.0,Received
6302,20240226,1,386,50,247.50000000000003,12375.000000000002,11.0,20240308.0,Received
6303,20240426,1,386,50,247.50000000000003,12375.000000000002,7.0,20240503.0,Received
6304,20240620,1,386,50,247.50000000000003,12375.000000000002,5.0,20240625.0,Received
6305,20240907,1,386,50,247.50000000000003,12375.000000000002,7.0,20240914.0,Received
6306,20241126,1,386,50,247.50000000000003,12375.000000000002,10.0,20241206.0,Received
6307,20250217,1,386,50,247.50000000000003,12375.000000000002,6.0,20250223.0,Received
6308,20250408,1,386,50,247.50000000000003,12375.000000000002,9.0,20250417.0,Received
6309,20250620,1,386,50,247.50000000000003,12375.000000000002,10.0,20250630.0,Received
6310,20250827,1,386,50,247.50000000000003,12375.000000000002,5.0,20250901.0,Received
6311,20251026,1,386,50,247.50000000000003,12375.000000000002,9.0,20251104.0,Received
6312,20260107,1,386,50,247.50000000000003,12375.000000000002,10.0,20260117.0,Received
6313,20230219,1,387,50,549.45,27472.500000000004,10.0,20230301.0,Received
6314,20230515,1,387,50,549.45,27472.500000000004,11.0,20230526.0,Received
6315,20230629,1,387,50,549.45,27472.500000000004,9.0,20230708.0,Received
6316,20230915,1,387,50,549.45,27472.500000000004,11.0,20230926.0,Received
6317,20231127,1,387,50,549.45,27472.500000000004,,,Confirmed
6318,20240220,1,387,50,549.45,27472.500000000004,7.0,20240227.0,Received
6319,20240417,1,387,50,549.45,27472.500000000004,5.0,20240422.0,Received
6320,20240609,1,387,50,549.45,27472.500000000004,,,Confirmed
6321,20240809,1,387,50,549.45,27472.500000000004,6.0,20240815.0,Received
6322,20241105,1,387,50,549.45,27472.500000000004,10.0,20241115.0,Received
6323,20250124,1,387,50,549.45,27472.500000000004,5.0,20250129.0,Received
6324,20250405,1,387,50,549.45,27472.500000000004,6.0,20250411.0,Received
6325,20250522,1,387,50,549.45,27472.500000000004,5.0,20250527.0,Received
6326,20250707,1,387,50,549.45,27472.500000000004,10.0,20250717.0,Received
6327,20250828,1,387,50,549.45,27472.500000000004,10.0,20250907.0,Received
6328,20251112,1,387,50,549.45,27472.500000000004,5.0,20251117.0,Received
6329,20260104,1,387,50,549.45,27472.500000000004,6.0,20260110.0,Received
6330,20230317,1,388,50,549.45,27472.500000000004,7.0,20230324.0,Received
6331,20230523,1,388,50,549.45,27472.500000000004,7.0,20230530.0,Received
6332,20230728,1,388,50,549.45,27472.500000000004,10.0,20230807.0,Received
6333,20231024,1,388,50,549.45,27472.500000000004,10.0,20231103.0,Received
6334,20240107,1,388,50,549.45,27472.500000000004,8.0,20240115.0,Received
6335,20240226,1,388,50,549.45,27472.500000000004,9.0,20240306.0,Received
6336,20240416,1,388,50,549.45,27472.500000000004,9.0,20240425.0,Received
6337,20240608,1,388,50,549.45,27472.500000000004,10.0,20240618.0,Received
6338,20240726,1,388,50,549.45,27472.500000000004,5.0,20240731.0,Received
6339,20241009,1,388,50,549.45,27472.500000000004,5.0,20241014.0,Received
6340,20241206,1,388,50,549.45,27472.500000000004,,,Confirmed
6341,20250212,1,388,50,549.45,27472.500000000004,10.0,20250222.0,Received
6342,20250425,1,388,50,549.45,27472.500000000004,5.0,20250430.0,Received
6343,20250622,1,388,50,549.45,27472.500000000004,5.0,20250627.0,Received
6344,20250914,1,388,50,549.45,27472.500000000004,9.0,20250923.0,Received
6345,20251101,1,388,50,549.45,27472.500000000004,5.0,20251106.0,Received
6346,20251229,1,388,50,549.45,27472.500000000004,7.0,20260105.0,Received
6347,20230220,1,389,50,549.45,27472.500000000004,9.0,20230301.0,Received
6348,20230415,1,389,50,549.45,27472.500000000004,11.0,20230426.0,Received
6349,20230713,1,389,50,549.45,27472.500000000004,9.0,20230722.0,Received
6350,20230903,1,389,50,549.45,27472.500000000004,7.0,20230910.0,Received
6351,20231030,1,389,50,549.45,27472.500000000004,7.0,20231106.0,Received
6352,20240103,1,389,50,549.45,27472.500000000004,5.0,20240108.0,Received
6353,20240224,1,389,50,549.45,27472.500000000004,8.0,20240303.0,Received
6354,20240512,1,389,50,549.45,27472.500000000004,8.0,20240520.0,Received
6355,20240628,1,389,50,549.45,27472.500000000004,,,Confirmed
6356,20240909,1,389,50,549.45,27472.500000000004,,,Confirmed
6357,20241125,1,389,50,549.45,27472.500000000004,11.0,20241206.0,Received
6358,20250129,1,389,50,549.45,27472.500000000004,8.0,20250206.0,Received
6359,20250417,1,389,50,549.45,27472.500000000004,8.0,20250425.0,Received
6360,20250713,1,389,50,549.45,27472.500000000004,7.0,20250720.0,Received
6361,20250902,1,389,50,549.45,27472.500000000004,6.0,20250908.0,Received
6362,20251117,1,389,50,549.45,27472.500000000004,8.0,20251125.0,Received
6363,20260131,1,389,50,549.45,27472.500000000004,6.0,20260206.0,Received
6364,20230325,1,390,50,549.45,27472.500000000004,10.0,20230404.0,Received
6365,20230618,1,390,50,549.45,27472.500000000004,8.0,20230626.0,Received
6366,20230802,1,390,50,549.45,27472.500000000004,6.0,20230808.0,Received
6367,20231020,1,390,50,549.45,27472.500000000004,8.0,20231028.0,Received
6368,20231230,1,390,50,549.45,27472.500000000004,8.0,20240107.0,Received
6369,20240306,1,390,50,549.45,27472.500000000004,6.0,20240312.0,Received
6370,20240528,1,390,50,549.45,27472.500000000004,8.0,20240605.0,Received
6371,20240823,1,390,50,549.45,27472.500000000004,6.0,20240829.0,Received
6372,20241028,1,390,50,549.45,27472.500000000004,6.0,20241103.0,Received
6373,20250118,1,390,50,549.45,27472.500000000004,10.0,20250128.0,Received
6374,20250309,1,390,50,549.45,27472.500000000004,7.0,20250316.0,Received
6375,20250606,1,390,50,549.45,27472.500000000004,7.0,20250613.0,Received
6376,20250903,1,390,50,549.45,27472.500000000004,9.0,20250912.0,Received
6377,20251029,1,390,50,549.45,27472.500000000004,5.0,20251103.0,Received
6378,20260114,1,390,50,549.45,27472.500000000004,,,Cancelled
6379,20230314,1,391,50,549.45,27472.500000000004,6.0,20230320.0,Received
6380,20230610,1,391,50,549.45,27472.500000000004,6.0,20230616.0,Received
6381,20230902,1,391,50,549.45,27472.500000000004,11.0,20230913.0,Received
6382,20231023,1,391,50,549.45,27472.500000000004,5.0,20231028.0,Received
6383,20231217,1,391,50,549.45,27472.500000000004,5.0,20231222.0,Received
6384,20240209,1,391,50,549.45,27472.500000000004,9.0,20240218.0,Received
6385,20240402,1,391,50,549.45,27472.500000000004,8.0,20240410.0,Received
6386,20240624,1,391,50,549.45,27472.500000000004,5.0,20240629.0,Received
6387,20240916,1,391,50,549.45,27472.500000000004,11.0,20240927.0,Received
6388,20241212,1,391,50,549.45,27472.500000000004,10.0,20241222.0,Received
6389,20250128,1,391,50,549.45,27472.500000000004,7.0,20250204.0,Received
6390,20250422,1,391,50,549.45,27472.500000000004,11.0,20250503.0,Received
6391,20250611,1,391,50,549.45,27472.500000000004,7.0,20250618.0,Received
6392,20250809,1,391,50,549.45,27472.500000000004,8.0,20250817.0,Received
6393,20251024,1,391,50,549.45,27472.500000000004,6.0,20251030.0,Received
6394,20251231,1,391,50,549.45,27472.500000000004,5.0,20260105.0,Received
6395,20230303,1,392,50,439.45000000000005,21972.500000000004,6.0,20230309.0,Received
6396,20230423,1,392,50,439.45000000000005,21972.500000000004,11.0,20230504.0,Received
6397,20230608,1,392,50,439.45000000000005,21972.500000000004,9.0,20230617.0,Received
6398,20230820,1,392,50,439.45000000000005,21972.500000000004,8.0,20230828.0,Received
6399,20231111,1,392,50,439.45000000000005,21972.500000000004,10.0,20231121.0,Received
6400,20240105,1,392,50,439.45000000000005,21972.500000000004,,,Cancelled
6401,20240226,1,392,50,439.45000000000005,21972.500000000004,6.0,20240303.0,Received
6402,20240425,1,392,50,439.45000000000005,21972.500000000004,11.0,20240506.0,Received
6403,20240719,1,392,50,439.45000000000005,21972.500000000004,11.0,20240730.0,Received
6404,20240927,1,392,50,439.45000000000005,21972.500000000004,,,Cancelled
6405,20241124,1,392,50,439.45000000000005,21972.500000000004,6.0,20241130.0,Received
6406,20250209,1,392,50,439.45000000000005,21972.500000000004,7.0,20250216.0,Received
6407,20250413,1,392,50,439.45000000000005,21972.500000000004,,,Cancelled
6408,20250707,1,392,50,439.45000000000005,21972.500000000004,9.0,20250716.0,Received
6409,20250906,1,392,50,439.45000000000005,21972.500000000004,8.0,20250914.0,Received
6410,20251028,1,392,50,439.45000000000005,21972.500000000004,10.0,20251107.0,Received
6411,20260108,1,392,50,439.45000000000005,21972.500000000004,9.0,20260117.0,Received
6412,20230308,1,393,50,439.45000000000005,21972.500000000004,6.0,20230314.0,Received
6413,20230427,1,393,50,439.45000000000005,21972.500000000004,6.0,20230503.0,Received
6414,20230713,1,393,50,439.45000000000005,21972.500000000004,11.0,20230724.0,Received
6415,20231007,1,393,50,439.45000000000005,21972.500000000004,6.0,20231013.0,Received
6416,20231129,1,393,50,439.45000000000005,21972.500000000004,9.0,20231208.0,Received
6417,20240127,1,393,50,439.45000000000005,21972.500000000004,11.0,20240207.0,Received
6418,20240425,1,393,50,439.45000000000005,21972.500000000004,10.0,20240505.0,Received
6419,20240715,1,393,50,439.45000000000005,21972.500000000004,8.0,20240723.0,Received
6420,20240908,1,393,50,439.45000000000005,21972.500000000004,10.0,20240918.0,Received
6421,20241124,1,393,50,439.45000000000005,21972.500000000004,10.0,20241204.0,Received
6422,20250129,1,393,50,439.45000000000005,21972.500000000004,7.0,20250205.0,Received
6423,20250418,1,393,50,439.45000000000005,21972.500000000004,,,Cancelled
6424,20250706,1,393,50,439.45000000000005,21972.500000000004,,,Cancelled
6425,20250920,1,393,50,439.45000000000005,21972.500000000004,8.0,20250928.0,Received
6426,20251212,1,393,50,439.45000000000005,21972.500000000004,6.0,20251218.0,Received
6427,20230316,1,394,50,439.45000000000005,21972.500000000004,7.0,20230323.0,Received
6428,20230522,1,394,50,439.45000000000005,21972.500000000004,5.0,20230527.0,Received
6429,20230721,1,394,50,439.45000000000005,21972.500000000004,11.0,20230801.0,Received
6430,20230916,1,394,50,439.45000000000005,21972.500000000004,11.0,20230927.0,Received
6431,20231204,1,394,50,439.45000000000005,21972.500000000004,8.0,20231212.0,Received
6432,20240124,1,394,50,439.45000000000005,21972.500000000004,10.0,20240203.0,Received
6433,20240328,1,394,50,439.45000000000005,21972.500000000004,11.0,20240408.0,Received
6434,20240527,1,394,50,439.45000000000005,21972.500000000004,11.0,20240607.0,Received
6435,20240819,1,394,50,439.45000000000005,21972.500000000004,6.0,20240825.0,Received
6436,20241005,1,394,50,439.45000000000005,21972.500000000004,,,Cancelled
6437,20241227,1,394,50,439.45000000000005,21972.500000000004,8.0,20250104.0,Received
6438,20250314,1,394,50,439.45000000000005,21972.500000000004,5.0,20250319.0,Received
6439,20250508,1,394,50,439.45000000000005,21972.500000000004,11.0,20250519.0,Received
6440,20250709,1,394,50,439.45000000000005,21972.500000000004,7.0,20250716.0,Received
6441,20251006,1,394,50,439.45000000000005,21972.500000000004,8.0,20251014.0,Received
6442,20251124,1,394,50,439.45000000000005,21972.500000000004,8.0,20251202.0,Received
6443,20230228,1,395,50,439.45000000000005,21972.500000000004,10.0,20230310.0,Received
6444,20230518,1,395,50,439.45000000000005,21972.500000000004,9.0,20230527.0,Received
6445,20230721,1,395,50,439.45000000000005,21972.500000000004,11.0,20230801.0,Received
6446,20231012,1,395,50,439.45000000000005,21972.500000000004,11.0,20231023.0,Received
6447,20231227,1,395,50,439.45000000000005,21972.500000000004,7.0,20240103.0,Received
6448,20240219,1,395,50,439.45000000000005,21972.500000000004,5.0,20240224.0,Received
6449,20240421,1,395,50,439.45000000000005,21972.500000000004,11.0,20240502.0,Received
6450,20240620,1,395,50,439.45000000000005,21972.500000000004,5.0,20240625.0,Received
6451,20240909,1,395,50,439.45000000000005,21972.500000000004,10.0,20240919.0,Received
6452,20241123,1,395,50,439.45000000000005,21972.500000000004,6.0,20241129.0,Received
6453,20250210,1,395,50,439.45000000000005,21972.500000000004,6.0,20250216.0,Received
6454,20250428,1,395,50,439.45000000000005,21972.500000000004,6.0,20250504.0,Received
6455,20250709,1,395,50,439.45000000000005,21972.500000000004,6.0,20250715.0,Received
6456,20251001,1,395,50,439.45000000000005,21972.500000000004,7.0,20251008.0,Received
6457,20251206,1,395,50,439.45000000000005,21972.500000000004,,,Cancelled
6458,20230325,1,396,50,439.45000000000005,21972.500000000004,11.0,20230405.0,Received
6459,20230530,1,396,50,439.45000000000005,21972.500000000004,8.0,20230607.0,Received
6460,20230807,1,396,50,439.45000000000005,21972.500000000004,9.0,20230816.0,Received
6461,20231023,1,396,50,439.45000000000005,21972.500000000004,7.0,20231030.0,Received
6462,20240105,1,396,50,439.45000000000005,21972.500000000004,5.0,20240110.0,Received
6463,20240220,1,396,50,439.45000000000005,21972.500000000004,6.0,20240226.0,Received
6464,20240513,1,396,50,439.45000000000005,21972.500000000004,,,Confirmed
6465,20240726,1,396,50,439.45000000000005,21972.500000000004,5.0,20240731.0,Received
6466,20241004,1,396,50,439.45000000000005,21972.500000000004,5.0,20241009.0,Received
6467,20241203,1,396,50,439.45000000000005,21972.500000000004,8.0,20241211.0,Received
6468,20250213,1,396,50,439.45000000000005,21972.500000000004,8.0,20250221.0,Received
6469,20250511,1,396,50,439.45000000000005,21972.500000000004,7.0,20250518.0,Received
6470,20250804,1,396,50,439.45000000000005,21972.500000000004,11.0,20250815.0,Received
6471,20251026,1,396,50,439.45000000000005,21972.500000000004,5.0,20251031.0,Received
6472,20251230,1,396,50,439.45000000000005,21972.500000000004,10.0,20260109.0,Received
6473,20230302,1,397,50,330.0,16500.0,5.0,20230307.0,Received
6474,20230425,1,397,50,330.0,16500.0,8.0,20230503.0,Received
6475,20230702,1,397,50,330.0,16500.0,9.0,20230711.0,Received
6476,20230914,1,397,50,330.0,16500.0,11.0,20230925.0,Received
6477,20231114,1,397,50,330.0,16500.0,9.0,20231123.0,Received
6478,20240119,1,397,50,330.0,16500.0,5.0,20240124.0,Received
6479,20240310,1,397,50,330.0,16500.0,,,Confirmed
6480,20240603,1,397,50,330.0,16500.0,11.0,20240614.0,Received
6481,20240825,1,397,50,330.0,16500.0,8.0,20240902.0,Received
6482,20241111,1,397,50,330.0,16500.0,8.0,20241119.0,Received
6483,20250131,1,397,50,330.0,16500.0,10.0,20250210.0,Received
6484,20250320,1,397,50,330.0,16500.0,8.0,20250328.0,Received
6485,20250512,1,397,50,330.0,16500.0,11.0,20250523.0,Received
6486,20250703,1,397,50,330.0,16500.0,10.0,20250713.0,Received
6487,20250908,1,397,50,330.0,16500.0,6.0,20250914.0,Received
6488,20251104,1,397,50,330.0,16500.0,,,Cancelled
6489,20260121,1,397,50,330.0,16500.0,5.0,20260126.0,Received
6490,20230222,1,398,50,330.0,16500.0,10.0,20230304.0,Received
6491,20230507,1,398,50,330.0,16500.0,,,Cancelled
6492,20230716,1,398,50,330.0,16500.0,,,Cancelled
6493,20231011,1,398,50,330.0,16500.0,9.0,20231020.0,Received
6494,20231221,1,398,50,330.0,16500.0,,,Cancelled
6495,20240205,1,398,50,330.0,16500.0,6.0,20240211.0,Received
6496,20240427,1,398,50,330.0,16500.0,8.0,20240505.0,Received
6497,20240611,1,398,50,330.0,16500.0,8.0,20240619.0,Received
6498,20240801,1,398,50,330.0,16500.0,6.0,20240807.0,Received
6499,20241007,1,398,50,330.0,16500.0,6.0,20241013.0,Received
6500,20241231,1,398,50,330.0,16500.0,8.0,20250108.0,Received
6501,20250303,1,398,50,330.0,16500.0,7.0,20250310.0,Received
6502,20250506,1,398,50,330.0,16500.0,,,Confirmed
6503,20250715,1,398,50,330.0,16500.0,9.0,20250724.0,Received
6504,20250925,1,398,50,330.0,16500.0,8.0,20251003.0,Received
6505,20251123,1,398,50,330.0,16500.0,7.0,20251130.0,Received
6506,20230222,1,399,50,330.0,16500.0,11.0,20230305.0,Received
6507,20230427,1,399,50,330.0,16500.0,,,Confirmed
6508,20230720,1,399,50,330.0,16500.0,6.0,20230726.0,Received
6509,20230925,1,399,50,330.0,16500.0,11.0,20231006.0,Received
6510,20231205,1,399,50,330.0,16500.0,,,Cancelled
6511,20240218,1,399,50,330.0,16500.0,9.0,20240227.0,Received
6512,20240511,1,399,50,330.0,16500.0,10.0,20240521.0,Received
6513,20240727,1,399,50,330.0,16500.0,5.0,20240801.0,Received
6514,20240920,1,399,50,330.0,16500.0,9.0,20240929.0,Received
6515,20241114,1,399,50,330.0,16500.0,10.0,20241124.0,Received
6516,20250102,1,399,50,330.0,16500.0,,,Cancelled
6517,20250305,1,399,50,330.0,16500.0,7.0,20250312.0,Received
6518,20250518,1,399,50,330.0,16500.0,5.0,20250523.0,Received
6519,20250807,1,399,50,330.0,16500.0,6.0,20250813.0,Received
6520,20251021,1,399,50,330.0,16500.0,7.0,20251028.0,Received
6521,20260110,1,399,50,330.0,16500.0,10.0,20260120.0,Received
6522,20230228,1,400,50,330.0,16500.0,9.0,20230309.0,Received
6523,20230523,1,400,50,330.0,16500.0,11.0,20230603.0,Received
6524,20230819,1,400,50,330.0,16500.0,10.0,20230829.0,Received
6525,20231115,1,400,50,330.0,16500.0,11.0,20231126.0,Received
6526,20240205,1,400,50,330.0,16500.0,7.0,20240212.0,Received
6527,20240429,1,400,50,330.0,16500.0,11.0,20240510.0,Received
6528,20240616,1,400,50,330.0,16500.0,9.0,20240625.0,Received
6529,20240817,1,400,50,330.0,16500.0,11.0,20240828.0,Received
6530,20241029,1,400,50,330.0,16500.0,,,Confirmed
6531,20250109,1,400,50,330.0,16500.0,10.0,20250119.0,Received
6532,20250325,1,400,50,330.0,16500.0,8.0,20250402.0,Received
6533,20250516,1,400,50,330.0,16500.0,5.0,20250521.0,Received
6534,20250727,1,400,50,330.0,16500.0,8.0,20250804.0,Received
6535,20251018,1,400,50,330.0,16500.0,10.0,20251028.0,Received
6536,20251211,1,400,50,330.0,16500.0,5.0,20251216.0,Received
6537,20230322,1,401,50,330.0,16500.0,5.0,20230327.0,Received
6538,20230613,1,401,50,330.0,16500.0,5.0,20230618.0,Received
6539,20230831,1,401,50,330.0,16500.0,11.0,20230911.0,Received
6540,20231101,1,401,50,330.0,16500.0,7.0,20231108.0,Received
6541,20231220,1,401,50,330.0,16500.0,6.0,20231226.0,Received
6542,20240317,1,401,50,330.0,16500.0,6.0,20240323.0,Received
6543,20240605,1,401,50,330.0,16500.0,6.0,20240611.0,Received
6544,20240813,1,401,50,330.0,16500.0,10.0,20240823.0,Received
6545,20241023,1,401,50,330.0,16500.0,11.0,20241103.0,Received
6546,20241227,1,401,50,330.0,16500.0,9.0,20250105.0,Received
6547,20250213,1,401,50,330.0,16500.0,7.0,20250220.0,Received
6548,20250423,1,401,50,330.0,16500.0,10.0,20250503.0,Received
6549,20250608,1,401,50,330.0,16500.0,7.0,20250615.0,Received
6550,20250807,1,401,50,330.0,16500.0,5.0,20250812.0,Received
6551,20251010,1,401,50,330.0,16500.0,8.0,20251018.0,Received
6552,20251201,1,401,50,330.0,16500.0,10.0,20251211.0,Received
6553,20260115,1,401,50,330.0,16500.0,5.0,20260120.0,Received
6554,20230305,1,402,50,231.00000000000003,11550.000000000002,10.0,20230315.0,Received
6555,20230530,1,402,50,231.00000000000003,11550.000000000002,11.0,20230610.0,Received
6556,20230826,1,402,50,231.00000000000003,11550.000000000002,,,Confirmed
6557,20231016,1,402,50,231.00000000000003,11550.000000000002,7.0,20231023.0,Received
6558,20231130,1,402,50,231.00000000000003,11550.000000000002,11.0,20231211.0,Received
6559,20240208,1,402,50,231.00000000000003,11550.000000000002,6.0,20240214.0,Received
6560,20240430,1,402,50,231.00000000000003,11550.000000000002,,,Cancelled
6561,20240617,1,402,50,231.00000000000003,11550.000000000002,6.0,20240623.0,Received
6562,20240819,1,402,50,231.00000000000003,11550.000000000002,10.0,20240829.0,Received
6563,20241029,1,402,50,231.00000000000003,11550.000000000002,6.0,20241104.0,Received
6564,20250125,1,402,50,231.00000000000003,11550.000000000002,10.0,20250204.0,Received
6565,20250421,1,402,50,231.00000000000003,11550.000000000002,8.0,20250429.0,Received
6566,20250617,1,402,50,231.00000000000003,11550.000000000002,5.0,20250622.0,Received
6567,20250911,1,402,50,231.00000000000003,11550.000000000002,7.0,20250918.0,Received
6568,20251203,1,402,50,231.00000000000003,11550.000000000002,5.0,20251208.0,Received
6569,20260129,1,402,50,231.00000000000003,11550.000000000002,10.0,20260208.0,Received
6570,20230327,1,403,50,231.00000000000003,11550.000000000002,10.0,20230406.0,Received
6571,20230602,1,403,50,231.00000000000003,11550.000000000002,8.0,20230610.0,Received
6572,20230801,1,403,50,231.00000000000003,11550.000000000002,11.0,20230812.0,Received
6573,20231023,1,403,50,231.00000000000003,11550.000000000002,8.0,20231031.0,Received
6574,20240114,1,403,50,231.00000000000003,11550.000000000002,11.0,20240125.0,Received
6575,20240228,1,403,50,231.00000000000003,11550.000000000002,11.0,20240310.0,Received
6576,20240426,1,403,50,231.00000000000003,11550.000000000002,6.0,20240502.0,Received
6577,20240713,1,403,50,231.00000000000003,11550.000000000002,10.0,20240723.0,Received
6578,20241010,1,403,50,231.00000000000003,11550.000000000002,10.0,20241020.0,Received
6579,20241206,1,403,50,231.00000000000003,11550.000000000002,,,Cancelled
6580,20250215,1,403,50,231.00000000000003,11550.000000000002,9.0,20250224.0,Received
6581,20250511,1,403,50,231.00000000000003,11550.000000000002,9.0,20250520.0,Received
6582,20250707,1,403,50,231.00000000000003,11550.000000000002,10.0,20250717.0,Received
6583,20250825,1,403,50,231.00000000000003,11550.000000000002,7.0,20250901.0,Received
6584,20251020,1,403,50,231.00000000000003,11550.000000000002,7.0,20251027.0,Received
6585,20251229,1,403,50,231.00000000000003,11550.000000000002,5.0,20260103.0,Received
6586,20230227,1,404,50,231.00000000000003,11550.000000000002,,,Confirmed
6587,20230426,1,404,50,231.00000000000003,11550.000000000002,10.0,20230506.0,Received
6588,20230619,1,404,50,231.00000000000003,11550.000000000002,8.0,20230627.0,Received
6589,20230901,1,404,50,231.00000000000003,11550.000000000002,,,Confirmed
6590,20231114,1,404,50,231.00000000000003,11550.000000000002,10.0,20231124.0,Received
6591,20240209,1,404,50,231.00000000000003,11550.000000000002,10.0,20240219.0,Received
6592,20240503,1,404,50,231.00000000000003,11550.000000000002,10.0,20240513.0,Received
6593,20240715,1,404,50,231.00000000000003,11550.000000000002,7.0,20240722.0,Received
6594,20240924,1,404,50,231.00000000000003,11550.000000000002,5.0,20240929.0,Received
6595,20241222,1,404,50,231.00000000000003,11550.000000000002,9.0,20241231.0,Received
6596,20250315,1,404,50,231.00000000000003,11550.000000000002,7.0,20250322.0,Received
6597,20250523,1,404,50,231.00000000000003,11550.000000000002,9.0,20250601.0,Received
6598,20250731,1,404,50,231.00000000000003,11550.000000000002,11.0,20250811.0,Received
6599,20250923,1,404,50,231.00000000000003,11550.000000000002,7.0,20250930.0,Received
6600,20251110,1,404,50,231.00000000000003,11550.000000000002,6.0,20251116.0,Received
6601,20260130,1,404,50,231.00000000000003,11550.000000000002,10.0,20260209.0,Received
6602,20230321,1,405,50,231.00000000000003,11550.000000000002,11.0,20230401.0,Received
6603,20230601,1,405,50,231.00000000000003,11550.000000000002,,,Cancelled
6604,20230808,1,405,50,231.00000000000003,11550.000000000002,10.0,20230818.0,Received
6605,20231011,1,405,50,231.00000000000003,11550.000000000002,8.0,20231019.0,Received
6606,20231217,1,405,50,231.00000000000003,11550.000000000002,8.0,20231225.0,Received
6607,20240219,1,405,50,231.00000000000003,11550.000000000002,,,Cancelled
6608,20240430,1,405,50,231.00000000000003,11550.000000000002,10.0,20240510.0,Received
6609,20240616,1,405,50,231.00000000000003,11550.000000000002,10.0,20240626.0,Received
6610,20240905,1,405,50,231.00000000000003,11550.000000000002,6.0,20240911.0,Received
6611,20241201,1,405,50,231.00000000000003,11550.000000000002,5.0,20241206.0,Received
6612,20250204,1,405,50,231.00000000000003,11550.000000000002,8.0,20250212.0,Received
6613,20250401,1,405,50,231.00000000000003,11550.000000000002,7.0,20250408.0,Received
6614,20250527,1,405,50,231.00000000000003,11550.000000000002,11.0,20250607.0,Received
6615,20250810,1,405,50,231.00000000000003,11550.000000000002,8.0,20250818.0,Received
6616,20251002,1,405,50,231.00000000000003,11550.000000000002,11.0,20251013.0,Received
6617,20251215,1,405,50,231.00000000000003,11550.000000000002,7.0,20251222.0,Received
6618,20230328,1,406,50,231.00000000000003,11550.000000000002,7.0,20230404.0,Received
6619,20230621,1,406,50,231.00000000000003,11550.000000000002,8.0,20230629.0,Received
6620,20230902,1,406,50,231.00000000000003,11550.000000000002,7.0,20230909.0,Received
6621,20231018,1,406,50,231.00000000000003,11550.000000000002,7.0,20231025.0,Received
6622,20231227,1,406,50,231.00000000000003,11550.000000000002,8.0,20240104.0,Received
6623,20240222,1,406,50,231.00000000000003,11550.000000000002,9.0,20240302.0,Received
6624,20240520,1,406,50,231.00000000000003,11550.000000000002,5.0,20240525.0,Received
6625,20240715,1,406,50,231.00000000000003,11550.000000000002,10.0,20240725.0,Received
6626,20241002,1,406,50,231.00000000000003,11550.000000000002,5.0,20241007.0,Received
6627,20241116,1,406,50,231.00000000000003,11550.000000000002,9.0,20241125.0,Received
6628,20250125,1,406,50,231.00000000000003,11550.000000000002,7.0,20250201.0,Received
6629,20250314,1,406,50,231.00000000000003,11550.000000000002,11.0,20250325.0,Received
6630,20250522,1,406,50,231.00000000000003,11550.000000000002,8.0,20250530.0,Received
6631,20250805,1,406,50,231.00000000000003,11550.000000000002,11.0,20250816.0,Received
6632,20251027,1,406,50,231.00000000000003,11550.000000000002,7.0,20251103.0,Received
6633,20251226,1,406,50,231.00000000000003,11550.000000000002,10.0,20260105.0,Received
6634,20230312,1,407,50,247.50000000000003,12375.000000000002,,,Confirmed
6635,20230518,1,407,50,247.50000000000003,12375.000000000002,,,Cancelled
6636,20230705,1,407,50,247.50000000000003,12375.000000000002,7.0,20230712.0,Received
6637,20230905,1,407,50,247.50000000000003,12375.000000000002,10.0,20230915.0,Received
6638,20231029,1,407,50,247.50000000000003,12375.000000000002,,,Cancelled
6639,20240118,1,407,50,247.50000000000003,12375.000000000002,10.0,20240128.0,Received
6640,20240411,1,407,50,247.50000000000003,12375.000000000002,8.0,20240419.0,Received
6641,20240527,1,407,50,247.50000000000003,12375.000000000002,5.0,20240601.0,Received
6642,20240730,1,407,50,247.50000000000003,12375.000000000002,5.0,20240804.0,Received
6643,20240929,1,407,50,247.50000000000003,12375.000000000002,8.0,20241007.0,Received
6644,20241216,1,407,50,247.50000000000003,12375.000000000002,11.0,20241227.0,Received
6645,20250220,1,407,50,247.50000000000003,12375.000000000002,11.0,20250303.0,Received
6646,20250414,1,407,50,247.50000000000003,12375.000000000002,,,Confirmed
6647,20250609,1,407,50,247.50000000000003,12375.000000000002,10.0,20250619.0,Received
6648,20250811,1,407,50,247.50000000000003,12375.000000000002,,,Confirmed
6649,20251101,1,407,50,247.50000000000003,12375.000000000002,6.0,20251107.0,Received
6650,20260125,1,407,50,247.50000000000003,12375.000000000002,10.0,20260204.0,Received
6651,20230224,1,408,50,247.50000000000003,12375.000000000002,,,Confirmed
6652,20230503,1,408,50,247.50000000000003,12375.000000000002,5.0,20230508.0,Received
6653,20230626,1,408,50,247.50000000000003,12375.000000000002,7.0,20230703.0,Received
6654,20230923,1,408,50,247.50000000000003,12375.000000000002,9.0,20231002.0,Received
6655,20231128,1,408,50,247.50000000000003,12375.000000000002,8.0,20231206.0,Received
6656,20240206,1,408,50,247.50000000000003,12375.000000000002,10.0,20240216.0,Received
6657,20240501,1,408,50,247.50000000000003,12375.000000000002,8.0,20240509.0,Received
6658,20240703,1,408,50,247.50000000000003,12375.000000000002,5.0,20240708.0,Received
6659,20240823,1,408,50,247.50000000000003,12375.000000000002,11.0,20240903.0,Received
6660,20241101,1,408,50,247.50000000000003,12375.000000000002,9.0,20241110.0,Received
6661,20250128,1,408,50,247.50000000000003,12375.000000000002,,,Cancelled
6662,20250426,1,408,50,247.50000000000003,12375.000000000002,8.0,20250504.0,Received
6663,20250624,1,408,50,247.50000000000003,12375.000000000002,10.0,20250704.0,Received
6664,20250920,1,408,50,247.50000000000003,12375.000000000002,9.0,20250929.0,Received
6665,20251111,1,408,50,247.50000000000003,12375.000000000002,5.0,20251116.0,Received
6666,20260131,1,408,50,247.50000000000003,12375.000000000002,7.0,20260207.0,Received
6667,20230221,1,409,50,247.50000000000003,12375.000000000002,11.0,20230304.0,Received
6668,20230421,1,409,50,247.50000000000003,12375.000000000002,6.0,20230427.0,Received
6669,20230626,1,409,50,247.50000000000003,12375.000000000002,5.0,20230701.0,Received
6670,20230912,1,409,50,247.50000000000003,12375.000000000002,6.0,20230918.0,Received
6671,20231122,1,409,50,247.50000000000003,12375.000000000002,10.0,20231202.0,Received
6672,20240106,1,409,50,247.50000000000003,12375.000000000002,7.0,20240113.0,Received
6673,20240325,1,409,50,247.50000000000003,12375.000000000002,9.0,20240403.0,Received
6674,20240528,1,409,50,247.50000000000003,12375.000000000002,8.0,20240605.0,Received
6675,20240731,1,409,50,247.50000000000003,12375.000000000002,6.0,20240806.0,Received
6676,20240920,1,409,50,247.50000000000003,12375.000000000002,5.0,20240925.0,Received
6677,20241129,1,409,50,247.50000000000003,12375.000000000002,5.0,20241204.0,Received
6678,20250131,1,409,50,247.50000000000003,12375.000000000002,6.0,20250206.0,Received
6679,20250419,1,409,50,247.50000000000003,12375.000000000002,9.0,20250428.0,Received
6680,20250630,1,409,50,247.50000000000003,12375.000000000002,5.0,20250705.0,Received
6681,20250912,1,409,50,247.50000000000003,12375.000000000002,6.0,20250918.0,Received
6682,20251110,1,409,50,247.50000000000003,12375.000000000002,7.0,20251117.0,Received
6683,20260106,1,409,50,247.50000000000003,12375.000000000002,8.0,20260114.0,Received
6684,20230311,1,410,50,247.50000000000003,12375.000000000002,5.0,20230316.0,Received
6685,20230526,1,410,50,247.50000000000003,12375.000000000002,,,Cancelled
6686,20230712,1,410,50,247.50000000000003,12375.000000000002,10.0,20230722.0,Received
6687,20230908,1,410,50,247.50000000000003,12375.000000000002,7.0,20230915.0,Received
6688,20231104,1,410,50,247.50000000000003,12375.000000000002,7.0,20231111.0,Received
6689,20240112,1,410,50,247.50000000000003,12375.000000000002,10.0,20240122.0,Received
6690,20240309,1,410,50,247.50000000000003,12375.000000000002,8.0,20240317.0,Received
6691,20240603,1,410,50,247.50000000000003,12375.000000000002,9.0,20240612.0,Received
6692,20240819,1,410,50,247.50000000000003,12375.000000000002,5.0,20240824.0,Received
6693,20241102,1,410,50,247.50000000000003,12375.000000000002,6.0,20241108.0,Received
6694,20250114,1,410,50,247.50000000000003,12375.000000000002,,,Cancelled
6695,20250301,1,410,50,247.50000000000003,12375.000000000002,10.0,20250311.0,Received
6696,20250427,1,410,50,247.50000000000003,12375.000000000002,,,Confirmed
6697,20250714,1,410,50,247.50000000000003,12375.000000000002,5.0,20250719.0,Received
6698,20250907,1,410,50,247.50000000000003,12375.000000000002,5.0,20250912.0,Received
6699,20251124,1,410,50,247.50000000000003,12375.000000000002,7.0,20251201.0,Received
6700,20230226,1,411,50,439.45000000000005,21972.500000000004,,,Cancelled
6701,20230520,1,411,50,439.45000000000005,21972.500000000004,7.0,20230527.0,Received
6702,20230803,1,411,50,439.45000000000005,21972.500000000004,10.0,20230813.0,Received
6703,20231020,1,411,50,439.45000000000005,21972.500000000004,7.0,20231027.0,Received
6704,20231223,1,411,50,439.45000000000005,21972.500000000004,9.0,20240101.0,Received
6705,20240312,1,411,50,439.45000000000005,21972.500000000004,10.0,20240322.0,Received
6706,20240523,1,411,50,439.45000000000005,21972.500000000004,10.0,20240602.0,Received
6707,20240810,1,411,50,439.45000000000005,21972.500000000004,11.0,20240821.0,Received
6708,20241015,1,411,50,439.45000000000005,21972.500000000004,5.0,20241020.0,Received
6709,20241228,1,411,50,439.45000000000005,21972.500000000004,7.0,20250104.0,Received
6710,20250321,1,411,50,439.45000000000005,21972.500000000004,5.0,20250326.0,Received
6711,20250613,1,411,50,439.45000000000005,21972.500000000004,10.0,20250623.0,Received
6712,20250818,1,411,50,439.45000000000005,21972.500000000004,6.0,20250824.0,Received
6713,20251114,1,411,50,439.45000000000005,21972.500000000004,8.0,20251122.0,Received
6714,20260123,1,411,50,439.45000000000005,21972.500000000004,,,Confirmed
6715,20230226,1,412,50,439.45000000000005,21972.500000000004,5.0,20230303.0,Received
6716,20230517,1,412,50,439.45000000000005,21972.500000000004,,,Cancelled
6717,20230731,1,412,50,439.45000000000005,21972.500000000004,7.0,20230807.0,Received
6718,20231003,1,412,50,439.45000000000005,21972.500000000004,,,Confirmed
6719,20231130,1,412,50,439.45000000000005,21972.500000000004,7.0,20231207.0,Received
6720,20240216,1,412,50,439.45000000000005,21972.500000000004,5.0,20240221.0,Received
6721,20240424,1,412,50,439.45000000000005,21972.500000000004,7.0,20240501.0,Received
6722,20240615,1,412,50,439.45000000000005,21972.500000000004,,,Confirmed
6723,20240818,1,412,50,439.45000000000005,21972.500000000004,10.0,20240828.0,Received
6724,20241020,1,412,50,439.45000000000005,21972.500000000004,,,Confirmed
6725,20250113,1,412,50,439.45000000000005,21972.500000000004,,,Cancelled
6726,20250331,1,412,50,439.45000000000005,21972.500000000004,10.0,20250410.0,Received
6727,20250527,1,412,50,439.45000000000005,21972.500000000004,10.0,20250606.0,Received
6728,20250802,1,412,50,439.45000000000005,21972.500000000004,11.0,20250813.0,Received
6729,20251013,1,412,50,439.45000000000005,21972.500000000004,11.0,20251024.0,Received
6730,20251205,1,412,50,439.45000000000005,21972.500000000004,6.0,20251211.0,Received
6731,20230222,1,413,50,439.45000000000005,21972.500000000004,9.0,20230303.0,Received
6732,20230506,1,413,50,439.45000000000005,21972.500000000004,8.0,20230514.0,Received
6733,20230620,1,413,50,439.45000000000005,21972.500000000004,8.0,20230628.0,Received
6734,20230903,1,413,50,439.45000000000005,21972.500000000004,6.0,20230909.0,Received
6735,20231126,1,413,50,439.45000000000005,21972.500000000004,11.0,20231207.0,Received
6736,20240215,1,413,50,439.45000000000005,21972.500000000004,5.0,20240220.0,Received
6737,20240429,1,413,50,439.45000000000005,21972.500000000004,,,Cancelled
6738,20240726,1,413,50,439.45000000000005,21972.500000000004,8.0,20240803.0,Received
6739,20241008,1,413,50,439.45000000000005,21972.500000000004,8.0,20241016.0,Received
6740,20241227,1,413,50,439.45000000000005,21972.500000000004,,,Confirmed
6741,20250315,1,413,50,439.45000000000005,21972.500000000004,7.0,20250322.0,Received
6742,20250604,1,413,50,439.45000000000005,21972.500000000004,7.0,20250611.0,Received
6743,20250807,1,413,50,439.45000000000005,21972.500000000004,8.0,20250815.0,Received
6744,20250930,1,413,50,439.45000000000005,21972.500000000004,9.0,20251009.0,Received
6745,20251120,1,413,50,439.45000000000005,21972.500000000004,8.0,20251128.0,Received
6746,20260105,1,413,50,439.45000000000005,21972.500000000004,10.0,20260115.0,Received
6747,20230323,1,414,50,439.45000000000005,21972.500000000004,11.0,20230403.0,Received
6748,20230527,1,414,50,439.45000000000005,21972.500000000004,7.0,20230603.0,Received
6749,20230818,1,414,50,439.45000000000005,21972.500000000004,5.0,20230823.0,Received
6750,20231021,1,414,50,439.45000000000005,21972.500000000004,10.0,20231031.0,Received
6751,20231229,1,414,50,439.45000000000005,21972.500000000004,7.0,20240105.0,Received
6752,20240302,1,414,50,439.45000000000005,21972.500000000004,9.0,20240311.0,Received
6753,20240505,1,414,50,439.45000000000005,21972.500000000004,10.0,20240515.0,Received
6754,20240619,1,414,50,439.45000000000005,21972.500000000004,5.0,20240624.0,Received
6755,20240913,1,414,50,439.45000000000005,21972.500000000004,,,Cancelled
6756,20241204,1,414,50,439.45000000000005,21972.500000000004,5.0,20241209.0,Received
6757,20250207,1,414,50,439.45000000000005,21972.500000000004,,,Confirmed
6758,20250507,1,414,50,439.45000000000005,21972.500000000004,8.0,20250515.0,Received
6759,20250629,1,414,50,439.45000000000005,21972.500000000004,6.0,20250705.0,Received
6760,20250915,1,414,50,439.45000000000005,21972.500000000004,8.0,20250923.0,Received
6761,20251124,1,414,50,439.45000000000005,21972.500000000004,7.0,20251201.0,Received
6762,20260117,1,414,50,439.45000000000005,21972.500000000004,10.0,20260127.0,Received
6763,20230304,1,415,50,439.45000000000005,21972.500000000004,5.0,20230309.0,Received
6764,20230525,1,415,50,439.45000000000005,21972.500000000004,7.0,20230601.0,Received
6765,20230726,1,415,50,439.45000000000005,21972.500000000004,,,Cancelled
6766,20230914,1,415,50,439.45000000000005,21972.500000000004,,,Confirmed
6767,20231124,1,415,50,439.45000000000005,21972.500000000004,7.0,20231201.0,Received
6768,20240213,1,415,50,439.45000000000005,21972.500000000004,,,Confirmed
6769,20240510,1,415,50,439.45000000000005,21972.500000000004,11.0,20240521.0,Received
6770,20240716,1,415,50,439.45000000000005,21972.500000000004,11.0,20240727.0,Received
6771,20240920,1,415,50,439.45000000000005,21972.500000000004,10.0,20240930.0,Received
6772,20241202,1,415,50,439.45000000000005,21972.500000000004,7.0,20241209.0,Received
6773,20250208,1,415,50,439.45000000000005,21972.500000000004,9.0,20250217.0,Received
6774,20250412,1,415,50,439.45000000000005,21972.500000000004,11.0,20250423.0,Received
6775,20250709,1,415,50,439.45000000000005,21972.500000000004,5.0,20250714.0,Received
6776,20250911,1,415,50,439.45000000000005,21972.500000000004,6.0,20250917.0,Received
6777,20251104,1,415,50,439.45000000000005,21972.500000000004,11.0,20251115.0,Received
6778,20260101,1,415,50,439.45000000000005,21972.500000000004,6.0,20260107.0,Received
6779,20230307,1,416,50,549.45,27472.500000000004,10.0,20230317.0,Received
6780,20230529,1,416,50,549.45,27472.500000000004,10.0,20230608.0,Received
6781,20230826,1,416,50,549.45,27472.500000000004,5.0,20230831.0,Received
6782,20231024,1,416,50,549.45,27472.500000000004,5.0,20231029.0,Received
6783,20240116,1,416,50,549.45,27472.500000000004,7.0,20240123.0,Received
6784,20240315,1,416,50,549.45,27472.500000000004,10.0,20240325.0,Received
6785,20240502,1,416,50,549.45,27472.500000000004,10.0,20240512.0,Received
6786,20240710,1,416,50,549.45,27472.500000000004,10.0,20240720.0,Received
6787,20241004,1,416,50,549.45,27472.500000000004,6.0,20241010.0,Received
6788,20241125,1,416,50,549.45,27472.500000000004,5.0,20241130.0,Received
6789,20250209,1,416,50,549.45,27472.500000000004,11.0,20250220.0,Received
6790,20250413,1,416,50,549.45,27472.500000000004,7.0,20250420.0,Received
6791,20250618,1,416,50,549.45,27472.500000000004,5.0,20250623.0,Received
6792,20250805,1,416,50,549.45,27472.500000000004,,,Cancelled
6793,20251009,1,416,50,549.45,27472.500000000004,10.0,20251019.0,Received
6794,20251202,1,416,50,549.45,27472.500000000004,7.0,20251209.0,Received
6795,20230330,1,417,50,549.45,27472.500000000004,10.0,20230409.0,Received
6796,20230527,1,417,50,549.45,27472.500000000004,10.0,20230606.0,Received
6797,20230823,1,417,50,549.45,27472.500000000004,9.0,20230901.0,Received
6798,20231019,1,417,50,549.45,27472.500000000004,10.0,20231029.0,Received
6799,20231212,1,417,50,549.45,27472.500000000004,9.0,20231221.0,Received
6800,20240209,1,417,50,549.45,27472.500000000004,10.0,20240219.0,Received
6801,20240410,1,417,50,549.45,27472.500000000004,11.0,20240421.0,Received
6802,20240618,1,417,50,549.45,27472.500000000004,,,Confirmed
6803,20240813,1,417,50,549.45,27472.500000000004,5.0,20240818.0,Received
6804,20241101,1,417,50,549.45,27472.500000000004,5.0,20241106.0,Received
6805,20250107,1,417,50,549.45,27472.500000000004,9.0,20250116.0,Received
6806,20250316,1,417,50,549.45,27472.500000000004,,,Cancelled
6807,20250601,1,417,50,549.45,27472.500000000004,8.0,20250609.0,Received
6808,20250818,1,417,50,549.45,27472.500000000004,11.0,20250829.0,Received
6809,20251105,1,417,50,549.45,27472.500000000004,8.0,20251113.0,Received
6810,20260118,1,417,50,549.45,27472.500000000004,6.0,20260124.0,Received
6811,20230217,1,418,50,549.45,27472.500000000004,9.0,20230226.0,Received
6812,20230428,1,418,50,549.45,27472.500000000004,8.0,20230506.0,Received
6813,20230719,1,418,50,549.45,27472.500000000004,11.0,20230730.0,Received
6814,20230923,1,418,50,549.45,27472.500000000004,5.0,20230928.0,Received
6815,20231129,1,418,50,549.45,27472.500000000004,11.0,20231210.0,Received
6816,20240213,1,418,50,549.45,27472.500000000004,5.0,20240218.0,Received
6817,20240406,1,418,50,549.45,27472.500000000004,6.0,20240412.0,Received
6818,20240607,1,418,50,549.45,27472.500000000004,6.0,20240613.0,Received
6819,20240814,1,418,50,549.45,27472.500000000004,8.0,20240822.0,Received
6820,20241105,1,418,50,549.45,27472.500000000004,7.0,20241112.0,Received
6821,20250130,1,418,50,549.45,27472.500000000004,7.0,20250206.0,Received
6822,20250423,1,418,50,549.45,27472.500000000004,7.0,20250430.0,Received
6823,20250612,1,418,50,549.45,27472.500000000004,8.0,20250620.0,Received
6824,20250828,1,418,50,549.45,27472.500000000004,11.0,20250908.0,Received
6825,20251028,1,418,50,549.45,27472.500000000004,10.0,20251107.0,Received
6826,20260121,1,418,50,549.45,27472.500000000004,9.0,20260130.0,Received
6827,20230330,1,419,50,549.45,27472.500000000004,5.0,20230404.0,Received
6828,20230602,1,419,50,549.45,27472.500000000004,8.0,20230610.0,Received
6829,20230810,1,419,50,549.45,27472.500000000004,9.0,20230819.0,Received
6830,20231014,1,419,50,549.45,27472.500000000004,11.0,20231025.0,Received
6831,20240110,1,419,50,549.45,27472.500000000004,11.0,20240121.0,Received
6832,20240308,1,419,50,549.45,27472.500000000004,11.0,20240319.0,Received
6833,20240515,1,419,50,549.45,27472.500000000004,5.0,20240520.0,Received
6834,20240703,1,419,50,549.45,27472.500000000004,11.0,20240714.0,Received
6835,20240921,1,419,50,549.45,27472.500000000004,6.0,20240927.0,Received
6836,20241122,1,419,50,549.45,27472.500000000004,9.0,20241201.0,Received
6837,20250213,1,419,50,549.45,27472.500000000004,,,Confirmed
6838,20250425,1,419,50,549.45,27472.500000000004,6.0,20250501.0,Received
6839,20250616,1,419,50,549.45,27472.500000000004,9.0,20250625.0,Received
6840,20250831,1,419,50,549.45,27472.500000000004,9.0,20250909.0,Received
6841,20251029,1,419,50,549.45,27472.500000000004,8.0,20251106.0,Received
6842,20260111,1,419,50,549.45,27472.500000000004,5.0,20260116.0,Received
6843,20230305,1,420,50,549.45,27472.500000000004,9.0,20230314.0,Received
6844,20230509,1,420,50,549.45,27472.500000000004,10.0,20230519.0,Received
6845,20230712,1,420,50,549.45,27472.500000000004,7.0,20230719.0,Received
6846,20231001,1,420,50,549.45,27472.500000000004,10.0,20231011.0,Received
6847,20231208,1,420,50,549.45,27472.500000000004,9.0,20231217.0,Received
6848,20240223,1,420,50,549.45,27472.500000000004,5.0,20240228.0,Received
6849,20240414,1,420,50,549.45,27472.500000000004,7.0,20240421.0,Received
6850,20240602,1,420,50,549.45,27472.500000000004,9.0,20240611.0,Received
6851,20240815,1,420,50,549.45,27472.500000000004,,,Confirmed
6852,20241102,1,420,50,549.45,27472.500000000004,5.0,20241107.0,Received
6853,20250115,1,420,50,549.45,27472.500000000004,7.0,20250122.0,Received
6854,20250405,1,420,50,549.45,27472.500000000004,6.0,20250411.0,Received
6855,20250619,1,420,50,549.45,27472.500000000004,8.0,20250627.0,Received
6856,20250824,1,420,50,549.45,27472.500000000004,8.0,20250901.0,Received
6857,20251014,1,420,50,549.45,27472.500000000004,5.0,20251019.0,Received
6858,20260105,1,420,50,549.45,27472.500000000004,11.0,20260116.0,Received
6859,20230330,1,421,50,521.95,26097.500000000004,11.0,20230410.0,Received
6860,20230620,1,421,50,521.95,26097.500000000004,5.0,20230625.0,Received
6861,20230910,1,421,50,521.95,26097.500000000004,10.0,20230920.0,Received
6862,20231123,1,421,50,521.95,26097.500000000004,11.0,20231204.0,Received
6863,20240114,1,421,50,521.95,26097.500000000004,5.0,20240119.0,Received
6864,20240301,1,421,50,521.95,26097.500000000004,9.0,20240310.0,Received
6865,20240505,1,421,50,521.95,26097.500000000004,8.0,20240513.0,Received
6866,20240725,1,421,50,521.95,26097.500000000004,11.0,20240805.0,Received
6867,20241005,1,421,50,521.95,26097.500000000004,5.0,20241010.0,Received
6868,20241123,1,421,50,521.95,26097.500000000004,,,Cancelled
6869,20250128,1,421,50,521.95,26097.500000000004,8.0,20250205.0,Received
6870,20250325,1,421,50,521.95,26097.500000000004,8.0,20250402.0,Received
6871,20250606,1,421,50,521.95,26097.500000000004,5.0,20250611.0,Received
6872,20250830,1,421,50,521.95,26097.500000000004,6.0,20250905.0,Received
6873,20251126,1,421,50,521.95,26097.500000000004,5.0,20251201.0,Received
6874,20230319,1,422,50,521.95,26097.500000000004,,,Cancelled
6875,20230503,1,422,50,521.95,26097.500000000004,8.0,20230511.0,Received
6876,20230716,1,422,50,521.95,26097.500000000004,5.0,20230721.0,Received
6877,20230930,1,422,50,521.95,26097.500000000004,6.0,20231006.0,Received
6878,20231117,1,422,50,521.95,26097.500000000004,8.0,20231125.0,Received
6879,20240214,1,422,50,521.95,26097.500000000004,8.0,20240222.0,Received
6880,20240502,1,422,50,521.95,26097.500000000004,8.0,20240510.0,Received
6881,20240714,1,422,50,521.95,26097.500000000004,6.0,20240720.0,Received
6882,20240916,1,422,50,521.95,26097.500000000004,8.0,20240924.0,Received
6883,20241114,1,422,50,521.95,26097.500000000004,8.0,20241122.0,Received
6884,20250208,1,422,50,521.95,26097.500000000004,8.0,20250216.0,Received
6885,20250411,1,422,50,521.95,26097.500000000004,11.0,20250422.0,Received
6886,20250619,1,422,50,521.95,26097.500000000004,9.0,20250628.0,Received
6887,20250809,1,422,50,521.95,26097.500000000004,9.0,20250818.0,Received
6888,20251030,1,422,50,521.95,26097.500000000004,7.0,20251106.0,Received
6889,20251230,1,422,50,521.95,26097.500000000004,9.0,20260108.0,Received
6890,20230326,1,423,50,521.95,26097.500000000004,11.0,20230406.0,Received
6891,20230606,1,423,50,521.95,26097.500000000004,5.0,20230611.0,Received
6892,20230731,1,423,50,521.95,26097.500000000004,11.0,20230811.0,Received
6893,20230918,1,423,50,521.95,26097.500000000004,7.0,20230925.0,Received
6894,20231209,1,423,50,521.95,26097.500000000004,11.0,20231220.0,Received
6895,20240224,1,423,50,521.95,26097.500000000004,10.0,20240305.0,Received
6896,20240414,1,423,50,521.95,26097.500000000004,7.0,20240421.0,Received
6897,20240612,1,423,50,521.95,26097.500000000004,7.0,20240619.0,Received
6898,20240727,1,423,50,521.95,26097.500000000004,10.0,20240806.0,Received
6899,20241014,1,423,50,521.95,26097.500000000004,6.0,20241020.0,Received
6900,20250111,1,423,50,521.95,26097.500000000004,7.0,20250118.0,Received
6901,20250327,1,423,50,521.95,26097.500000000004,6.0,20250402.0,Received
6902,20250623,1,423,50,521.95,26097.500000000004,10.0,20250703.0,Received
6903,20250915,1,423,50,521.95,26097.500000000004,10.0,20250925.0,Received
6904,20251030,1,423,50,521.95,26097.500000000004,5.0,20251104.0,Received
6905,20251221,1,423,50,521.95,26097.500000000004,8.0,20251229.0,Received
6906,20230317,1,424,50,521.95,26097.500000000004,,,Confirmed
6907,20230513,1,424,50,521.95,26097.500000000004,8.0,20230521.0,Received
6908,20230724,1,424,50,521.95,26097.500000000004,10.0,20230803.0,Received
6909,20230928,1,424,50,521.95,26097.500000000004,7.0,20231005.0,Received
6910,20231129,1,424,50,521.95,26097.500000000004,6.0,20231205.0,Received
6911,20240218,1,424,50,521.95,26097.500000000004,10.0,20240228.0,Received
6912,20240510,1,424,50,521.95,26097.500000000004,,,Confirmed
6913,20240725,1,424,50,521.95,26097.500000000004,9.0,20240803.0,Received
6914,20240911,1,424,50,521.95,26097.500000000004,7.0,20240918.0,Received
6915,20241118,1,424,50,521.95,26097.500000000004,6.0,20241124.0,Received
6916,20250126,1,424,50,521.95,26097.500000000004,10.0,20250205.0,Received
6917,20250330,1,424,50,521.95,26097.500000000004,5.0,20250404.0,Received
6918,20250527,1,424,50,521.95,26097.500000000004,,,Cancelled
6919,20250811,1,424,50,521.95,26097.500000000004,8.0,20250819.0,Received
6920,20250927,1,424,50,521.95,26097.500000000004,7.0,20251004.0,Received
6921,20251220,1,424,50,521.95,26097.500000000004,7.0,20251227.0,Received
6922,20230220,1,425,50,521.95,26097.500000000004,7.0,20230227.0,Received
6923,20230506,1,425,50,521.95,26097.500000000004,8.0,20230514.0,Received
6924,20230721,1,425,50,521.95,26097.500000000004,9.0,20230730.0,Received
6925,20230923,1,425,50,521.95,26097.500000000004,8.0,20231001.0,Received
6926,20231208,1,425,50,521.95,26097.500000000004,6.0,20231214.0,Received
6927,20240210,1,425,50,521.95,26097.500000000004,7.0,20240217.0,Received
6928,20240507,1,425,50,521.95,26097.500000000004,8.0,20240515.0,Received
6929,20240803,1,425,50,521.95,26097.500000000004,8.0,20240811.0,Received
6930,20240921,1,425,50,521.95,26097.500000000004,10.0,20241001.0,Received
6931,20241203,1,425,50,521.95,26097.500000000004,5.0,20241208.0,Received
6932,20250204,1,425,50,521.95,26097.500000000004,10.0,20250214.0,Received
6933,20250420,1,425,50,521.95,26097.500000000004,9.0,20250429.0,Received
6934,20250718,1,425,50,521.95,26097.500000000004,5.0,20250723.0,Received
6935,20250920,1,425,50,521.95,26097.500000000004,11.0,20251001.0,Received
6936,20251202,1,425,50,521.95,26097.500000000004,10.0,20251212.0,Received
6937,20260123,1,425,50,521.95,26097.500000000004,5.0,20260128.0,Received
6938,20230223,1,426,50,549.45,27472.500000000004,5.0,20230228.0,Received
6939,20230428,1,426,50,549.45,27472.500000000004,5.0,20230503.0,Received
6940,20230616,1,426,50,549.45,27472.500000000004,10.0,20230626.0,Received
6941,20230817,1,426,50,549.45,27472.500000000004,10.0,20230827.0,Received
6942,20231012,1,426,50,549.45,27472.500000000004,8.0,20231020.0,Received
6943,20231204,1,426,50,549.45,27472.500000000004,8.0,20231212.0,Received
6944,20240120,1,426,50,549.45,27472.500000000004,11.0,20240131.0,Received
6945,20240311,1,426,50,549.45,27472.500000000004,9.0,20240320.0,Received
6946,20240514,1,426,50,549.45,27472.500000000004,6.0,20240520.0,Received
6947,20240811,1,426,50,549.45,27472.500000000004,9.0,20240820.0,Received
6948,20241028,1,426,50,549.45,27472.500000000004,7.0,20241104.0,Received
6949,20250115,1,426,50,549.45,27472.500000000004,6.0,20250121.0,Received
6950,20250311,1,426,50,549.45,27472.500000000004,7.0,20250318.0,Received
6951,20250504,1,426,50,549.45,27472.500000000004,7.0,20250511.0,Received
6952,20250707,1,426,50,549.45,27472.500000000004,7.0,20250714.0,Received
6953,20251003,1,426,50,549.45,27472.500000000004,10.0,20251013.0,Received
6954,20251208,1,426,50,549.45,27472.500000000004,6.0,20251214.0,Received
6955,20230331,1,427,50,549.45,27472.500000000004,10.0,20230410.0,Received
6956,20230602,1,427,50,549.45,27472.500000000004,8.0,20230610.0,Received
6957,20230822,1,427,50,549.45,27472.500000000004,8.0,20230830.0,Received
6958,20231008,1,427,50,549.45,27472.500000000004,11.0,20231019.0,Received
6959,20231128,1,427,50,549.45,27472.500000000004,11.0,20231209.0,Received
6960,20240204,1,427,50,549.45,27472.500000000004,6.0,20240210.0,Received
6961,20240421,1,427,50,549.45,27472.500000000004,8.0,20240429.0,Received
6962,20240628,1,427,50,549.45,27472.500000000004,6.0,20240704.0,Received
6963,20240907,1,427,50,549.45,27472.500000000004,9.0,20240916.0,Received
6964,20241104,1,427,50,549.45,27472.500000000004,6.0,20241110.0,Received
6965,20250114,1,427,50,549.45,27472.500000000004,9.0,20250123.0,Received
6966,20250228,1,427,50,549.45,27472.500000000004,5.0,20250305.0,Received
6967,20250418,1,427,50,549.45,27472.500000000004,,,Confirmed
6968,20250617,1,427,50,549.45,27472.500000000004,11.0,20250628.0,Received
6969,20250828,1,427,50,549.45,27472.500000000004,,,Cancelled
6970,20251124,1,427,50,549.45,27472.500000000004,11.0,20251205.0,Received
6971,20230324,1,428,50,549.45,27472.500000000004,9.0,20230402.0,Received
6972,20230524,1,428,50,549.45,27472.500000000004,5.0,20230529.0,Received
6973,20230806,1,428,50,549.45,27472.500000000004,5.0,20230811.0,Received
6974,20231101,1,428,50,549.45,27472.500000000004,11.0,20231112.0,Received
6975,20240112,1,428,50,549.45,27472.500000000004,11.0,20240123.0,Received
6976,20240313,1,428,50,549.45,27472.500000000004,11.0,20240324.0,Received
6977,20240601,1,428,50,549.45,27472.500000000004,5.0,20240606.0,Received
6978,20240730,1,428,50,549.45,27472.500000000004,9.0,20240808.0,Received
6979,20240929,1,428,50,549.45,27472.500000000004,5.0,20241004.0,Received
6980,20241126,1,428,50,549.45,27472.500000000004,10.0,20241206.0,Received
6981,20250222,1,428,50,549.45,27472.500000000004,9.0,20250303.0,Received
6982,20250513,1,428,50,549.45,27472.500000000004,8.0,20250521.0,Received
6983,20250702,1,428,50,549.45,27472.500000000004,,,Confirmed
6984,20250917,1,428,50,549.45,27472.500000000004,,,Cancelled
6985,20251103,1,428,50,549.45,27472.500000000004,5.0,20251108.0,Received
6986,20260113,1,428,50,549.45,27472.500000000004,11.0,20260124.0,Received
6987,20230327,1,429,50,549.45,27472.500000000004,5.0,20230401.0,Received
6988,20230531,1,429,50,549.45,27472.500000000004,8.0,20230608.0,Received
6989,20230718,1,429,50,549.45,27472.500000000004,7.0,20230725.0,Received
6990,20230916,1,429,50,549.45,27472.500000000004,11.0,20230927.0,Received
6991,20231120,1,429,50,549.45,27472.500000000004,11.0,20231201.0,Received
6992,20240204,1,429,50,549.45,27472.500000000004,5.0,20240209.0,Received
6993,20240428,1,429,50,549.45,27472.500000000004,6.0,20240504.0,Received
6994,20240724,1,429,50,549.45,27472.500000000004,9.0,20240802.0,Received
6995,20241004,1,429,50,549.45,27472.500000000004,5.0,20241009.0,Received
6996,20241207,1,429,50,549.45,27472.500000000004,7.0,20241214.0,Received
6997,20250122,1,429,50,549.45,27472.500000000004,8.0,20250130.0,Received
6998,20250410,1,429,50,549.45,27472.500000000004,5.0,20250415.0,Received
6999,20250624,1,429,50,549.45,27472.500000000004,8.0,20250702.0,Received
7000,20250825,1,429,50,549.45,27472.500000000004,5.0,20250830.0,Received
7001,20251029,1,429,50,549.45,27472.500000000004,8.0,20251106.0,Received
7002,20260119,1,429,50,549.45,27472.500000000004,,,Cancelled
7003,20230316,1,430,50,549.45,27472.500000000004,,,Confirmed
7004,20230522,1,430,50,549.45,27472.500000000004,5.0,20230527.0,Received
7005,20230722,1,430,50,549.45,27472.500000000004,5.0,20230727.0,Received
7006,20230905,1,430,50,549.45,27472.500000000004,,,Confirmed
7007,20231203,1,430,50,549.45,27472.500000000004,7.0,20231210.0,Received
7008,20240222,1,430,50,549.45,27472.500000000004,9.0,20240302.0,Received
7009,20240407,1,430,50,549.45,27472.500000000004,7.0,20240414.0,Received
7010,20240619,1,430,50,549.45,27472.500000000004,6.0,20240625.0,Received
7011,20240903,1,430,50,549.45,27472.500000000004,5.0,20240908.0,Received
7012,20241120,1,430,50,549.45,27472.500000000004,11.0,20241201.0,Received
7013,20250210,1,430,50,549.45,27472.500000000004,6.0,20250216.0,Received
7014,20250505,1,430,50,549.45,27472.500000000004,10.0,20250515.0,Received
7015,20250705,1,430,50,549.45,27472.500000000004,11.0,20250716.0,Received
7016,20250830,1,430,50,549.45,27472.500000000004,7.0,20250906.0,Received
7017,20251114,1,430,50,549.45,27472.500000000004,11.0,20251125.0,Received
7018,20260126,1,430,50,549.45,27472.500000000004,,,Cancelled
7019,20230223,1,431,50,275.0,13750.0,7.0,20230302.0,Received
7020,20230427,1,431,50,275.0,13750.0,6.0,20230503.0,Received
7021,20230723,1,431,50,275.0,13750.0,6.0,20230729.0,Received
7022,20231020,1,431,50,275.0,13750.0,6.0,20231026.0,Received
7023,20231209,1,431,50,275.0,13750.0,5.0,20231214.0,Received
7024,20240207,1,431,50,275.0,13750.0,6.0,20240213.0,Received
7025,20240502,1,431,50,275.0,13750.0,,,Confirmed
7026,20240724,1,431,50,275.0,13750.0,9.0,20240802.0,Received
7027,20241016,1,431,50,275.0,13750.0,8.0,20241024.0,Received
7028,20250111,1,431,50,275.0,13750.0,10.0,20250121.0,Received
7029,20250407,1,431,50,275.0,13750.0,9.0,20250416.0,Received
7030,20250627,1,431,50,275.0,13750.0,9.0,20250706.0,Received
7031,20250919,1,431,50,275.0,13750.0,5.0,20250924.0,Received
7032,20251205,1,431,50,275.0,13750.0,,,Confirmed
7033,20260129,1,431,50,275.0,13750.0,9.0,20260207.0,Received
7034,20230323,1,432,50,275.0,13750.0,7.0,20230330.0,Received
7035,20230510,1,432,50,275.0,13750.0,8.0,20230518.0,Received
7036,20230722,1,432,50,275.0,13750.0,,,Cancelled
7037,20230929,1,432,50,275.0,13750.0,6.0,20231005.0,Received
7038,20231224,1,432,50,275.0,13750.0,10.0,20240103.0,Received
7039,20240322,1,432,50,275.0,13750.0,,,Cancelled
7040,20240531,1,432,50,275.0,13750.0,9.0,20240609.0,Received
7041,20240828,1,432,50,275.0,13750.0,8.0,20240905.0,Received
7042,20241111,1,432,50,275.0,13750.0,10.0,20241121.0,Received
7043,20250101,1,432,50,275.0,13750.0,11.0,20250112.0,Received
7044,20250218,1,432,50,275.0,13750.0,,,Cancelled
7045,20250508,1,432,50,275.0,13750.0,11.0,20250519.0,Received
7046,20250625,1,432,50,275.0,13750.0,6.0,20250701.0,Received
7047,20250902,1,432,50,275.0,13750.0,11.0,20250913.0,Received
7048,20251124,1,432,50,275.0,13750.0,6.0,20251130.0,Received
7049,20230217,1,433,50,275.0,13750.0,10.0,20230227.0,Received
7050,20230425,1,433,50,275.0,13750.0,6.0,20230501.0,Received
7051,20230717,1,433,50,275.0,13750.0,5.0,20230722.0,Received
7052,20230902,1,433,50,275.0,13750.0,,,Confirmed
7053,20231106,1,433,50,275.0,13750.0,6.0,20231112.0,Received
7054,20240113,1,433,50,275.0,13750.0,10.0,20240123.0,Received
7055,20240323,1,433,50,275.0,13750.0,9.0,20240401.0,Received
7056,20240619,1,433,50,275.0,13750.0,5.0,20240624.0,Received
7057,20240909,1,433,50,275.0,13750.0,,,Cancelled
7058,20241207,1,433,50,275.0,13750.0,5.0,20241212.0,Received
7059,20250215,1,433,50,275.0,13750.0,6.0,20250221.0,Received
7060,20250418,1,433,50,275.0,13750.0,5.0,20250423.0,Received
7061,20250701,1,433,50,275.0,13750.0,11.0,20250712.0,Received
7062,20250905,1,433,50,275.0,13750.0,11.0,20250916.0,Received
7063,20251113,1,433,50,275.0,13750.0,,,Confirmed
7064,20260105,1,433,50,275.0,13750.0,5.0,20260110.0,Received
7065,20230329,1,434,50,275.0,13750.0,5.0,20230403.0,Received
7066,20230526,1,434,50,275.0,13750.0,11.0,20230606.0,Received
7067,20230713,1,434,50,275.0,13750.0,5.0,20230718.0,Received
7068,20230930,1,434,50,275.0,13750.0,9.0,20231009.0,Received
7069,20231124,1,434,50,275.0,13750.0,5.0,20231129.0,Received
7070,20240212,1,434,50,275.0,13750.0,6.0,20240218.0,Received
7071,20240425,1,434,50,275.0,13750.0,9.0,20240504.0,Received
7072,20240715,1,434,50,275.0,13750.0,9.0,20240724.0,Received
7073,20240924,1,434,50,275.0,13750.0,10.0,20241004.0,Received
7074,20241119,1,434,50,275.0,13750.0,10.0,20241129.0,Received
7075,20250128,1,434,50,275.0,13750.0,9.0,20250206.0,Received
7076,20250323,1,434,50,275.0,13750.0,9.0,20250401.0,Received
7077,20250616,1,434,50,275.0,13750.0,7.0,20250623.0,Received
7078,20250822,1,434,50,275.0,13750.0,,,Cancelled
7079,20251011,1,434,50,275.0,13750.0,9.0,20251020.0,Received
7080,20251231,1,434,50,275.0,13750.0,8.0,20260108.0,Received
7081,20230325,1,435,50,275.0,13750.0,6.0,20230331.0,Received
7082,20230526,1,435,50,275.0,13750.0,5.0,20230531.0,Received
7083,20230714,1,435,50,275.0,13750.0,10.0,20230724.0,Received
7084,20231003,1,435,50,275.0,13750.0,11.0,20231014.0,Received
7085,20231125,1,435,50,275.0,13750.0,9.0,20231204.0,Received
7086,20240218,1,435,50,275.0,13750.0,6.0,20240224.0,Received
7087,20240413,1,435,50,275.0,13750.0,5.0,20240418.0,Received
7088,20240630,1,435,50,275.0,13750.0,9.0,20240709.0,Received
7089,20240830,1,435,50,275.0,13750.0,6.0,20240905.0,Received
7090,20241105,1,435,50,275.0,13750.0,5.0,20241110.0,Received
7091,20250110,1,435,50,275.0,13750.0,8.0,20250118.0,Received
7092,20250228,1,435,50,275.0,13750.0,6.0,20250306.0,Received
7093,20250518,1,435,50,275.0,13750.0,,,Confirmed
7094,20250802,1,435,50,275.0,13750.0,,,Confirmed
7095,20251030,1,435,50,275.0,13750.0,,,Cancelled
7096,20251223,1,435,50,275.0,13750.0,9.0,20260101.0,Received
7097,20230221,1,436,50,275.0,13750.0,,,Confirmed
7098,20230429,1,436,50,275.0,13750.0,7.0,20230506.0,Received
7099,20230716,1,436,50,275.0,13750.0,6.0,20230722.0,Received
7100,20230914,1,436,50,275.0,13750.0,5.0,20230919.0,Received
7101,20231212,1,436,50,275.0,13750.0,,,Confirmed
7102,20240207,1,436,50,275.0,13750.0,,,Cancelled
7103,20240413,1,436,50,275.0,13750.0,5.0,20240418.0,Received
7104,20240702,1,436,50,275.0,13750.0,5.0,20240707.0,Received
7105,20240918,1,436,50,275.0,13750.0,11.0,20240929.0,Received
7106,20241210,1,436,50,275.0,13750.0,5.0,20241215.0,Received
7107,20250207,1,436,50,275.0,13750.0,,,Confirmed
7108,20250418,1,436,50,275.0,13750.0,,,Cancelled
7109,20250611,1,436,50,275.0,13750.0,9.0,20250620.0,Received
7110,20250805,1,436,50,275.0,13750.0,10.0,20250815.0,Received
7111,20250928,1,436,50,275.0,13750.0,10.0,20251008.0,Received
7112,20251226,1,436,50,275.0,13750.0,7.0,20260102.0,Received
7113,20230215,1,437,50,275.0,13750.0,11.0,20230226.0,Received
7114,20230513,1,437,50,275.0,13750.0,6.0,20230519.0,Received
7115,20230725,1,437,50,275.0,13750.0,7.0,20230801.0,Received
7116,20231002,1,437,50,275.0,13750.0,9.0,20231011.0,Received
7117,20231123,1,437,50,275.0,13750.0,7.0,20231130.0,Received
7118,20240122,1,437,50,275.0,13750.0,9.0,20240131.0,Received
7119,20240408,1,437,50,275.0,13750.0,6.0,20240414.0,Received
7120,20240614,1,437,50,275.0,13750.0,7.0,20240621.0,Received
7121,20240807,1,437,50,275.0,13750.0,7.0,20240814.0,Received
7122,20241003,1,437,50,275.0,13750.0,5.0,20241008.0,Received
7123,20241219,1,437,50,275.0,13750.0,,,Cancelled
7124,20250309,1,437,50,275.0,13750.0,6.0,20250315.0,Received
7125,20250516,1,437,50,275.0,13750.0,11.0,20250527.0,Received
7126,20250718,1,437,50,275.0,13750.0,8.0,20250726.0,Received
7127,20250919,1,437,50,275.0,13750.0,6.0,20250925.0,Received
7128,20251210,1,437,50,275.0,13750.0,7.0,20251217.0,Received
7129,20230320,1,438,50,275.0,13750.0,5.0,20230325.0,Received
7130,20230520,1,438,50,275.0,13750.0,5.0,20230525.0,Received
7131,20230718,1,438,50,275.0,13750.0,7.0,20230725.0,Received
7132,20230903,1,438,50,275.0,13750.0,9.0,20230912.0,Received
7133,20231121,1,438,50,275.0,13750.0,6.0,20231127.0,Received
7134,20240218,1,438,50,275.0,13750.0,11.0,20240229.0,Received
7135,20240508,1,438,50,275.0,13750.0,11.0,20240519.0,Received
7136,20240725,1,438,50,275.0,13750.0,11.0,20240805.0,Received
7137,20240909,1,438,50,275.0,13750.0,9.0,20240918.0,Received
7138,20241101,1,438,50,275.0,13750.0,8.0,20241109.0,Received
7139,20241230,1,438,50,275.0,13750.0,6.0,20250105.0,Received
7140,20250308,1,438,50,275.0,13750.0,,,Cancelled
7141,20250519,1,438,50,275.0,13750.0,11.0,20250530.0,Received
7142,20250816,1,438,50,275.0,13750.0,5.0,20250821.0,Received
7143,20251112,1,438,50,275.0,13750.0,6.0,20251118.0,Received
7144,20260123,1,438,50,275.0,13750.0,8.0,20260131.0,Received
7145,20230329,1,439,50,275.0,13750.0,7.0,20230405.0,Received
7146,20230526,1,439,50,275.0,13750.0,7.0,20230602.0,Received
7147,20230720,1,439,50,275.0,13750.0,10.0,20230730.0,Received
7148,20230915,1,439,50,275.0,13750.0,,,Cancelled
7149,20231127,1,439,50,275.0,13750.0,8.0,20231205.0,Received
7150,20240127,1,439,50,275.0,13750.0,5.0,20240201.0,Received
7151,20240415,1,439,50,275.0,13750.0,8.0,20240423.0,Received
7152,20240628,1,439,50,275.0,13750.0,9.0,20240707.0,Received
7153,20240905,1,439,50,275.0,13750.0,11.0,20240916.0,Received
7154,20241104,1,439,50,275.0,13750.0,7.0,20241111.0,Received
7155,20241222,1,439,50,275.0,13750.0,7.0,20241229.0,Received
7156,20250301,1,439,50,275.0,13750.0,11.0,20250312.0,Received
7157,20250508,1,439,50,275.0,13750.0,6.0,20250514.0,Received
7158,20250630,1,439,50,275.0,13750.0,6.0,20250706.0,Received
7159,20250910,1,439,50,275.0,13750.0,11.0,20250921.0,Received
7160,20251130,1,439,50,275.0,13750.0,11.0,20251211.0,Received
7161,20260130,1,439,50,275.0,13750.0,7.0,20260206.0,Received
7162,20230228,1,440,50,275.0,13750.0,8.0,20230308.0,Received
7163,20230516,1,440,50,275.0,13750.0,8.0,20230524.0,Received
7164,20230724,1,440,50,275.0,13750.0,6.0,20230730.0,Received
7165,20231015,1,440,50,275.0,13750.0,9.0,20231024.0,Received
7166,20231220,1,440,50,275.0,13750.0,9.0,20231229.0,Received
7167,20240224,1,440,50,275.0,13750.0,5.0,20240229.0,Received
7168,20240425,1,440,50,275.0,13750.0,10.0,20240505.0,Received
7169,20240619,1,440,50,275.0,13750.0,9.0,20240628.0,Received
7170,20240829,1,440,50,275.0,13750.0,11.0,20240909.0,Received
7171,20241126,1,440,50,275.0,13750.0,9.0,20241205.0,Received
7172,20250218,1,440,50,275.0,13750.0,11.0,20250301.0,Received
7173,20250512,1,440,50,275.0,13750.0,10.0,20250522.0,Received
7174,20250808,1,440,50,275.0,13750.0,,,Confirmed
7175,20251103,1,440,50,275.0,13750.0,6.0,20251109.0,Received
7176,20260118,1,440,50,275.0,13750.0,11.0,20260129.0,Received
7177,20230301,1,441,50,275.0,13750.0,5.0,20230306.0,Received
7178,20230504,1,441,50,275.0,13750.0,10.0,20230514.0,Received
7179,20230715,1,441,50,275.0,13750.0,9.0,20230724.0,Received
7180,20230927,1,441,50,275.0,13750.0,9.0,20231006.0,Received
7181,20231205,1,441,50,275.0,13750.0,10.0,20231215.0,Received
7182,20240229,1,441,50,275.0,13750.0,10.0,20240310.0,Received
7183,20240424,1,441,50,275.0,13750.0,6.0,20240430.0,Received
7184,20240610,1,441,50,275.0,13750.0,11.0,20240621.0,Received
7185,20240825,1,441,50,275.0,13750.0,8.0,20240902.0,Received
7186,20241012,1,441,50,275.0,13750.0,10.0,20241022.0,Received
7187,20241225,1,441,50,275.0,13750.0,8.0,20250102.0,Received
7188,20250324,1,441,50,275.0,13750.0,5.0,20250329.0,Received
7189,20250523,1,441,50,275.0,13750.0,9.0,20250601.0,Received
7190,20250708,1,441,50,275.0,13750.0,8.0,20250716.0,Received
7191,20251003,1,441,50,275.0,13750.0,9.0,20251012.0,Received
7192,20251201,1,441,50,275.0,13750.0,,,Cancelled
7193,20260123,1,441,50,275.0,13750.0,,,Confirmed
7194,20230310,1,442,50,275.0,13750.0,5.0,20230315.0,Received
7195,20230430,1,442,50,275.0,13750.0,,,Cancelled
7196,20230711,1,442,50,275.0,13750.0,7.0,20230718.0,Received
7197,20230914,1,442,50,275.0,13750.0,5.0,20230919.0,Received
7198,20231030,1,442,50,275.0,13750.0,5.0,20231104.0,Received
7199,20231223,1,442,50,275.0,13750.0,7.0,20231230.0,Received
7200,20240227,1,442,50,275.0,13750.0,11.0,20240309.0,Received
7201,20240524,1,442,50,275.0,13750.0,,,Cancelled
7202,20240725,1,442,50,275.0,13750.0,8.0,20240802.0,Received
7203,20240915,1,442,50,275.0,13750.0,10.0,20240925.0,Received
7204,20241128,1,442,50,275.0,13750.0,6.0,20241204.0,Received
7205,20250120,1,442,50,275.0,13750.0,10.0,20250130.0,Received
7206,20250409,1,442,50,275.0,13750.0,5.0,20250414.0,Received
7207,20250617,1,442,50,275.0,13750.0,9.0,20250626.0,Received
7208,20250905,1,442,50,275.0,13750.0,6.0,20250911.0,Received
7209,20251021,1,442,50,275.0,13750.0,9.0,20251030.0,Received
7210,20251211,1,442,50,275.0,13750.0,8.0,20251219.0,Received
7211,20230325,1,443,50,275.0,13750.0,5.0,20230330.0,Received
7212,20230604,1,443,50,275.0,13750.0,7.0,20230611.0,Received
7213,20230804,1,443,50,275.0,13750.0,,,Cancelled
7214,20230920,1,443,50,275.0,13750.0,10.0,20230930.0,Received
7215,20231124,1,443,50,275.0,13750.0,5.0,20231129.0,Received
7216,20240128,1,443,50,275.0,13750.0,5.0,20240202.0,Received
7217,20240425,1,443,50,275.0,13750.0,11.0,20240506.0,Received
7218,20240721,1,443,50,275.0,13750.0,5.0,20240726.0,Received
7219,20240924,1,443,50,275.0,13750.0,7.0,20241001.0,Received
7220,20241222,1,443,50,275.0,13750.0,6.0,20241228.0,Received
7221,20250216,1,443,50,275.0,13750.0,7.0,20250223.0,Received
7222,20250402,1,443,50,275.0,13750.0,8.0,20250410.0,Received
7223,20250614,1,443,50,275.0,13750.0,9.0,20250623.0,Received
7224,20250803,1,443,50,275.0,13750.0,7.0,20250810.0,Received
7225,20251019,1,443,50,275.0,13750.0,9.0,20251028.0,Received
7226,20260109,1,443,50,275.0,13750.0,11.0,20260120.0,Received
7227,20230218,1,444,50,275.0,13750.0,,,Confirmed
7228,20230411,1,444,50,275.0,13750.0,11.0,20230422.0,Received
7229,20230612,1,444,50,275.0,13750.0,6.0,20230618.0,Received
7230,20230810,1,444,50,275.0,13750.0,11.0,20230821.0,Received
7231,20231004,1,444,50,275.0,13750.0,10.0,20231014.0,Received
7232,20231221,1,444,50,275.0,13750.0,11.0,20240101.0,Received
7233,20240316,1,444,50,275.0,13750.0,5.0,20240321.0,Received
7234,20240524,1,444,50,275.0,13750.0,10.0,20240603.0,Received
7235,20240812,1,444,50,275.0,13750.0,10.0,20240822.0,Received
7236,20241104,1,444,50,275.0,13750.0,5.0,20241109.0,Received
7237,20241224,1,444,50,275.0,13750.0,6.0,20241230.0,Received
7238,20250207,1,444,50,275.0,13750.0,,,Confirmed
7239,20250420,1,444,50,275.0,13750.0,7.0,20250427.0,Received
7240,20250611,1,444,50,275.0,13750.0,5.0,20250616.0,Received
7241,20250824,1,444,50,275.0,13750.0,11.0,20250904.0,Received
7242,20251018,1,444,50,275.0,13750.0,7.0,20251025.0,Received
7243,20260104,1,444,50,275.0,13750.0,8.0,20260112.0,Received
7244,20230314,1,445,50,275.0,13750.0,9.0,20230323.0,Received
7245,20230507,1,445,50,275.0,13750.0,7.0,20230514.0,Received
7246,20230702,1,445,50,275.0,13750.0,11.0,20230713.0,Received
7247,20230905,1,445,50,275.0,13750.0,11.0,20230916.0,Received
7248,20231101,1,445,50,275.0,13750.0,6.0,20231107.0,Received
7249,20240122,1,445,50,275.0,13750.0,11.0,20240202.0,Received
7250,20240316,1,445,50,275.0,13750.0,11.0,20240327.0,Received
7251,20240518,1,445,50,275.0,13750.0,11.0,20240529.0,Received
7252,20240722,1,445,50,275.0,13750.0,10.0,20240801.0,Received
7253,20240918,1,445,50,275.0,13750.0,5.0,20240923.0,Received
7254,20241215,1,445,50,275.0,13750.0,10.0,20241225.0,Received
7255,20250302,1,445,50,275.0,13750.0,6.0,20250308.0,Received
7256,20250416,1,445,50,275.0,13750.0,9.0,20250425.0,Received
7257,20250611,1,445,50,275.0,13750.0,11.0,20250622.0,Received
7258,20250815,1,445,50,275.0,13750.0,9.0,20250824.0,Received
7259,20251021,1,445,50,275.0,13750.0,8.0,20251029.0,Received
7260,20251210,1,445,50,275.0,13750.0,11.0,20251221.0,Received
7261,20230302,1,446,50,302.5,15125.0,8.0,20230310.0,Received
7262,20230515,1,446,50,302.5,15125.0,9.0,20230524.0,Received
7263,20230712,1,446,50,302.5,15125.0,8.0,20230720.0,Received
7264,20230828,1,446,50,302.5,15125.0,7.0,20230904.0,Received
7265,20231018,1,446,50,302.5,15125.0,7.0,20231025.0,Received
7266,20240105,1,446,50,302.5,15125.0,6.0,20240111.0,Received
7267,20240401,1,446,50,302.5,15125.0,,,Confirmed
7268,20240528,1,446,50,302.5,15125.0,6.0,20240603.0,Received
7269,20240726,1,446,50,302.5,15125.0,5.0,20240731.0,Received
7270,20241018,1,446,50,302.5,15125.0,7.0,20241025.0,Received
7271,20250110,1,446,50,302.5,15125.0,10.0,20250120.0,Received
7272,20250324,1,446,50,302.5,15125.0,,,Cancelled
7273,20250526,1,446,50,302.5,15125.0,11.0,20250606.0,Received
7274,20250726,1,446,50,302.5,15125.0,11.0,20250806.0,Received
7275,20251007,1,446,50,302.5,15125.0,11.0,20251018.0,Received
7276,20251130,1,446,50,302.5,15125.0,6.0,20251206.0,Received
7277,20260117,1,446,50,302.5,15125.0,10.0,20260127.0,Received
7278,20230314,1,447,50,302.5,15125.0,9.0,20230323.0,Received
7279,20230513,1,447,50,302.5,15125.0,9.0,20230522.0,Received
7280,20230707,1,447,50,302.5,15125.0,7.0,20230714.0,Received
7281,20230902,1,447,50,302.5,15125.0,5.0,20230907.0,Received
7282,20231127,1,447,50,302.5,15125.0,,,Cancelled
7283,20240129,1,447,50,302.5,15125.0,7.0,20240205.0,Received
7284,20240406,1,447,50,302.5,15125.0,8.0,20240414.0,Received
7285,20240530,1,447,50,302.5,15125.0,10.0,20240609.0,Received
7286,20240731,1,447,50,302.5,15125.0,9.0,20240809.0,Received
7287,20241022,1,447,50,302.5,15125.0,10.0,20241101.0,Received
7288,20250112,1,447,50,302.5,15125.0,10.0,20250122.0,Received
7289,20250408,1,447,50,302.5,15125.0,5.0,20250413.0,Received
7290,20250606,1,447,50,302.5,15125.0,9.0,20250615.0,Received
7291,20250729,1,447,50,302.5,15125.0,7.0,20250805.0,Received
7292,20250929,1,447,50,302.5,15125.0,11.0,20251010.0,Received
7293,20251204,1,447,50,302.5,15125.0,5.0,20251209.0,Received
7294,20230216,1,448,50,302.5,15125.0,,,Cancelled
7295,20230511,1,448,50,302.5,15125.0,11.0,20230522.0,Received
7296,20230629,1,448,50,302.5,15125.0,8.0,20230707.0,Received
7297,20230904,1,448,50,302.5,15125.0,6.0,20230910.0,Received
7298,20231024,1,448,50,302.5,15125.0,,,Confirmed
7299,20240118,1,448,50,302.5,15125.0,9.0,20240127.0,Received
7300,20240327,1,448,50,302.5,15125.0,10.0,20240406.0,Received
7301,20240530,1,448,50,302.5,15125.0,9.0,20240608.0,Received
7302,20240824,1,448,50,302.5,15125.0,,,Confirmed
7303,20241031,1,448,50,302.5,15125.0,8.0,20241108.0,Received
7304,20250115,1,448,50,302.5,15125.0,6.0,20250121.0,Received
7305,20250325,1,448,50,302.5,15125.0,11.0,20250405.0,Received
7306,20250617,1,448,50,302.5,15125.0,5.0,20250622.0,Received
7307,20250827,1,448,50,302.5,15125.0,11.0,20250907.0,Received
7308,20251114,1,448,50,302.5,15125.0,,,Cancelled
7309,20260122,1,448,50,302.5,15125.0,10.0,20260201.0,Received
7310,20230323,1,449,50,302.5,15125.0,6.0,20230329.0,Received
7311,20230619,1,449,50,302.5,15125.0,6.0,20230625.0,Received
7312,20230806,1,449,50,302.5,15125.0,7.0,20230813.0,Received
7313,20231012,1,449,50,302.5,15125.0,9.0,20231021.0,Received
7314,20231227,1,449,50,302.5,15125.0,5.0,20240101.0,Received
7315,20240212,1,449,50,302.5,15125.0,7.0,20240219.0,Received
7316,20240504,1,449,50,302.5,15125.0,6.0,20240510.0,Received
7317,20240705,1,449,50,302.5,15125.0,7.0,20240712.0,Received
7318,20240909,1,449,50,302.5,15125.0,5.0,20240914.0,Received
7319,20241202,1,449,50,302.5,15125.0,11.0,20241213.0,Received
7320,20250130,1,449,50,302.5,15125.0,10.0,20250209.0,Received
7321,20250405,1,449,50,302.5,15125.0,10.0,20250415.0,Received
7322,20250527,1,449,50,302.5,15125.0,6.0,20250602.0,Received
7323,20250725,1,449,50,302.5,15125.0,5.0,20250730.0,Received
7324,20251021,1,449,50,302.5,15125.0,6.0,20251027.0,Received
7325,20260118,1,449,50,302.5,15125.0,6.0,20260124.0,Received
7326,20230217,1,450,50,302.5,15125.0,6.0,20230223.0,Received
7327,20230516,1,450,50,302.5,15125.0,7.0,20230523.0,Received
7328,20230729,1,450,50,302.5,15125.0,11.0,20230809.0,Received
7329,20231013,1,450,50,302.5,15125.0,11.0,20231024.0,Received
7330,20231214,1,450,50,302.5,15125.0,11.0,20231225.0,Received
7331,20240215,1,450,50,302.5,15125.0,9.0,20240224.0,Received
7332,20240511,1,450,50,302.5,15125.0,5.0,20240516.0,Received
7333,20240628,1,450,50,302.5,15125.0,8.0,20240706.0,Received
7334,20240822,1,450,50,302.5,15125.0,7.0,20240829.0,Received
7335,20241007,1,450,50,302.5,15125.0,9.0,20241016.0,Received
7336,20241220,1,450,50,302.5,15125.0,9.0,20241229.0,Received
7337,20250307,1,450,50,302.5,15125.0,10.0,20250317.0,Received
7338,20250521,1,450,50,302.5,15125.0,8.0,20250529.0,Received
7339,20250710,1,450,50,302.5,15125.0,9.0,20250719.0,Received
7340,20250904,1,450,50,302.5,15125.0,7.0,20250911.0,Received
7341,20251107,1,450,50,302.5,15125.0,6.0,20251113.0,Received
7342,20260128,1,450,50,302.5,15125.0,5.0,20260202.0,Received
7343,20230315,1,451,50,275.0,13750.0,11.0,20230326.0,Received
7344,20230519,1,451,50,275.0,13750.0,11.0,20230530.0,Received
7345,20230721,1,451,50,275.0,13750.0,10.0,20230731.0,Received
7346,20231005,1,451,50,275.0,13750.0,7.0,20231012.0,Received
7347,20231223,1,451,50,275.0,13750.0,9.0,20240101.0,Received
7348,20240319,1,451,50,275.0,13750.0,6.0,20240325.0,Received
7349,20240607,1,451,50,275.0,13750.0,8.0,20240615.0,Received
7350,20240904,1,451,50,275.0,13750.0,5.0,20240909.0,Received
7351,20241104,1,451,50,275.0,13750.0,10.0,20241114.0,Received
7352,20250128,1,451,50,275.0,13750.0,10.0,20250207.0,Received
7353,20250421,1,451,50,275.0,13750.0,9.0,20250430.0,Received
7354,20250612,1,451,50,275.0,13750.0,6.0,20250618.0,Received
7355,20250728,1,451,50,275.0,13750.0,8.0,20250805.0,Received
7356,20251014,1,451,50,275.0,13750.0,7.0,20251021.0,Received
7357,20260107,1,451,50,275.0,13750.0,6.0,20260113.0,Received
7358,20230309,1,452,50,275.0,13750.0,6.0,20230315.0,Received
7359,20230510,1,452,50,275.0,13750.0,8.0,20230518.0,Received
7360,20230705,1,452,50,275.0,13750.0,7.0,20230712.0,Received
7361,20230902,1,452,50,275.0,13750.0,8.0,20230910.0,Received
7362,20231115,1,452,50,275.0,13750.0,11.0,20231126.0,Received
7363,20240121,1,452,50,275.0,13750.0,9.0,20240130.0,Received
7364,20240330,1,452,50,275.0,13750.0,7.0,20240406.0,Received
7365,20240528,1,452,50,275.0,13750.0,10.0,20240607.0,Received
7366,20240822,1,452,50,275.0,13750.0,11.0,20240902.0,Received
7367,20241026,1,452,50,275.0,13750.0,6.0,20241101.0,Received
7368,20241214,1,452,50,275.0,13750.0,,,Confirmed
7369,20250219,1,452,50,275.0,13750.0,8.0,20250227.0,Received
7370,20250506,1,452,50,275.0,13750.0,5.0,20250511.0,Received
7371,20250702,1,452,50,275.0,13750.0,10.0,20250712.0,Received
7372,20250918,1,452,50,275.0,13750.0,7.0,20250925.0,Received
7373,20251115,1,452,50,275.0,13750.0,9.0,20251124.0,Received
7374,20230215,1,453,50,275.0,13750.0,5.0,20230220.0,Received
7375,20230408,1,453,50,275.0,13750.0,9.0,20230417.0,Received
7376,20230611,1,453,50,275.0,13750.0,8.0,20230619.0,Received
7377,20230827,1,453,50,275.0,13750.0,5.0,20230901.0,Received
7378,20231028,1,453,50,275.0,13750.0,9.0,20231106.0,Received
7379,20231224,1,453,50,275.0,13750.0,11.0,20240104.0,Received
7380,20240214,1,453,50,275.0,13750.0,5.0,20240219.0,Received
7381,20240413,1,453,50,275.0,13750.0,9.0,20240422.0,Received
7382,20240605,1,453,50,275.0,13750.0,5.0,20240610.0,Received
7383,20240829,1,453,50,275.0,13750.0,6.0,20240904.0,Received
7384,20241109,1,453,50,275.0,13750.0,6.0,20241115.0,Received
7385,20250203,1,453,50,275.0,13750.0,8.0,20250211.0,Received
7386,20250327,1,453,50,275.0,13750.0,11.0,20250407.0,Received
7387,20250518,1,453,50,275.0,13750.0,11.0,20250529.0,Received
7388,20250706,1,453,50,275.0,13750.0,7.0,20250713.0,Received
7389,20250824,1,453,50,275.0,13750.0,5.0,20250829.0,Received
7390,20251017,1,453,50,275.0,13750.0,5.0,20251022.0,Received
7391,20251203,1,453,50,275.0,13750.0,8.0,20251211.0,Received
7392,20230313,1,454,50,275.0,13750.0,10.0,20230323.0,Received
7393,20230522,1,454,50,275.0,13750.0,5.0,20230527.0,Received
7394,20230811,1,454,50,275.0,13750.0,5.0,20230816.0,Received
7395,20231014,1,454,50,275.0,13750.0,5.0,20231019.0,Received
7396,20231207,1,454,50,275.0,13750.0,8.0,20231215.0,Received
7397,20240208,1,454,50,275.0,13750.0,8.0,20240216.0,Received
7398,20240406,1,454,50,275.0,13750.0,6.0,20240412.0,Received
7399,20240618,1,454,50,275.0,13750.0,9.0,20240627.0,Received
7400,20240830,1,454,50,275.0,13750.0,5.0,20240904.0,Received
7401,20241101,1,454,50,275.0,13750.0,5.0,20241106.0,Received
7402,20250126,1,454,50,275.0,13750.0,,,Confirmed
7403,20250317,1,454,50,275.0,13750.0,5.0,20250322.0,Received
7404,20250509,1,454,50,275.0,13750.0,9.0,20250518.0,Received
7405,20250713,1,454,50,275.0,13750.0,5.0,20250718.0,Received
7406,20251003,1,454,50,275.0,13750.0,9.0,20251012.0,Received
7407,20251224,1,454,50,275.0,13750.0,10.0,20260103.0,Received
7408,20230217,1,455,50,275.0,13750.0,8.0,20230225.0,Received
7409,20230511,1,455,50,275.0,13750.0,7.0,20230518.0,Received
7410,20230807,1,455,50,275.0,13750.0,9.0,20230816.0,Received
7411,20230926,1,455,50,275.0,13750.0,,,Cancelled
7412,20231211,1,455,50,275.0,13750.0,11.0,20231222.0,Received
7413,20240216,1,455,50,275.0,13750.0,9.0,20240225.0,Received
7414,20240409,1,455,50,275.0,13750.0,7.0,20240416.0,Received
7415,20240529,1,455,50,275.0,13750.0,5.0,20240603.0,Received
7416,20240718,1,455,50,275.0,13750.0,9.0,20240727.0,Received
7417,20240905,1,455,50,275.0,13750.0,,,Confirmed
7418,20241102,1,455,50,275.0,13750.0,6.0,20241108.0,Received
7419,20250126,1,455,50,275.0,13750.0,9.0,20250204.0,Received
7420,20250328,1,455,50,275.0,13750.0,,,Confirmed
7421,20250609,1,455,50,275.0,13750.0,8.0,20250617.0,Received
7422,20250801,1,455,50,275.0,13750.0,10.0,20250811.0,Received
7423,20251020,1,455,50,275.0,13750.0,6.0,20251026.0,Received
7424,20251206,1,455,50,275.0,13750.0,8.0,20251214.0,Received
7425,20230310,1,456,50,275.0,13750.0,8.0,20230318.0,Received
7426,20230522,1,456,50,275.0,13750.0,7.0,20230529.0,Received
7427,20230730,1,456,50,275.0,13750.0,7.0,20230806.0,Received
7428,20231019,1,456,50,275.0,13750.0,6.0,20231025.0,Received
7429,20231226,1,456,50,275.0,13750.0,9.0,20240104.0,Received
7430,20240213,1,456,50,275.0,13750.0,5.0,20240218.0,Received
7431,20240414,1,456,50,275.0,13750.0,6.0,20240420.0,Received
7432,20240710,1,456,50,275.0,13750.0,10.0,20240720.0,Received
7433,20240927,1,456,50,275.0,13750.0,10.0,20241007.0,Received
7434,20241222,1,456,50,275.0,13750.0,6.0,20241228.0,Received
7435,20250310,1,456,50,275.0,13750.0,11.0,20250321.0,Received
7436,20250428,1,456,50,275.0,13750.0,6.0,20250504.0,Received
7437,20250630,1,456,50,275.0,13750.0,8.0,20250708.0,Received
7438,20250820,1,456,50,275.0,13750.0,8.0,20250828.0,Received
7439,20251026,1,456,50,275.0,13750.0,9.0,20251104.0,Received
7440,20260107,1,456,50,275.0,13750.0,5.0,20260112.0,Received
7441,20230223,1,457,50,275.0,13750.0,7.0,20230302.0,Received
7442,20230424,1,457,50,275.0,13750.0,9.0,20230503.0,Received
7443,20230707,1,457,50,275.0,13750.0,11.0,20230718.0,Received
7444,20230821,1,457,50,275.0,13750.0,7.0,20230828.0,Received
7445,20231014,1,457,50,275.0,13750.0,6.0,20231020.0,Received
7446,20231213,1,457,50,275.0,13750.0,5.0,20231218.0,Received
7447,20240227,1,457,50,275.0,13750.0,11.0,20240309.0,Received
7448,20240421,1,457,50,275.0,13750.0,9.0,20240430.0,Received
7449,20240715,1,457,50,275.0,13750.0,11.0,20240726.0,Received
7450,20241011,1,457,50,275.0,13750.0,6.0,20241017.0,Received
7451,20241130,1,457,50,275.0,13750.0,11.0,20241211.0,Received
7452,20250202,1,457,50,275.0,13750.0,6.0,20250208.0,Received
7453,20250323,1,457,50,275.0,13750.0,6.0,20250329.0,Received
7454,20250610,1,457,50,275.0,13750.0,9.0,20250619.0,Received
7455,20250831,1,457,50,275.0,13750.0,11.0,20250911.0,Received
7456,20251104,1,457,50,275.0,13750.0,11.0,20251115.0,Received
7457,20260131,1,457,50,275.0,13750.0,8.0,20260208.0,Received
7458,20230308,1,458,50,275.0,13750.0,6.0,20230314.0,Received
7459,20230428,1,458,50,275.0,13750.0,6.0,20230504.0,Received
7460,20230720,1,458,50,275.0,13750.0,8.0,20230728.0,Received
7461,20231016,1,458,50,275.0,13750.0,6.0,20231022.0,Received
7462,20231221,1,458,50,275.0,13750.0,,,Cancelled
7463,20240212,1,458,50,275.0,13750.0,6.0,20240218.0,Received
7464,20240502,1,458,50,275.0,13750.0,10.0,20240512.0,Received
7465,20240716,1,458,50,275.0,13750.0,5.0,20240721.0,Received
7466,20240916,1,458,50,275.0,13750.0,,,Confirmed
7467,20241214,1,458,50,275.0,13750.0,6.0,20241220.0,Received
7468,20250215,1,458,50,275.0,13750.0,7.0,20250222.0,Received
7469,20250506,1,458,50,275.0,13750.0,10.0,20250516.0,Received
7470,20250727,1,458,50,275.0,13750.0,7.0,20250803.0,Received
7471,20250914,1,458,50,275.0,13750.0,11.0,20250925.0,Received
7472,20251104,1,458,50,275.0,13750.0,5.0,20251109.0,Received
7473,20260104,1,458,50,275.0,13750.0,9.0,20260113.0,Received
7474,20230222,1,459,50,275.0,13750.0,9.0,20230303.0,Received
7475,20230512,1,459,50,275.0,13750.0,5.0,20230517.0,Received
7476,20230726,1,459,50,275.0,13750.0,8.0,20230803.0,Received
7477,20231011,1,459,50,275.0,13750.0,5.0,20231016.0,Received
7478,20240106,1,459,50,275.0,13750.0,7.0,20240113.0,Received
7479,20240220,1,459,50,275.0,13750.0,5.0,20240225.0,Received
7480,20240518,1,459,50,275.0,13750.0,,,Cancelled
7481,20240807,1,459,50,275.0,13750.0,11.0,20240818.0,Received
7482,20241016,1,459,50,275.0,13750.0,7.0,20241023.0,Received
7483,20250104,1,459,50,275.0,13750.0,5.0,20250109.0,Received
7484,20250316,1,459,50,275.0,13750.0,6.0,20250322.0,Received
7485,20250507,1,459,50,275.0,13750.0,7.0,20250514.0,Received
7486,20250727,1,459,50,275.0,13750.0,7.0,20250803.0,Received
7487,20251007,1,459,50,275.0,13750.0,10.0,20251017.0,Received
7488,20251231,1,459,50,275.0,13750.0,7.0,20260107.0,Received
7489,20230322,1,460,50,275.0,13750.0,11.0,20230402.0,Received
7490,20230609,1,460,50,275.0,13750.0,,,Confirmed
7491,20230727,1,460,50,275.0,13750.0,5.0,20230801.0,Received
7492,20231014,1,460,50,275.0,13750.0,8.0,20231022.0,Received
7493,20231228,1,460,50,275.0,13750.0,5.0,20240102.0,Received
7494,20240314,1,460,50,275.0,13750.0,5.0,20240319.0,Received
7495,20240520,1,460,50,275.0,13750.0,5.0,20240525.0,Received
7496,20240716,1,460,50,275.0,13750.0,6.0,20240722.0,Received
7497,20241007,1,460,50,275.0,13750.0,5.0,20241012.0,Received
7498,20241223,1,460,50,275.0,13750.0,10.0,20250102.0,Received
7499,20250207,1,460,50,275.0,13750.0,11.0,20250218.0,Received
7500,20250402,1,460,50,275.0,13750.0,10.0,20250412.0,Received
7501,20250628,1,460,50,275.0,13750.0,9.0,20250707.0,Received
7502,20250919,1,460,50,275.0,13750.0,,,Confirmed
7503,20251124,1,460,50,275.0,13750.0,7.0,20251201.0,Received
7504,20230326,1,461,50,275.0,13750.0,7.0,20230402.0,Received
7505,20230603,1,461,50,275.0,13750.0,6.0,20230609.0,Received
7506,20230719,1,461,50,275.0,13750.0,10.0,20230729.0,Received
7507,20230911,1,461,50,275.0,13750.0,9.0,20230920.0,Received
7508,20231109,1,461,50,275.0,13750.0,10.0,20231119.0,Received
7509,20240129,1,461,50,275.0,13750.0,8.0,20240206.0,Received
7510,20240325,1,461,50,275.0,13750.0,5.0,20240330.0,Received
7511,20240609,1,461,50,275.0,13750.0,5.0,20240614.0,Received
7512,20240901,1,461,50,275.0,13750.0,7.0,20240908.0,Received
7513,20241124,1,461,50,275.0,13750.0,11.0,20241205.0,Received
7514,20250213,1,461,50,275.0,13750.0,7.0,20250220.0,Received
7515,20250417,1,461,50,275.0,13750.0,5.0,20250422.0,Received
7516,20250606,1,461,50,275.0,13750.0,9.0,20250615.0,Received
7517,20250829,1,461,50,275.0,13750.0,10.0,20250908.0,Received
7518,20251025,1,461,50,275.0,13750.0,5.0,20251030.0,Received
7519,20251227,1,461,50,275.0,13750.0,8.0,20260104.0,Received
7520,20230313,1,462,50,275.0,13750.0,5.0,20230318.0,Received
7521,20230530,1,462,50,275.0,13750.0,11.0,20230610.0,Received
7522,20230716,1,462,50,275.0,13750.0,5.0,20230721.0,Received
7523,20230922,1,462,50,275.0,13750.0,11.0,20231003.0,Received
7524,20231119,1,462,50,275.0,13750.0,7.0,20231126.0,Received
7525,20240115,1,462,50,275.0,13750.0,8.0,20240123.0,Received
7526,20240401,1,462,50,275.0,13750.0,7.0,20240408.0,Received
7527,20240516,1,462,50,275.0,13750.0,7.0,20240523.0,Received
7528,20240728,1,462,50,275.0,13750.0,,,Confirmed
7529,20240925,1,462,50,275.0,13750.0,11.0,20241006.0,Received
7530,20241213,1,462,50,275.0,13750.0,11.0,20241224.0,Received
7531,20250228,1,462,50,275.0,13750.0,5.0,20250305.0,Received
7532,20250421,1,462,50,275.0,13750.0,10.0,20250501.0,Received
7533,20250605,1,462,50,275.0,13750.0,5.0,20250610.0,Received
7534,20250823,1,462,50,275.0,13750.0,9.0,20250901.0,Received
7535,20251008,1,462,50,275.0,13750.0,9.0,20251017.0,Received
7536,20251210,1,462,50,275.0,13750.0,5.0,20251215.0,Received
7537,20230323,1,463,50,275.0,13750.0,11.0,20230403.0,Received
7538,20230515,1,463,50,275.0,13750.0,10.0,20230525.0,Received
7539,20230704,1,463,50,275.0,13750.0,7.0,20230711.0,Received
7540,20230909,1,463,50,275.0,13750.0,8.0,20230917.0,Received
7541,20231103,1,463,50,275.0,13750.0,,,Confirmed
7542,20240130,1,463,50,275.0,13750.0,10.0,20240209.0,Received
7543,20240407,1,463,50,275.0,13750.0,9.0,20240416.0,Received
7544,20240526,1,463,50,275.0,13750.0,8.0,20240603.0,Received
7545,20240801,1,463,50,275.0,13750.0,9.0,20240810.0,Received
7546,20240927,1,463,50,275.0,13750.0,9.0,20241006.0,Received
7547,20241207,1,463,50,275.0,13750.0,,,Cancelled
7548,20250122,1,463,50,275.0,13750.0,5.0,20250127.0,Received
7549,20250401,1,463,50,275.0,13750.0,,,Cancelled
7550,20250529,1,463,50,275.0,13750.0,9.0,20250607.0,Received
7551,20250823,1,463,50,275.0,13750.0,9.0,20250901.0,Received
7552,20251102,1,463,50,275.0,13750.0,10.0,20251112.0,Received
7553,20260107,1,463,50,275.0,13750.0,5.0,20260112.0,Received
7554,20230305,1,464,50,275.0,13750.0,8.0,20230313.0,Received
7555,20230505,1,464,50,275.0,13750.0,7.0,20230512.0,Received
7556,20230713,1,464,50,275.0,13750.0,5.0,20230718.0,Received
7557,20230908,1,464,50,275.0,13750.0,7.0,20230915.0,Received
7558,20231105,1,464,50,275.0,13750.0,7.0,20231112.0,Received
7559,20231222,1,464,50,275.0,13750.0,7.0,20231229.0,Received
7560,20240217,1,464,50,275.0,13750.0,6.0,20240223.0,Received
7561,20240403,1,464,50,275.0,13750.0,7.0,20240410.0,Received
7562,20240519,1,464,50,275.0,13750.0,10.0,20240529.0,Received
7563,20240714,1,464,50,275.0,13750.0,11.0,20240725.0,Received
7564,20240831,1,464,50,275.0,13750.0,,,Cancelled
7565,20241018,1,464,50,275.0,13750.0,7.0,20241025.0,Received
7566,20241228,1,464,50,275.0,13750.0,5.0,20250102.0,Received
7567,20250307,1,464,50,275.0,13750.0,7.0,20250314.0,Received
7568,20250503,1,464,50,275.0,13750.0,9.0,20250512.0,Received
7569,20250721,1,464,50,275.0,13750.0,11.0,20250801.0,Received
7570,20250930,1,464,50,275.0,13750.0,11.0,20251011.0,Received
7571,20251212,1,464,50,275.0,13750.0,9.0,20251221.0,Received
7572,20230222,1,465,50,275.0,13750.0,7.0,20230301.0,Received
7573,20230507,1,465,50,275.0,13750.0,7.0,20230514.0,Received
7574,20230708,1,465,50,275.0,13750.0,9.0,20230717.0,Received
7575,20230930,1,465,50,275.0,13750.0,7.0,20231007.0,Received
7576,20231205,1,465,50,275.0,13750.0,5.0,20231210.0,Received
7577,20240227,1,465,50,275.0,13750.0,10.0,20240308.0,Received
7578,20240515,1,465,50,275.0,13750.0,11.0,20240526.0,Received
7579,20240720,1,465,50,275.0,13750.0,,,Confirmed
7580,20240907,1,465,50,275.0,13750.0,9.0,20240916.0,Received
7581,20241114,1,465,50,275.0,13750.0,11.0,20241125.0,Received
7582,20250118,1,465,50,275.0,13750.0,7.0,20250125.0,Received
7583,20250304,1,465,50,275.0,13750.0,7.0,20250311.0,Received
7584,20250504,1,465,50,275.0,13750.0,5.0,20250509.0,Received
7585,20250623,1,465,50,275.0,13750.0,,,Cancelled
7586,20250824,1,465,50,275.0,13750.0,10.0,20250903.0,Received
7587,20251103,1,465,50,275.0,13750.0,5.0,20251108.0,Received
7588,20260103,1,465,50,275.0,13750.0,11.0,20260114.0,Received
7589,20230225,1,466,50,302.5,15125.0,9.0,20230306.0,Received
7590,20230426,1,466,50,302.5,15125.0,,,Confirmed
7591,20230706,1,466,50,302.5,15125.0,5.0,20230711.0,Received
7592,20230922,1,466,50,302.5,15125.0,10.0,20231002.0,Received
7593,20231203,1,466,50,302.5,15125.0,11.0,20231214.0,Received
7594,20240122,1,466,50,302.5,15125.0,5.0,20240127.0,Received
7595,20240316,1,466,50,302.5,15125.0,8.0,20240324.0,Received
7596,20240507,1,466,50,302.5,15125.0,10.0,20240517.0,Received
7597,20240725,1,466,50,302.5,15125.0,11.0,20240805.0,Received
7598,20241018,1,466,50,302.5,15125.0,6.0,20241024.0,Received
7599,20241221,1,466,50,302.5,15125.0,11.0,20250101.0,Received
7600,20250228,1,466,50,302.5,15125.0,11.0,20250311.0,Received
7601,20250525,1,466,50,302.5,15125.0,5.0,20250530.0,Received
7602,20250805,1,466,50,302.5,15125.0,8.0,20250813.0,Received
7603,20251017,1,466,50,302.5,15125.0,,,Confirmed
7604,20251207,1,466,50,302.5,15125.0,5.0,20251212.0,Received
7605,20230330,1,467,50,302.5,15125.0,9.0,20230408.0,Received
7606,20230526,1,467,50,302.5,15125.0,7.0,20230602.0,Received
7607,20230813,1,467,50,302.5,15125.0,9.0,20230822.0,Received
7608,20231105,1,467,50,302.5,15125.0,11.0,20231116.0,Received
7609,20240120,1,467,50,302.5,15125.0,9.0,20240129.0,Received
7610,20240402,1,467,50,302.5,15125.0,9.0,20240411.0,Received
7611,20240607,1,467,50,302.5,15125.0,6.0,20240613.0,Received
7612,20240808,1,467,50,302.5,15125.0,7.0,20240815.0,Received
7613,20241002,1,467,50,302.5,15125.0,11.0,20241013.0,Received
7614,20241126,1,467,50,302.5,15125.0,8.0,20241204.0,Received
7615,20250130,1,467,50,302.5,15125.0,9.0,20250208.0,Received
7616,20250327,1,467,50,302.5,15125.0,,,Confirmed
7617,20250527,1,467,50,302.5,15125.0,6.0,20250602.0,Received
7618,20250804,1,467,50,302.5,15125.0,9.0,20250813.0,Received
7619,20251011,1,467,50,302.5,15125.0,7.0,20251018.0,Received
7620,20251222,1,467,50,302.5,15125.0,,,Confirmed
7621,20230327,1,468,50,302.5,15125.0,,,Confirmed
7622,20230521,1,468,50,302.5,15125.0,5.0,20230526.0,Received
7623,20230808,1,468,50,302.5,15125.0,8.0,20230816.0,Received
7624,20231022,1,468,50,302.5,15125.0,8.0,20231030.0,Received
7625,20231216,1,468,50,302.5,15125.0,10.0,20231226.0,Received
7626,20240302,1,468,50,302.5,15125.0,6.0,20240308.0,Received
7627,20240416,1,468,50,302.5,15125.0,7.0,20240423.0,Received
7628,20240710,1,468,50,302.5,15125.0,11.0,20240721.0,Received
7629,20240921,1,468,50,302.5,15125.0,8.0,20240929.0,Received
7630,20241201,1,468,50,302.5,15125.0,8.0,20241209.0,Received
7631,20250118,1,468,50,302.5,15125.0,8.0,20250126.0,Received
7632,20250307,1,468,50,302.5,15125.0,8.0,20250315.0,Received
7633,20250426,1,468,50,302.5,15125.0,5.0,20250501.0,Received
7634,20250622,1,468,50,302.5,15125.0,9.0,20250701.0,Received
7635,20250916,1,468,50,302.5,15125.0,7.0,20250923.0,Received
7636,20251103,1,468,50,302.5,15125.0,11.0,20251114.0,Received
7637,20251228,1,468,50,302.5,15125.0,6.0,20260103.0,Received
7638,20230331,1,469,50,302.5,15125.0,8.0,20230408.0,Received
7639,20230624,1,469,50,302.5,15125.0,9.0,20230703.0,Received
7640,20230917,1,469,50,302.5,15125.0,9.0,20230926.0,Received
7641,20231116,1,469,50,302.5,15125.0,8.0,20231124.0,Received
7642,20240206,1,469,50,302.5,15125.0,6.0,20240212.0,Received
7643,20240423,1,469,50,302.5,15125.0,10.0,20240503.0,Received
7644,20240624,1,469,50,302.5,15125.0,8.0,20240702.0,Received
7645,20240913,1,469,50,302.5,15125.0,5.0,20240918.0,Received
7646,20241102,1,469,50,302.5,15125.0,10.0,20241112.0,Received
7647,20241231,1,469,50,302.5,15125.0,8.0,20250108.0,Received
7648,20250313,1,469,50,302.5,15125.0,5.0,20250318.0,Received
7649,20250427,1,469,50,302.5,15125.0,8.0,20250505.0,Received
7650,20250707,1,469,50,302.5,15125.0,6.0,20250713.0,Received
7651,20250908,1,469,50,302.5,15125.0,9.0,20250917.0,Received
7652,20251206,1,469,50,302.5,15125.0,,,Confirmed
7653,20230223,1,470,50,302.5,15125.0,6.0,20230301.0,Received
7654,20230503,1,470,50,302.5,15125.0,6.0,20230509.0,Received
7655,20230703,1,470,50,302.5,15125.0,5.0,20230708.0,Received
7656,20230825,1,470,50,302.5,15125.0,6.0,20230831.0,Received
7657,20231111,1,470,50,302.5,15125.0,,,Cancelled
7658,20240205,1,470,50,302.5,15125.0,7.0,20240212.0,Received
7659,20240414,1,470,50,302.5,15125.0,5.0,20240419.0,Received
7660,20240705,1,470,50,302.5,15125.0,9.0,20240714.0,Received
7661,20240827,1,470,50,302.5,15125.0,,,Confirmed
7662,20241101,1,470,50,302.5,15125.0,8.0,20241109.0,Received
7663,20250104,1,470,50,302.5,15125.0,8.0,20250112.0,Received
7664,20250301,1,470,50,302.5,15125.0,7.0,20250308.0,Received
7665,20250427,1,470,50,302.5,15125.0,6.0,20250503.0,Received
7666,20250614,1,470,50,302.5,15125.0,5.0,20250619.0,Received
7667,20250830,1,470,50,302.5,15125.0,6.0,20250905.0,Received
7668,20251031,1,470,50,302.5,15125.0,8.0,20251108.0,Received
7669,20251221,1,470,50,302.5,15125.0,7.0,20251228.0,Received
7670,20230310,1,471,50,275.0,13750.0,11.0,20230321.0,Received
7671,20230516,1,471,50,275.0,13750.0,5.0,20230521.0,Received
7672,20230813,1,471,50,275.0,13750.0,8.0,20230821.0,Received
7673,20231006,1,471,50,275.0,13750.0,8.0,20231014.0,Received
7674,20231124,1,471,50,275.0,13750.0,8.0,20231202.0,Received
7675,20240123,1,471,50,275.0,13750.0,10.0,20240202.0,Received
7676,20240416,1,471,50,275.0,13750.0,8.0,20240424.0,Received
7677,20240630,1,471,50,275.0,13750.0,,,Cancelled
7678,20240901,1,471,50,275.0,13750.0,9.0,20240910.0,Received
7679,20241117,1,471,50,275.0,13750.0,8.0,20241125.0,Received
7680,20250127,1,471,50,275.0,13750.0,5.0,20250201.0,Received
7681,20250420,1,471,50,275.0,13750.0,6.0,20250426.0,Received
7682,20250626,1,471,50,275.0,13750.0,6.0,20250702.0,Received
7683,20250916,1,471,50,275.0,13750.0,5.0,20250921.0,Received
7684,20251116,1,471,50,275.0,13750.0,10.0,20251126.0,Received
7685,20230303,1,472,50,275.0,13750.0,8.0,20230311.0,Received
7686,20230529,1,472,50,275.0,13750.0,7.0,20230605.0,Received
7687,20230724,1,472,50,275.0,13750.0,9.0,20230802.0,Received
7688,20231014,1,472,50,275.0,13750.0,,,Confirmed
7689,20231204,1,472,50,275.0,13750.0,11.0,20231215.0,Received
7690,20240202,1,472,50,275.0,13750.0,5.0,20240207.0,Received
7691,20240414,1,472,50,275.0,13750.0,10.0,20240424.0,Received
7692,20240624,1,472,50,275.0,13750.0,10.0,20240704.0,Received
7693,20240917,1,472,50,275.0,13750.0,10.0,20240927.0,Received
7694,20241123,1,472,50,275.0,13750.0,11.0,20241204.0,Received
7695,20250203,1,472,50,275.0,13750.0,5.0,20250208.0,Received
7696,20250412,1,472,50,275.0,13750.0,7.0,20250419.0,Received
7697,20250618,1,472,50,275.0,13750.0,7.0,20250625.0,Received
7698,20250807,1,472,50,275.0,13750.0,9.0,20250816.0,Received
7699,20250924,1,472,50,275.0,13750.0,11.0,20251005.0,Received
7700,20251203,1,472,50,275.0,13750.0,7.0,20251210.0,Received
7701,20230327,1,473,50,275.0,13750.0,11.0,20230407.0,Received
7702,20230514,1,473,50,275.0,13750.0,7.0,20230521.0,Received
7703,20230729,1,473,50,275.0,13750.0,9.0,20230807.0,Received
7704,20230924,1,473,50,275.0,13750.0,8.0,20231002.0,Received
7705,20231124,1,473,50,275.0,13750.0,10.0,20231204.0,Received
7706,20240111,1,473,50,275.0,13750.0,11.0,20240122.0,Received
7707,20240326,1,473,50,275.0,13750.0,8.0,20240403.0,Received
7708,20240515,1,473,50,275.0,13750.0,5.0,20240520.0,Received
7709,20240724,1,473,50,275.0,13750.0,7.0,20240731.0,Received
7710,20240910,1,473,50,275.0,13750.0,11.0,20240921.0,Received
7711,20241202,1,473,50,275.0,13750.0,9.0,20241211.0,Received
7712,20250201,1,473,50,275.0,13750.0,6.0,20250207.0,Received
7713,20250330,1,473,50,275.0,13750.0,9.0,20250408.0,Received
7714,20250606,1,473,50,275.0,13750.0,5.0,20250611.0,Received
7715,20250824,1,473,50,275.0,13750.0,11.0,20250904.0,Received
7716,20251008,1,473,50,275.0,13750.0,5.0,20251013.0,Received
7717,20251209,1,473,50,275.0,13750.0,5.0,20251214.0,Received
7718,20230314,1,474,50,275.0,13750.0,11.0,20230325.0,Received
7719,20230519,1,474,50,275.0,13750.0,5.0,20230524.0,Received
7720,20230803,1,474,50,275.0,13750.0,6.0,20230809.0,Received
7721,20231030,1,474,50,275.0,13750.0,10.0,20231109.0,Received
7722,20240109,1,474,50,275.0,13750.0,7.0,20240116.0,Received
7723,20240303,1,474,50,275.0,13750.0,7.0,20240310.0,Received
7724,20240507,1,474,50,275.0,13750.0,9.0,20240516.0,Received
7725,20240707,1,474,50,275.0,13750.0,,,Confirmed
7726,20240822,1,474,50,275.0,13750.0,8.0,20240830.0,Received
7727,20241118,1,474,50,275.0,13750.0,7.0,20241125.0,Received
7728,20250214,1,474,50,275.0,13750.0,6.0,20250220.0,Received
7729,20250429,1,474,50,275.0,13750.0,8.0,20250507.0,Received
7730,20250714,1,474,50,275.0,13750.0,9.0,20250723.0,Received
7731,20250929,1,474,50,275.0,13750.0,8.0,20251007.0,Received
7732,20251124,1,474,50,275.0,13750.0,11.0,20251205.0,Received
7733,20230227,1,475,50,275.0,13750.0,9.0,20230308.0,Received
7734,20230419,1,475,50,275.0,13750.0,11.0,20230430.0,Received
7735,20230702,1,475,50,275.0,13750.0,8.0,20230710.0,Received
7736,20230821,1,475,50,275.0,13750.0,5.0,20230826.0,Received
7737,20231025,1,475,50,275.0,13750.0,10.0,20231104.0,Received
7738,20231224,1,475,50,275.0,13750.0,9.0,20240102.0,Received
7739,20240211,1,475,50,275.0,13750.0,7.0,20240218.0,Received
7740,20240409,1,475,50,275.0,13750.0,,,Cancelled
7741,20240616,1,475,50,275.0,13750.0,,,Cancelled
7742,20240904,1,475,50,275.0,13750.0,6.0,20240910.0,Received
7743,20241102,1,475,50,275.0,13750.0,5.0,20241107.0,Received
7744,20241218,1,475,50,275.0,13750.0,9.0,20241227.0,Received
7745,20250309,1,475,50,275.0,13750.0,9.0,20250318.0,Received
7746,20250531,1,475,50,275.0,13750.0,8.0,20250608.0,Received
7747,20250827,1,475,50,275.0,13750.0,11.0,20250907.0,Received
7748,20251027,1,475,50,275.0,13750.0,10.0,20251106.0,Received
7749,20260108,1,475,50,275.0,13750.0,,,Cancelled
7750,20230215,1,476,50,275.0,13750.0,9.0,20230224.0,Received
7751,20230407,1,476,50,275.0,13750.0,10.0,20230417.0,Received
7752,20230609,1,476,50,275.0,13750.0,,,Confirmed
7753,20230803,1,476,50,275.0,13750.0,,,Confirmed
7754,20231011,1,476,50,275.0,13750.0,7.0,20231018.0,Received
7755,20231126,1,476,50,275.0,13750.0,5.0,20231201.0,Received
7756,20240118,1,476,50,275.0,13750.0,5.0,20240123.0,Received
7757,20240409,1,476,50,275.0,13750.0,5.0,20240414.0,Received
7758,20240621,1,476,50,275.0,13750.0,,,Confirmed
7759,20240902,1,476,50,275.0,13750.0,8.0,20240910.0,Received
7760,20241117,1,476,50,275.0,13750.0,7.0,20241124.0,Received
7761,20250127,1,476,50,275.0,13750.0,10.0,20250206.0,Received
7762,20250321,1,476,50,275.0,13750.0,,,Cancelled
7763,20250606,1,476,50,275.0,13750.0,5.0,20250611.0,Received
7764,20250811,1,476,50,275.0,13750.0,9.0,20250820.0,Received
7765,20251016,1,476,50,275.0,13750.0,6.0,20251022.0,Received
7766,20251203,1,476,50,275.0,13750.0,7.0,20251210.0,Received
7767,20260117,1,476,50,275.0,13750.0,9.0,20260126.0,Received
7768,20230301,1,477,50,275.0,13750.0,10.0,20230311.0,Received
7769,20230513,1,477,50,275.0,13750.0,7.0,20230520.0,Received
7770,20230706,1,477,50,275.0,13750.0,11.0,20230717.0,Received
7771,20230927,1,477,50,275.0,13750.0,6.0,20231003.0,Received
7772,20231116,1,477,50,275.0,13750.0,9.0,20231125.0,Received
7773,20240115,1,477,50,275.0,13750.0,10.0,20240125.0,Received
7774,20240306,1,477,50,275.0,13750.0,,,Cancelled
7775,20240420,1,477,50,275.0,13750.0,8.0,20240428.0,Received
7776,20240612,1,477,50,275.0,13750.0,9.0,20240621.0,Received
7777,20240816,1,477,50,275.0,13750.0,11.0,20240827.0,Received
7778,20241113,1,477,50,275.0,13750.0,8.0,20241121.0,Received
7779,20250105,1,477,50,275.0,13750.0,5.0,20250110.0,Received
7780,20250225,1,477,50,275.0,13750.0,7.0,20250304.0,Received
7781,20250419,1,477,50,275.0,13750.0,7.0,20250426.0,Received
7782,20250622,1,477,50,275.0,13750.0,6.0,20250628.0,Received
7783,20250916,1,477,50,275.0,13750.0,9.0,20250925.0,Received
7784,20251210,1,477,50,275.0,13750.0,7.0,20251217.0,Received
7785,20230315,1,478,50,275.0,13750.0,9.0,20230324.0,Received
7786,20230521,1,478,50,275.0,13750.0,7.0,20230528.0,Received
7787,20230814,1,478,50,275.0,13750.0,10.0,20230824.0,Received
7788,20231103,1,478,50,275.0,13750.0,6.0,20231109.0,Received
7789,20231231,1,478,50,275.0,13750.0,10.0,20240110.0,Received
7790,20240222,1,478,50,275.0,13750.0,7.0,20240229.0,Received
7791,20240508,1,478,50,275.0,13750.0,11.0,20240519.0,Received
7792,20240709,1,478,50,275.0,13750.0,5.0,20240714.0,Received
7793,20240827,1,478,50,275.0,13750.0,6.0,20240902.0,Received
7794,20241031,1,478,50,275.0,13750.0,9.0,20241109.0,Received
7795,20250116,1,478,50,275.0,13750.0,5.0,20250121.0,Received
7796,20250315,1,478,50,275.0,13750.0,8.0,20250323.0,Received
7797,20250513,1,478,50,275.0,13750.0,7.0,20250520.0,Received
7798,20250722,1,478,50,275.0,13750.0,10.0,20250801.0,Received
7799,20250912,1,478,50,275.0,13750.0,11.0,20250923.0,Received
7800,20251105,1,478,50,275.0,13750.0,5.0,20251110.0,Received
7801,20260110,1,478,50,275.0,13750.0,7.0,20260117.0,Received
7802,20230224,1,479,50,275.0,13750.0,9.0,20230305.0,Received
7803,20230430,1,479,50,275.0,13750.0,10.0,20230510.0,Received
7804,20230701,1,479,50,275.0,13750.0,9.0,20230710.0,Received
7805,20230818,1,479,50,275.0,13750.0,9.0,20230827.0,Received
7806,20231004,1,479,50,275.0,13750.0,7.0,20231011.0,Received
7807,20231129,1,479,50,275.0,13750.0,11.0,20231210.0,Received
7808,20240120,1,479,50,275.0,13750.0,10.0,20240130.0,Received
7809,20240305,1,479,50,275.0,13750.0,8.0,20240313.0,Received
7810,20240429,1,479,50,275.0,13750.0,8.0,20240507.0,Received
7811,20240614,1,479,50,275.0,13750.0,5.0,20240619.0,Received
7812,20240906,1,479,50,275.0,13750.0,9.0,20240915.0,Received
7813,20241112,1,479,50,275.0,13750.0,8.0,20241120.0,Received
7814,20241231,1,479,50,275.0,13750.0,11.0,20250111.0,Received
7815,20250307,1,479,50,275.0,13750.0,5.0,20250312.0,Received
7816,20250428,1,479,50,275.0,13750.0,10.0,20250508.0,Received
7817,20250630,1,479,50,275.0,13750.0,6.0,20250706.0,Received
7818,20250926,1,479,50,275.0,13750.0,8.0,20251004.0,Received
7819,20251211,1,479,50,275.0,13750.0,10.0,20251221.0,Received
7820,20230226,1,480,50,275.0,13750.0,9.0,20230307.0,Received
7821,20230523,1,480,50,275.0,13750.0,9.0,20230601.0,Received
7822,20230818,1,480,50,275.0,13750.0,11.0,20230829.0,Received
7823,20231002,1,480,50,275.0,13750.0,9.0,20231011.0,Received
7824,20231213,1,480,50,275.0,13750.0,11.0,20231224.0,Received
7825,20240307,1,480,50,275.0,13750.0,6.0,20240313.0,Received
7826,20240526,1,480,50,275.0,13750.0,,,Confirmed
7827,20240719,1,480,50,275.0,13750.0,10.0,20240729.0,Received
7828,20240909,1,480,50,275.0,13750.0,11.0,20240920.0,Received
7829,20241128,1,480,50,275.0,13750.0,8.0,20241206.0,Received
7830,20250122,1,480,50,275.0,13750.0,,,Confirmed
7831,20250308,1,480,50,275.0,13750.0,10.0,20250318.0,Received
7832,20250603,1,480,50,275.0,13750.0,5.0,20250608.0,Received
7833,20250731,1,480,50,275.0,13750.0,5.0,20250805.0,Received
7834,20250922,1,480,50,275.0,13750.0,11.0,20251003.0,Received
7835,20251111,1,480,50,275.0,13750.0,6.0,20251117.0,Received
7836,20260111,1,480,50,275.0,13750.0,10.0,20260121.0,Received
7837,20230218,1,481,50,192.50000000000003,9625.000000000002,11.0,20230301.0,Received
7838,20230428,1,481,50,192.50000000000003,9625.000000000002,7.0,20230505.0,Received
7839,20230626,1,481,50,192.50000000000003,9625.000000000002,5.0,20230701.0,Received
7840,20230828,1,481,50,192.50000000000003,9625.000000000002,8.0,20230905.0,Received
7841,20231118,1,481,50,192.50000000000003,9625.000000000002,,,Cancelled
7842,20240119,1,481,50,192.50000000000003,9625.000000000002,9.0,20240128.0,Received
7843,20240331,1,481,50,192.50000000000003,9625.000000000002,5.0,20240405.0,Received
7844,20240614,1,481,50,192.50000000000003,9625.000000000002,10.0,20240624.0,Received
7845,20240821,1,481,50,192.50000000000003,9625.000000000002,,,Cancelled
7846,20241105,1,481,50,192.50000000000003,9625.000000000002,8.0,20241113.0,Received
7847,20250201,1,481,50,192.50000000000003,9625.000000000002,8.0,20250209.0,Received
7848,20250405,1,481,50,192.50000000000003,9625.000000000002,5.0,20250410.0,Received
7849,20250607,1,481,50,192.50000000000003,9625.000000000002,7.0,20250614.0,Received
7850,20250808,1,481,50,192.50000000000003,9625.000000000002,11.0,20250819.0,Received
7851,20251022,1,481,50,192.50000000000003,9625.000000000002,7.0,20251029.0,Received
7852,20251229,1,481,50,192.50000000000003,9625.000000000002,11.0,20260109.0,Received
7853,20230222,1,482,68,192.50000000000003,13090.000000000002,9.0,20230303.0,Received
7854,20230510,1,482,68,192.50000000000003,13090.000000000002,6.0,20230516.0,Received
7855,20230804,1,482,68,192.50000000000003,13090.000000000002,8.0,20230812.0,Received
7856,20231019,1,482,68,192.50000000000003,13090.000000000002,7.0,20231026.0,Received
7857,20240111,1,482,68,192.50000000000003,13090.000000000002,11.0,20240122.0,Received
7858,20240225,1,482,68,192.50000000000003,13090.000000000002,6.0,20240302.0,Received
7859,20240423,1,482,68,192.50000000000003,13090.000000000002,10.0,20240503.0,Received
7860,20240705,1,482,68,192.50000000000003,13090.000000000002,9.0,20240714.0,Received
7861,20240907,1,482,68,192.50000000000003,13090.000000000002,10.0,20240917.0,Received
7862,20241105,1,482,68,192.50000000000003,13090.000000000002,11.0,20241116.0,Received
7863,20250121,1,482,68,192.50000000000003,13090.000000000002,10.0,20250131.0,Received
7864,20250417,1,482,68,192.50000000000003,13090.000000000002,7.0,20250424.0,Received
7865,20250705,1,482,68,192.50000000000003,13090.000000000002,,,Cancelled
7866,20250914,1,482,68,192.50000000000003,13090.000000000002,9.0,20250923.0,Received
7867,20251206,1,482,68,192.50000000000003,13090.000000000002,6.0,20251212.0,Received
7868,20260131,1,482,68,192.50000000000003,13090.000000000002,7.0,20260207.0,Received
7869,20230306,1,483,50,192.50000000000003,9625.000000000002,7.0,20230313.0,Received
7870,20230527,1,483,50,192.50000000000003,9625.000000000002,11.0,20230607.0,Received
7871,20230804,1,483,50,192.50000000000003,9625.000000000002,11.0,20230815.0,Received
7872,20231013,1,483,50,192.50000000000003,9625.000000000002,,,Cancelled
7873,20231229,1,483,50,192.50000000000003,9625.000000000002,9.0,20240107.0,Received
7874,20240216,1,483,50,192.50000000000003,9625.000000000002,6.0,20240222.0,Received
7875,20240510,1,483,50,192.50000000000003,9625.000000000002,11.0,20240521.0,Received
7876,20240718,1,483,50,192.50000000000003,9625.000000000002,,,Confirmed
7877,20241012,1,483,50,192.50000000000003,9625.000000000002,7.0,20241019.0,Received
7878,20241217,1,483,50,192.50000000000003,9625.000000000002,7.0,20241224.0,Received
7879,20250218,1,483,50,192.50000000000003,9625.000000000002,10.0,20250228.0,Received
7880,20250422,1,483,50,192.50000000000003,9625.000000000002,5.0,20250427.0,Received
7881,20250710,1,483,50,192.50000000000003,9625.000000000002,10.0,20250720.0,Received
7882,20251004,1,483,50,192.50000000000003,9625.000000000002,10.0,20251014.0,Received
7883,20251204,1,483,50,192.50000000000003,9625.000000000002,7.0,20251211.0,Received
7884,20260124,1,483,50,192.50000000000003,9625.000000000002,8.0,20260201.0,Received
7885,20230217,1,484,50,192.50000000000003,9625.000000000002,10.0,20230227.0,Received
7886,20230404,1,484,50,192.50000000000003,9625.000000000002,,,Cancelled
7887,20230625,1,484,50,192.50000000000003,9625.000000000002,7.0,20230702.0,Received
7888,20230820,1,484,50,192.50000000000003,9625.000000000002,5.0,20230825.0,Received
7889,20231114,1,484,50,192.50000000000003,9625.000000000002,5.0,20231119.0,Received
7890,20240130,1,484,50,192.50000000000003,9625.000000000002,10.0,20240209.0,Received
7891,20240324,1,484,50,192.50000000000003,9625.000000000002,9.0,20240402.0,Received
7892,20240519,1,484,50,192.50000000000003,9625.000000000002,10.0,20240529.0,Received
7893,20240812,1,484,50,192.50000000000003,9625.000000000002,5.0,20240817.0,Received
7894,20241109,1,484,50,192.50000000000003,9625.000000000002,7.0,20241116.0,Received
7895,20250101,1,484,50,192.50000000000003,9625.000000000002,8.0,20250109.0,Received
7896,20250330,1,484,50,192.50000000000003,9625.000000000002,6.0,20250405.0,Received
7897,20250606,1,484,50,192.50000000000003,9625.000000000002,11.0,20250617.0,Received
7898,20250721,1,484,50,192.50000000000003,9625.000000000002,8.0,20250729.0,Received
7899,20251003,1,484,50,192.50000000000003,9625.000000000002,7.0,20251010.0,Received
7900,20251122,1,484,50,192.50000000000003,9625.000000000002,8.0,20251130.0,Received
7901,20230323,1,485,50,192.50000000000003,9625.000000000002,5.0,20230328.0,Received
7902,20230617,1,485,50,192.50000000000003,9625.000000000002,9.0,20230626.0,Received
7903,20230816,1,485,50,192.50000000000003,9625.000000000002,6.0,20230822.0,Received
7904,20231026,1,485,50,192.50000000000003,9625.000000000002,,,Confirmed
7905,20240108,1,485,50,192.50000000000003,9625.000000000002,7.0,20240115.0,Received
7906,20240321,1,485,50,192.50000000000003,9625.000000000002,11.0,20240401.0,Received
7907,20240529,1,485,50,192.50000000000003,9625.000000000002,5.0,20240603.0,Received
7908,20240725,1,485,50,192.50000000000003,9625.000000000002,8.0,20240802.0,Received
7909,20240927,1,485,50,192.50000000000003,9625.000000000002,9.0,20241006.0,Received
7910,20241205,1,485,50,192.50000000000003,9625.000000000002,,,Confirmed
7911,20250130,1,485,50,192.50000000000003,9625.000000000002,11.0,20250210.0,Received
7912,20250322,1,485,50,192.50000000000003,9625.000000000002,,,Confirmed
7913,20250508,1,485,50,192.50000000000003,9625.000000000002,11.0,20250519.0,Received
7914,20250717,1,485,50,192.50000000000003,9625.000000000002,10.0,20250727.0,Received
7915,20250913,1,485,50,192.50000000000003,9625.000000000002,8.0,20250921.0,Received
7916,20251125,1,485,50,192.50000000000003,9625.000000000002,10.0,20251205.0,Received
7917,20260129,1,485,50,192.50000000000003,9625.000000000002,8.0,20260206.0,Received
7918,20230307,1,486,50,192.50000000000003,9625.000000000002,,,Cancelled
7919,20230603,1,486,50,192.50000000000003,9625.000000000002,8.0,20230611.0,Received
7920,20230827,1,486,50,192.50000000000003,9625.000000000002,8.0,20230904.0,Received
7921,20231114,1,486,50,192.50000000000003,9625.000000000002,8.0,20231122.0,Received
7922,20240205,1,486,50,192.50000000000003,9625.000000000002,,,Confirmed
7923,20240404,1,486,50,192.50000000000003,9625.000000000002,,,Confirmed
7924,20240521,1,486,50,192.50000000000003,9625.000000000002,7.0,20240528.0,Received
7925,20240726,1,486,50,192.50000000000003,9625.000000000002,7.0,20240802.0,Received
7926,20240922,1,486,50,192.50000000000003,9625.000000000002,7.0,20240929.0,Received
7927,20241112,1,486,50,192.50000000000003,9625.000000000002,6.0,20241118.0,Received
7928,20250131,1,486,50,192.50000000000003,9625.000000000002,5.0,20250205.0,Received
7929,20250420,1,486,50,192.50000000000003,9625.000000000002,,,Cancelled
7930,20250610,1,486,50,192.50000000000003,9625.000000000002,9.0,20250619.0,Received
7931,20250828,1,486,50,192.50000000000003,9625.000000000002,9.0,20250906.0,Received
7932,20251014,1,486,50,192.50000000000003,9625.000000000002,6.0,20251020.0,Received
7933,20251230,1,486,50,192.50000000000003,9625.000000000002,6.0,20260105.0,Received
7934,20230331,1,487,50,192.50000000000003,9625.000000000002,8.0,20230408.0,Received
7935,20230625,1,487,50,192.50000000000003,9625.000000000002,5.0,20230630.0,Received
7936,20230815,1,487,50,192.50000000000003,9625.000000000002,10.0,20230825.0,Received
7937,20231014,1,487,50,192.50000000000003,9625.000000000002,8.0,20231022.0,Received
7938,20231221,1,487,50,192.50000000000003,9625.000000000002,8.0,20231229.0,Received
7939,20240220,1,487,50,192.50000000000003,9625.000000000002,,,Cancelled
7940,20240502,1,487,50,192.50000000000003,9625.000000000002,5.0,20240507.0,Received
7941,20240621,1,487,50,192.50000000000003,9625.000000000002,6.0,20240627.0,Received
7942,20240812,1,487,50,192.50000000000003,9625.000000000002,7.0,20240819.0,Received
7943,20241108,1,487,50,192.50000000000003,9625.000000000002,11.0,20241119.0,Received
7944,20250125,1,487,50,192.50000000000003,9625.000000000002,,,Cancelled
7945,20250313,1,487,50,192.50000000000003,9625.000000000002,9.0,20250322.0,Received
7946,20250605,1,487,50,192.50000000000003,9625.000000000002,10.0,20250615.0,Received
7947,20250807,1,487,50,192.50000000000003,9625.000000000002,8.0,20250815.0,Received
7948,20251003,1,487,50,192.50000000000003,9625.000000000002,,,Cancelled
7949,20251212,1,487,50,192.50000000000003,9625.000000000002,,,Cancelled
7950,20230323,1,488,50,192.50000000000003,9625.000000000002,11.0,20230403.0,Received
7951,20230620,1,488,50,192.50000000000003,9625.000000000002,9.0,20230629.0,Received
7952,20230807,1,488,50,192.50000000000003,9625.000000000002,5.0,20230812.0,Received
7953,20231031,1,488,50,192.50000000000003,9625.000000000002,11.0,20231111.0,Received
7954,20240122,1,488,50,192.50000000000003,9625.000000000002,10.0,20240201.0,Received
7955,20240410,1,488,50,192.50000000000003,9625.000000000002,6.0,20240416.0,Received
7956,20240617,1,488,50,192.50000000000003,9625.000000000002,9.0,20240626.0,Received
7957,20240906,1,488,50,192.50000000000003,9625.000000000002,6.0,20240912.0,Received
7958,20241125,1,488,50,192.50000000000003,9625.000000000002,7.0,20241202.0,Received
7959,20250211,1,488,50,192.50000000000003,9625.000000000002,6.0,20250217.0,Received
7960,20250408,1,488,50,192.50000000000003,9625.000000000002,6.0,20250414.0,Received
7961,20250609,1,488,50,192.50000000000003,9625.000000000002,8.0,20250617.0,Received
7962,20250801,1,488,50,192.50000000000003,9625.000000000002,9.0,20250810.0,Received
7963,20251015,1,488,50,192.50000000000003,9625.000000000002,5.0,20251020.0,Received
7964,20260105,1,488,50,192.50000000000003,9625.000000000002,5.0,20260110.0,Received
7965,20230314,1,489,50,192.50000000000003,9625.000000000002,7.0,20230321.0,Received
7966,20230501,1,489,50,192.50000000000003,9625.000000000002,5.0,20230506.0,Received
7967,20230711,1,489,50,192.50000000000003,9625.000000000002,10.0,20230721.0,Received
7968,20231003,1,489,50,192.50000000000003,9625.000000000002,10.0,20231013.0,Received
7969,20231217,1,489,50,192.50000000000003,9625.000000000002,8.0,20231225.0,Received
7970,20240314,1,489,50,192.50000000000003,9625.000000000002,6.0,20240320.0,Received
7971,20240501,1,489,50,192.50000000000003,9625.000000000002,11.0,20240512.0,Received
7972,20240716,1,489,50,192.50000000000003,9625.000000000002,5.0,20240721.0,Received
7973,20240831,1,489,50,192.50000000000003,9625.000000000002,6.0,20240906.0,Received
7974,20241117,1,489,50,192.50000000000003,9625.000000000002,10.0,20241127.0,Received
7975,20250108,1,489,50,192.50000000000003,9625.000000000002,10.0,20250118.0,Received
7976,20250228,1,489,50,192.50000000000003,9625.000000000002,8.0,20250308.0,Received
7977,20250523,1,489,50,192.50000000000003,9625.000000000002,11.0,20250603.0,Received
7978,20250709,1,489,50,192.50000000000003,9625.000000000002,9.0,20250718.0,Received
7979,20251003,1,489,50,192.50000000000003,9625.000000000002,10.0,20251013.0,Received
7980,20251206,1,489,50,192.50000000000003,9625.000000000002,,,Cancelled
7981,20260126,1,489,50,192.50000000000003,9625.000000000002,11.0,20260206.0,Received
7982,20230306,1,490,50,192.50000000000003,9625.000000000002,7.0,20230313.0,Received
7983,20230425,1,490,50,192.50000000000003,9625.000000000002,6.0,20230501.0,Received
7984,20230620,1,490,50,192.50000000000003,9625.000000000002,5.0,20230625.0,Received
7985,20230917,1,490,50,192.50000000000003,9625.000000000002,,,Confirmed
7986,20231119,1,490,50,192.50000000000003,9625.000000000002,10.0,20231129.0,Received
7987,20240208,1,490,50,192.50000000000003,9625.000000000002,5.0,20240213.0,Received
7988,20240410,1,490,50,192.50000000000003,9625.000000000002,,,Confirmed
7989,20240608,1,490,50,192.50000000000003,9625.000000000002,10.0,20240618.0,Received
7990,20240808,1,490,50,192.50000000000003,9625.000000000002,,,Confirmed
7991,20241103,1,490,50,192.50000000000003,9625.000000000002,9.0,20241112.0,Received
7992,20241222,1,490,50,192.50000000000003,9625.000000000002,6.0,20241228.0,Received
7993,20250305,1,490,50,192.50000000000003,9625.000000000002,5.0,20250310.0,Received
7994,20250518,1,490,50,192.50000000000003,9625.000000000002,7.0,20250525.0,Received
7995,20250728,1,490,50,192.50000000000003,9625.000000000002,5.0,20250802.0,Received
7996,20250913,1,490,50,192.50000000000003,9625.000000000002,,,Confirmed
7997,20251201,1,490,50,192.50000000000003,9625.000000000002,6.0,20251207.0,Received
7998,20260126,1,490,50,192.50000000000003,9625.000000000002,11.0,20260206.0,Received
7999,20230322,1,491,50,231.00000000000003,11550.000000000002,6.0,20230328.0,Received
8000,20230614,1,491,50,231.00000000000003,11550.000000000002,10.0,20230624.0,Received
8001,20230816,1,491,50,231.00000000000003,11550.000000000002,5.0,20230821.0,Received
8002,20231107,1,491,50,231.00000000000003,11550.000000000002,8.0,20231115.0,Received
8003,20240124,1,491,50,231.00000000000003,11550.000000000002,11.0,20240204.0,Received
8004,20240413,1,491,50,231.00000000000003,11550.000000000002,,,Cancelled
8005,20240626,1,491,50,231.00000000000003,11550.000000000002,5.0,20240701.0,Received
8006,20240823,1,491,50,231.00000000000003,11550.000000000002,7.0,20240830.0,Received
8007,20241025,1,491,50,231.00000000000003,11550.000000000002,9.0,20241103.0,Received
8008,20241231,1,491,50,231.00000000000003,11550.000000000002,8.0,20250108.0,Received
8009,20250303,1,491,50,231.00000000000003,11550.000000000002,10.0,20250313.0,Received
8010,20250427,1,491,50,231.00000000000003,11550.000000000002,10.0,20250507.0,Received
8011,20250708,1,491,50,231.00000000000003,11550.000000000002,5.0,20250713.0,Received
8012,20251001,1,491,50,231.00000000000003,11550.000000000002,8.0,20251009.0,Received
8013,20251125,1,491,50,231.00000000000003,11550.000000000002,8.0,20251203.0,Received
8014,20260111,1,491,50,231.00000000000003,11550.000000000002,,,Confirmed
8015,20230329,1,492,50,231.00000000000003,11550.000000000002,9.0,20230407.0,Received
8016,20230610,1,492,50,231.00000000000003,11550.000000000002,11.0,20230621.0,Received
8017,20230725,1,492,50,231.00000000000003,11550.000000000002,5.0,20230730.0,Received
8018,20230915,1,492,50,231.00000000000003,11550.000000000002,8.0,20230923.0,Received
8019,20231115,1,492,50,231.00000000000003,11550.000000000002,7.0,20231122.0,Received
8020,20240106,1,492,50,231.00000000000003,11550.000000000002,,,Confirmed
8021,20240331,1,492,50,231.00000000000003,11550.000000000002,7.0,20240407.0,Received
8022,20240623,1,492,50,231.00000000000003,11550.000000000002,11.0,20240704.0,Received
8023,20240831,1,492,50,231.00000000000003,11550.000000000002,6.0,20240906.0,Received
8024,20241123,1,492,50,231.00000000000003,11550.000000000002,7.0,20241130.0,Received
8025,20250117,1,492,50,231.00000000000003,11550.000000000002,7.0,20250124.0,Received
8026,20250327,1,492,50,231.00000000000003,11550.000000000002,5.0,20250401.0,Received
8027,20250521,1,492,50,231.00000000000003,11550.000000000002,5.0,20250526.0,Received
8028,20250818,1,492,50,231.00000000000003,11550.000000000002,8.0,20250826.0,Received
8029,20251103,1,492,50,231.00000000000003,11550.000000000002,11.0,20251114.0,Received
8030,20260114,1,492,50,231.00000000000003,11550.000000000002,10.0,20260124.0,Received
8031,20230326,1,493,50,231.00000000000003,11550.000000000002,6.0,20230401.0,Received
8032,20230512,1,493,50,231.00000000000003,11550.000000000002,11.0,20230523.0,Received
8033,20230727,1,493,50,231.00000000000003,11550.000000000002,9.0,20230805.0,Received
8034,20230913,1,493,50,231.00000000000003,11550.000000000002,7.0,20230920.0,Received
8035,20231106,1,493,50,231.00000000000003,11550.000000000002,11.0,20231117.0,Received
8036,20231227,1,493,50,231.00000000000003,11550.000000000002,9.0,20240105.0,Received
8037,20240312,1,493,50,231.00000000000003,11550.000000000002,11.0,20240323.0,Received
8038,20240520,1,493,50,231.00000000000003,11550.000000000002,11.0,20240531.0,Received
8039,20240803,1,493,50,231.00000000000003,11550.000000000002,,,Confirmed
8040,20241020,1,493,50,231.00000000000003,11550.000000000002,11.0,20241031.0,Received
8041,20241205,1,493,50,231.00000000000003,11550.000000000002,5.0,20241210.0,Received
8042,20250123,1,493,50,231.00000000000003,11550.000000000002,8.0,20250131.0,Received
8043,20250417,1,493,50,231.00000000000003,11550.000000000002,11.0,20250428.0,Received
8044,20250606,1,493,50,231.00000000000003,11550.000000000002,8.0,20250614.0,Received
8045,20250820,1,493,50,231.00000000000003,11550.000000000002,10.0,20250830.0,Received
8046,20251101,1,493,50,231.00000000000003,11550.000000000002,6.0,20251107.0,Received
8047,20260114,1,493,50,231.00000000000003,11550.000000000002,,,Cancelled
8048,20230328,1,494,50,231.00000000000003,11550.000000000002,6.0,20230403.0,Received
8049,20230618,1,494,50,231.00000000000003,11550.000000000002,7.0,20230625.0,Received
8050,20230824,1,494,50,231.00000000000003,11550.000000000002,6.0,20230830.0,Received
8051,20231109,1,494,50,231.00000000000003,11550.000000000002,,,Cancelled
8052,20240121,1,494,50,231.00000000000003,11550.000000000002,7.0,20240128.0,Received
8053,20240326,1,494,50,231.00000000000003,11550.000000000002,5.0,20240331.0,Received
8054,20240618,1,494,50,231.00000000000003,11550.000000000002,10.0,20240628.0,Received
8055,20240802,1,494,50,231.00000000000003,11550.000000000002,5.0,20240807.0,Received
8056,20241012,1,494,50,231.00000000000003,11550.000000000002,11.0,20241023.0,Received
8057,20250107,1,494,50,231.00000000000003,11550.000000000002,,,Confirmed
8058,20250224,1,494,50,231.00000000000003,11550.000000000002,7.0,20250303.0,Received
8059,20250515,1,494,50,231.00000000000003,11550.000000000002,8.0,20250523.0,Received
8060,20250703,1,494,50,231.00000000000003,11550.000000000002,11.0,20250714.0,Received
8061,20250906,1,494,50,231.00000000000003,11550.000000000002,,,Confirmed
8062,20251112,1,494,50,231.00000000000003,11550.000000000002,10.0,20251122.0,Received
8063,20260131,1,494,50,231.00000000000003,11550.000000000002,9.0,20260209.0,Received
8064,20230309,1,495,50,231.00000000000003,11550.000000000002,5.0,20230314.0,Received
8065,20230602,1,495,50,231.00000000000003,11550.000000000002,11.0,20230613.0,Received
8066,20230808,1,495,50,231.00000000000003,11550.000000000002,11.0,20230819.0,Received
8067,20231009,1,495,50,231.00000000000003,11550.000000000002,10.0,20231019.0,Received
8068,20240106,1,495,50,231.00000000000003,11550.000000000002,5.0,20240111.0,Received
8069,20240403,1,495,50,231.00000000000003,11550.000000000002,5.0,20240408.0,Received
8070,20240529,1,495,50,231.00000000000003,11550.000000000002,5.0,20240603.0,Received
8071,20240821,1,495,50,231.00000000000003,11550.000000000002,6.0,20240827.0,Received
8072,20241007,1,495,50,231.00000000000003,11550.000000000002,8.0,20241015.0,Received
8073,20241125,1,495,50,231.00000000000003,11550.000000000002,9.0,20241204.0,Received
8074,20250219,1,495,50,231.00000000000003,11550.000000000002,11.0,20250302.0,Received
8075,20250417,1,495,50,231.00000000000003,11550.000000000002,9.0,20250426.0,Received
8076,20250607,1,495,50,231.00000000000003,11550.000000000002,10.0,20250617.0,Received
8077,20250729,1,495,50,231.00000000000003,11550.000000000002,11.0,20250809.0,Received
8078,20251001,1,495,50,231.00000000000003,11550.000000000002,,,Cancelled
8079,20251124,1,495,50,231.00000000000003,11550.000000000002,7.0,20251201.0,Received
8080,20260110,1,495,50,231.00000000000003,11550.000000000002,11.0,20260121.0,Received
8081,20230224,1,496,50,231.00000000000003,11550.000000000002,7.0,20230303.0,Received
8082,20230511,1,496,50,231.00000000000003,11550.000000000002,11.0,20230522.0,Received
8083,20230727,1,496,50,231.00000000000003,11550.000000000002,7.0,20230803.0,Received
8084,20230930,1,496,50,231.00000000000003,11550.000000000002,11.0,20231011.0,Received
8085,20231119,1,496,50,231.00000000000003,11550.000000000002,11.0,20231130.0,Received
8086,20240110,1,496,50,231.00000000000003,11550.000000000002,5.0,20240115.0,Received
8087,20240322,1,496,50,231.00000000000003,11550.000000000002,6.0,20240328.0,Received
8088,20240528,1,496,50,231.00000000000003,11550.000000000002,,,Confirmed
8089,20240815,1,496,50,231.00000000000003,11550.000000000002,9.0,20240824.0,Received
8090,20241011,1,496,50,231.00000000000003,11550.000000000002,6.0,20241017.0,Received
8091,20250104,1,496,50,231.00000000000003,11550.000000000002,,,Cancelled
8092,20250316,1,496,50,231.00000000000003,11550.000000000002,9.0,20250325.0,Received
8093,20250523,1,496,50,231.00000000000003,11550.000000000002,7.0,20250530.0,Received
8094,20250816,1,496,50,231.00000000000003,11550.000000000002,,,Cancelled
8095,20251010,1,496,50,231.00000000000003,11550.000000000002,,,Confirmed
8096,20251204,1,496,50,231.00000000000003,11550.000000000002,5.0,20251209.0,Received
8097,20230320,1,497,50,231.00000000000003,11550.000000000002,9.0,20230329.0,Received
8098,20230531,1,497,50,231.00000000000003,11550.000000000002,8.0,20230608.0,Received
8099,20230730,1,497,50,231.00000000000003,11550.000000000002,9.0,20230808.0,Received
8100,20230924,1,497,50,231.00000000000003,11550.000000000002,6.0,20230930.0,Received
8101,20231220,1,497,50,231.00000000000003,11550.000000000002,6.0,20231226.0,Received
8102,20240219,1,497,50,231.00000000000003,11550.000000000002,9.0,20240228.0,Received
8103,20240406,1,497,50,231.00000000000003,11550.000000000002,6.0,20240412.0,Received
8104,20240625,1,497,50,231.00000000000003,11550.000000000002,9.0,20240704.0,Received
8105,20240831,1,497,50,231.00000000000003,11550.000000000002,9.0,20240909.0,Received
8106,20241117,1,497,50,231.00000000000003,11550.000000000002,11.0,20241128.0,Received
8107,20250204,1,497,50,231.00000000000003,11550.000000000002,11.0,20250215.0,Received
8108,20250322,1,497,50,231.00000000000003,11550.000000000002,11.0,20250402.0,Received
8109,20250526,1,497,50,231.00000000000003,11550.000000000002,6.0,20250601.0,Received
8110,20250813,1,497,50,231.00000000000003,11550.000000000002,,,Confirmed
8111,20251110,1,497,50,231.00000000000003,11550.000000000002,6.0,20251116.0,Received
8112,20260123,1,497,50,231.00000000000003,11550.000000000002,5.0,20260128.0,Received
8113,20230301,1,498,50,231.00000000000003,11550.000000000002,9.0,20230310.0,Received
8114,20230529,1,498,50,231.00000000000003,11550.000000000002,11.0,20230609.0,Received
8115,20230718,1,498,50,231.00000000000003,11550.000000000002,,,Confirmed
8116,20231001,1,498,50,231.00000000000003,11550.000000000002,9.0,20231010.0,Received
8117,20231126,1,498,50,231.00000000000003,11550.000000000002,,,Cancelled
8118,20240208,1,498,50,231.00000000000003,11550.000000000002,9.0,20240217.0,Received
8119,20240429,1,498,50,231.00000000000003,11550.000000000002,6.0,20240505.0,Received
8120,20240613,1,498,50,231.00000000000003,11550.000000000002,11.0,20240624.0,Received
8121,20240901,1,498,50,231.00000000000003,11550.000000000002,11.0,20240912.0,Received
8122,20241110,1,498,50,231.00000000000003,11550.000000000002,9.0,20241119.0,Received
8123,20250122,1,498,50,231.00000000000003,11550.000000000002,8.0,20250130.0,Received
8124,20250409,1,498,50,231.00000000000003,11550.000000000002,8.0,20250417.0,Received
8125,20250603,1,498,50,231.00000000000003,11550.000000000002,9.0,20250612.0,Received
8126,20250813,1,498,50,231.00000000000003,11550.000000000002,5.0,20250818.0,Received
8127,20251029,1,498,50,231.00000000000003,11550.000000000002,,,Confirmed
8128,20260122,1,498,50,231.00000000000003,11550.000000000002,,,Cancelled
8129,20230324,1,499,50,231.00000000000003,11550.000000000002,7.0,20230331.0,Received
8130,20230605,1,499,50,231.00000000000003,11550.000000000002,5.0,20230610.0,Received
8131,20230803,1,499,50,231.00000000000003,11550.000000000002,11.0,20230814.0,Received
8132,20231013,1,499,50,231.00000000000003,11550.000000000002,11.0,20231024.0,Received
8133,20231127,1,499,50,231.00000000000003,11550.000000000002,5.0,20231202.0,Received
8134,20240223,1,499,50,231.00000000000003,11550.000000000002,9.0,20240303.0,Received
8135,20240519,1,499,50,231.00000000000003,11550.000000000002,7.0,20240526.0,Received
8136,20240705,1,499,50,231.00000000000003,11550.000000000002,,,Cancelled
8137,20240927,1,499,50,231.00000000000003,11550.000000000002,11.0,20241008.0,Received
8138,20241119,1,499,50,231.00000000000003,11550.000000000002,6.0,20241125.0,Received
8139,20250107,1,499,50,231.00000000000003,11550.000000000002,6.0,20250113.0,Received
8140,20250228,1,499,50,231.00000000000003,11550.000000000002,7.0,20250307.0,Received
8141,20250518,1,499,50,231.00000000000003,11550.000000000002,11.0,20250529.0,Received
8142,20250712,1,499,50,231.00000000000003,11550.000000000002,7.0,20250719.0,Received
8143,20250913,1,499,50,231.00000000000003,11550.000000000002,11.0,20250924.0,Received
8144,20251208,1,499,50,231.00000000000003,11550.000000000002,6.0,20251214.0,Received
8145,20260123,1,499,50,231.00000000000003,11550.000000000002,8.0,20260131.0,Received
8146,20230216,1,500,50,231.00000000000003,11550.000000000002,11.0,20230227.0,Received
8147,20230402,1,500,50,231.00000000000003,11550.000000000002,9.0,20230411.0,Received
8148,20230609,1,500,50,231.00000000000003,11550.000000000002,10.0,20230619.0,Received
8149,20230823,1,500,50,231.00000000000003,11550.000000000002,8.0,20230831.0,Received
8150,20231118,1,500,50,231.00000000000003,11550.000000000002,9.0,20231127.0,Received
8151,20240215,1,500,50,231.00000000000003,11550.000000000002,8.0,20240223.0,Received
8152,20240413,1,500,50,231.00000000000003,11550.000000000002,,,Confirmed
8153,20240621,1,500,50,231.00000000000003,11550.000000000002,6.0,20240627.0,Received
8154,20240823,1,500,50,231.00000000000003,11550.000000000002,8.0,20240831.0,Received
8155,20241020,1,500,50,231.00000000000003,11550.000000000002,6.0,20241026.0,Received
8156,20241231,1,500,50,231.00000000000003,11550.000000000002,7.0,20250107.0,Received
8157,20250219,1,500,50,231.00000000000003,11550.000000000002,10.0,20250301.0,Received
8158,20250424,1,500,50,231.00000000000003,11550.000000000002,9.0,20250503.0,Received
8159,20250608,1,500,50,231.00000000000003,11550.000000000002,6.0,20250614.0,Received
8160,20250808,1,500,50,231.00000000000003,11550.000000000002,10.0,20250818.0,Received
8161,20250926,1,500,50,231.00000000000003,11550.000000000002,8.0,20251004.0,Received
8162,20251208,1,500,50,231.00000000000003,11550.000000000002,7.0,20251215.0,Received
8163,20260124,1,500,50,231.00000000000003,11550.000000000002,10.0,20260203.0,Received
8164,20230324,1,501,50,231.00000000000003,11550.000000000002,,,Cancelled
8165,20230609,1,501,50,231.00000000000003,11550.000000000002,10.0,20230619.0,Received
8166,20230825,1,501,50,231.00000000000003,11550.000000000002,6.0,20230831.0,Received
8167,20231107,1,501,50,231.00000000000003,11550.000000000002,6.0,20231113.0,Received
8168,20240103,1,501,50,231.00000000000003,11550.000000000002,5.0,20240108.0,Received
8169,20240217,1,501,50,231.00000000000003,11550.000000000002,8.0,20240225.0,Received
8170,20240426,1,501,50,231.00000000000003,11550.000000000002,10.0,20240506.0,Received
8171,20240709,1,501,50,231.00000000000003,11550.000000000002,7.0,20240716.0,Received
8172,20240829,1,501,50,231.00000000000003,11550.000000000002,9.0,20240907.0,Received
8173,20241118,1,501,50,231.00000000000003,11550.000000000002,6.0,20241124.0,Received
8174,20250125,1,501,50,231.00000000000003,11550.000000000002,,,Cancelled
8175,20250312,1,501,50,231.00000000000003,11550.000000000002,5.0,20250317.0,Received
8176,20250521,1,501,50,231.00000000000003,11550.000000000002,6.0,20250527.0,Received
8177,20250812,1,501,50,231.00000000000003,11550.000000000002,7.0,20250819.0,Received
8178,20251020,1,501,50,231.00000000000003,11550.000000000002,8.0,20251028.0,Received
8179,20251221,1,501,50,231.00000000000003,11550.000000000002,8.0,20251229.0,Received
8180,20230306,1,502,50,231.00000000000003,11550.000000000002,7.0,20230313.0,Received
8181,20230428,1,502,50,231.00000000000003,11550.000000000002,5.0,20230503.0,Received
8182,20230708,1,502,50,231.00000000000003,11550.000000000002,9.0,20230717.0,Received
8183,20230822,1,502,50,231.00000000000003,11550.000000000002,5.0,20230827.0,Received
8184,20231030,1,502,50,231.00000000000003,11550.000000000002,10.0,20231109.0,Received
8185,20240114,1,502,50,231.00000000000003,11550.000000000002,5.0,20240119.0,Received
8186,20240327,1,502,50,231.00000000000003,11550.000000000002,11.0,20240407.0,Received
8187,20240611,1,502,50,231.00000000000003,11550.000000000002,11.0,20240622.0,Received
8188,20240804,1,502,50,231.00000000000003,11550.000000000002,,,Confirmed
8189,20240927,1,502,50,231.00000000000003,11550.000000000002,9.0,20241006.0,Received
8190,20241211,1,502,50,231.00000000000003,11550.000000000002,7.0,20241218.0,Received
8191,20250127,1,502,50,231.00000000000003,11550.000000000002,9.0,20250205.0,Received
8192,20250414,1,502,50,231.00000000000003,11550.000000000002,5.0,20250419.0,Received
8193,20250623,1,502,50,231.00000000000003,11550.000000000002,10.0,20250703.0,Received
8194,20250914,1,502,50,231.00000000000003,11550.000000000002,7.0,20250921.0,Received
8195,20251108,1,502,50,231.00000000000003,11550.000000000002,7.0,20251115.0,Received
8196,20251225,1,502,50,231.00000000000003,11550.000000000002,7.0,20260101.0,Received
8197,20230315,1,503,50,231.00000000000003,11550.000000000002,,,Confirmed
8198,20230608,1,503,50,231.00000000000003,11550.000000000002,10.0,20230618.0,Received
8199,20230823,1,503,50,231.00000000000003,11550.000000000002,,,Cancelled
8200,20231013,1,503,50,231.00000000000003,11550.000000000002,10.0,20231023.0,Received
8201,20231130,1,503,50,231.00000000000003,11550.000000000002,5.0,20231205.0,Received
8202,20240202,1,503,50,231.00000000000003,11550.000000000002,,,Cancelled
8203,20240422,1,503,50,231.00000000000003,11550.000000000002,9.0,20240501.0,Received
8204,20240704,1,503,50,231.00000000000003,11550.000000000002,7.0,20240711.0,Received
8205,20240929,1,503,50,231.00000000000003,11550.000000000002,,,Cancelled
8206,20241121,1,503,50,231.00000000000003,11550.000000000002,10.0,20241201.0,Received
8207,20250118,1,503,50,231.00000000000003,11550.000000000002,7.0,20250125.0,Received
8208,20250326,1,503,50,231.00000000000003,11550.000000000002,7.0,20250402.0,Received
8209,20250524,1,503,50,231.00000000000003,11550.000000000002,,,Cancelled
8210,20250805,1,503,50,231.00000000000003,11550.000000000002,9.0,20250814.0,Received
8211,20251003,1,503,50,231.00000000000003,11550.000000000002,11.0,20251014.0,Received
8212,20251118,1,503,50,231.00000000000003,11550.000000000002,8.0,20251126.0,Received
8213,20260122,1,503,50,231.00000000000003,11550.000000000002,7.0,20260129.0,Received
8214,20230319,1,504,50,231.00000000000003,11550.000000000002,9.0,20230328.0,Received
8215,20230604,1,504,50,231.00000000000003,11550.000000000002,6.0,20230610.0,Received
8216,20230821,1,504,50,231.00000000000003,11550.000000000002,10.0,20230831.0,Received
8217,20231011,1,504,50,231.00000000000003,11550.000000000002,8.0,20231019.0,Received
8218,20240103,1,504,50,231.00000000000003,11550.000000000002,5.0,20240108.0,Received
8219,20240306,1,504,50,231.00000000000003,11550.000000000002,,,Confirmed
8220,20240421,1,504,50,231.00000000000003,11550.000000000002,9.0,20240430.0,Received
8221,20240712,1,504,50,231.00000000000003,11550.000000000002,8.0,20240720.0,Received
8222,20241004,1,504,50,231.00000000000003,11550.000000000002,11.0,20241015.0,Received
8223,20241230,1,504,50,231.00000000000003,11550.000000000002,10.0,20250109.0,Received
8224,20250316,1,504,50,231.00000000000003,11550.000000000002,11.0,20250327.0,Received
8225,20250611,1,504,50,231.00000000000003,11550.000000000002,8.0,20250619.0,Received
8226,20250727,1,504,50,231.00000000000003,11550.000000000002,7.0,20250803.0,Received
8227,20251009,1,504,50,231.00000000000003,11550.000000000002,8.0,20251017.0,Received
8228,20260102,1,504,50,231.00000000000003,11550.000000000002,7.0,20260109.0,Received
8229,20230314,1,505,50,231.00000000000003,11550.000000000002,8.0,20230322.0,Received
8230,20230501,1,505,50,231.00000000000003,11550.000000000002,8.0,20230509.0,Received
8231,20230722,1,505,50,231.00000000000003,11550.000000000002,6.0,20230728.0,Received
8232,20231006,1,505,50,231.00000000000003,11550.000000000002,7.0,20231013.0,Received
8233,20231221,1,505,50,231.00000000000003,11550.000000000002,7.0,20231228.0,Received
8234,20240222,1,505,50,231.00000000000003,11550.000000000002,9.0,20240302.0,Received
8235,20240413,1,505,50,231.00000000000003,11550.000000000002,11.0,20240424.0,Received
8236,20240531,1,505,50,231.00000000000003,11550.000000000002,5.0,20240605.0,Received
8237,20240816,1,505,50,231.00000000000003,11550.000000000002,8.0,20240824.0,Received
8238,20241013,1,505,50,231.00000000000003,11550.000000000002,8.0,20241021.0,Received
8239,20241214,1,505,50,231.00000000000003,11550.000000000002,11.0,20241225.0,Received
8240,20250212,1,505,50,231.00000000000003,11550.000000000002,7.0,20250219.0,Received
8241,20250407,1,505,50,231.00000000000003,11550.000000000002,10.0,20250417.0,Received
8242,20250522,1,505,50,231.00000000000003,11550.000000000002,10.0,20250601.0,Received
8243,20250726,1,505,50,231.00000000000003,11550.000000000002,8.0,20250803.0,Received
8244,20251001,1,505,50,231.00000000000003,11550.000000000002,6.0,20251007.0,Received
8245,20251221,1,505,50,231.00000000000003,11550.000000000002,7.0,20251228.0,Received
8246,20230328,1,506,50,355.07409481632266,17753.704740816134,6.0,20230403.0,Received
8247,20230526,1,506,50,355.07409481632266,17753.704740816134,9.0,20230604.0,Received
8248,20230811,1,506,50,355.07409481632266,17753.704740816134,11.0,20230822.0,Received
8249,20231020,1,506,50,355.07409481632266,17753.704740816134,6.0,20231026.0,Received
8250,20240103,1,506,50,355.07409481632266,17753.704740816134,5.0,20240108.0,Received
8251,20240310,1,506,50,355.07409481632266,17753.704740816134,6.0,20240316.0,Received
8252,20240513,1,506,50,355.07409481632266,17753.704740816134,10.0,20240523.0,Received
8253,20240703,1,506,50,355.07409481632266,17753.704740816134,5.0,20240708.0,Received
8254,20240929,1,506,50,355.07409481632266,17753.704740816134,10.0,20241009.0,Received
8255,20241213,1,506,50,355.07409481632266,17753.704740816134,6.0,20241219.0,Received
8256,20250222,1,506,50,355.07409481632266,17753.704740816134,11.0,20250305.0,Received
8257,20250513,1,506,50,355.07409481632266,17753.704740816134,9.0,20250522.0,Received
8258,20250627,1,506,50,355.07409481632266,17753.704740816134,10.0,20250707.0,Received
8259,20250825,1,506,50,355.07409481632266,17753.704740816134,10.0,20250904.0,Received
8260,20251120,1,506,50,355.07409481632266,17753.704740816134,6.0,20251126.0,Received
8261,20260123,1,506,50,355.07409481632266,17753.704740816134,10.0,20260202.0,Received
8262,20230312,1,507,50,274.45000000000005,13722.500000000002,6.0,20230318.0,Received
8263,20230427,1,507,50,274.45000000000005,13722.500000000002,11.0,20230508.0,Received
8264,20230623,1,507,50,274.45000000000005,13722.500000000002,5.0,20230628.0,Received
8265,20230811,1,507,50,274.45000000000005,13722.500000000002,9.0,20230820.0,Received
8266,20231031,1,507,50,274.45000000000005,13722.500000000002,,,Cancelled
8267,20231221,1,507,50,274.45000000000005,13722.500000000002,9.0,20231230.0,Received
8268,20240302,1,507,50,274.45000000000005,13722.500000000002,10.0,20240312.0,Received
8269,20240520,1,507,50,274.45000000000005,13722.500000000002,6.0,20240526.0,Received
8270,20240807,1,507,50,274.45000000000005,13722.500000000002,,,Confirmed
8271,20241007,1,507,50,274.45000000000005,13722.500000000002,6.0,20241013.0,Received
8272,20241126,1,507,50,274.45000000000005,13722.500000000002,9.0,20241205.0,Received
8273,20250130,1,507,50,274.45000000000005,13722.500000000002,11.0,20250210.0,Received
8274,20250323,1,507,50,274.45000000000005,13722.500000000002,6.0,20250329.0,Received
8275,20250519,1,507,50,274.45000000000005,13722.500000000002,6.0,20250525.0,Received
8276,20250729,1,507,50,274.45000000000005,13722.500000000002,6.0,20250804.0,Received
8277,20250929,1,507,50,274.45000000000005,13722.500000000002,9.0,20251008.0,Received
8278,20251220,1,507,50,274.45000000000005,13722.500000000002,8.0,20251228.0,Received
8279,20230215,1,508,50,274.45000000000005,13722.500000000002,,,Confirmed
8280,20230415,1,508,50,274.45000000000005,13722.500000000002,10.0,20230425.0,Received
8281,20230613,1,508,50,274.45000000000005,13722.500000000002,6.0,20230619.0,Received
8282,20230808,1,508,50,274.45000000000005,13722.500000000002,,,Confirmed
8283,20230923,1,508,50,274.45000000000005,13722.500000000002,6.0,20230929.0,Received
8284,20231124,1,508,50,274.45000000000005,13722.500000000002,6.0,20231130.0,Received
8285,20240113,1,508,50,274.45000000000005,13722.500000000002,5.0,20240118.0,Received
8286,20240329,1,508,50,274.45000000000005,13722.500000000002,6.0,20240404.0,Received
8287,20240518,1,508,50,274.45000000000005,13722.500000000002,,,Cancelled
8288,20240715,1,508,50,274.45000000000005,13722.500000000002,8.0,20240723.0,Received
8289,20240925,1,508,50,274.45000000000005,13722.500000000002,7.0,20241002.0,Received
8290,20241125,1,508,50,274.45000000000005,13722.500000000002,11.0,20241206.0,Received
8291,20250110,1,508,50,274.45000000000005,13722.500000000002,5.0,20250115.0,Received
8292,20250305,1,508,50,274.45000000000005,13722.500000000002,9.0,20250314.0,Received
8293,20250503,1,508,50,274.45000000000005,13722.500000000002,6.0,20250509.0,Received
8294,20250729,1,508,50,274.45000000000005,13722.500000000002,6.0,20250804.0,Received
8295,20250929,1,508,50,274.45000000000005,13722.500000000002,,,Confirmed
8296,20251126,1,508,50,274.45000000000005,13722.500000000002,,,Cancelled
8297,20230322,1,509,50,274.45000000000005,13722.500000000002,7.0,20230329.0,Received
8298,20230601,1,509,50,274.45000000000005,13722.500000000002,9.0,20230610.0,Received
8299,20230802,1,509,50,274.45000000000005,13722.500000000002,9.0,20230811.0,Received
8300,20231008,1,509,50,274.45000000000005,13722.500000000002,10.0,20231018.0,Received
8301,20231202,1,509,50,274.45000000000005,13722.500000000002,6.0,20231208.0,Received
8302,20240207,1,509,50,274.45000000000005,13722.500000000002,6.0,20240213.0,Received
8303,20240416,1,509,50,274.45000000000005,13722.500000000002,5.0,20240421.0,Received
8304,20240617,1,509,50,274.45000000000005,13722.500000000002,10.0,20240627.0,Received
8305,20240912,1,509,50,274.45000000000005,13722.500000000002,5.0,20240917.0,Received
8306,20241031,1,509,50,274.45000000000005,13722.500000000002,7.0,20241107.0,Received
8307,20241225,1,509,50,274.45000000000005,13722.500000000002,6.0,20241231.0,Received
8308,20250221,1,509,50,274.45000000000005,13722.500000000002,9.0,20250302.0,Received
8309,20250511,1,509,50,274.45000000000005,13722.500000000002,6.0,20250517.0,Received
8310,20250707,1,509,50,274.45000000000005,13722.500000000002,11.0,20250718.0,Received
8311,20250904,1,509,50,274.45000000000005,13722.500000000002,8.0,20250912.0,Received
8312,20251021,1,509,50,274.45000000000005,13722.500000000002,11.0,20251101.0,Received
8313,20260112,1,509,50,274.45000000000005,13722.500000000002,9.0,20260121.0,Received
8314,20230221,1,510,50,274.45000000000005,13722.500000000002,,,Cancelled
8315,20230504,1,510,50,274.45000000000005,13722.500000000002,9.0,20230513.0,Received
8316,20230716,1,510,50,274.45000000000005,13722.500000000002,6.0,20230722.0,Received
8317,20230903,1,510,50,274.45000000000005,13722.500000000002,6.0,20230909.0,Received
8318,20231123,1,510,50,274.45000000000005,13722.500000000002,7.0,20231130.0,Received
8319,20240201,1,510,50,274.45000000000005,13722.500000000002,5.0,20240206.0,Received
8320,20240406,1,510,50,274.45000000000005,13722.500000000002,8.0,20240414.0,Received
8321,20240615,1,510,50,274.45000000000005,13722.500000000002,6.0,20240621.0,Received
8322,20240901,1,510,50,274.45000000000005,13722.500000000002,11.0,20240912.0,Received
8323,20241126,1,510,50,274.45000000000005,13722.500000000002,9.0,20241205.0,Received
8324,20250210,1,510,50,274.45000000000005,13722.500000000002,9.0,20250219.0,Received
8325,20250410,1,510,50,274.45000000000005,13722.500000000002,7.0,20250417.0,Received
8326,20250624,1,510,50,274.45000000000005,13722.500000000002,6.0,20250630.0,Received
8327,20250812,1,510,50,274.45000000000005,13722.500000000002,11.0,20250823.0,Received
8328,20251028,1,510,50,274.45000000000005,13722.500000000002,9.0,20251106.0,Received
8329,20251223,1,510,50,274.45000000000005,13722.500000000002,9.0,20260101.0,Received
8330,20230317,1,511,50,462.52136599320585,23126.06829966029,,,Cancelled
8331,20230510,1,511,50,462.52136599320585,23126.06829966029,5.0,20230515.0,Received
8332,20230731,1,511,50,462.52136599320585,23126.06829966029,10.0,20230810.0,Received
8333,20231003,1,511,50,462.52136599320585,23126.06829966029,7.0,20231010.0,Received
8334,20231220,1,511,50,462.52136599320585,23126.06829966029,5.0,20231225.0,Received
8335,20240223,1,511,50,462.52136599320585,23126.06829966029,7.0,20240301.0,Received
8336,20240501,1,511,50,462.52136599320585,23126.06829966029,9.0,20240510.0,Received
8337,20240707,1,511,50,462.52136599320585,23126.06829966029,8.0,20240715.0,Received
8338,20240912,1,511,50,462.52136599320585,23126.06829966029,5.0,20240917.0,Received
8339,20241124,1,511,50,462.52136599320585,23126.06829966029,9.0,20241203.0,Received
8340,20250207,1,511,50,462.52136599320585,23126.06829966029,11.0,20250218.0,Received
8341,20250408,1,511,50,462.52136599320585,23126.06829966029,7.0,20250415.0,Received
8342,20250704,1,511,50,462.52136599320585,23126.06829966029,11.0,20250715.0,Received
8343,20250915,1,511,50,462.52136599320585,23126.06829966029,6.0,20250921.0,Received
8344,20251111,1,511,50,462.52136599320585,23126.06829966029,5.0,20251116.0,Received
8345,20260129,1,511,50,462.52136599320585,23126.06829966029,6.0,20260204.0,Received
8346,20230323,1,512,50,357.50000000000006,17875.000000000004,8.0,20230331.0,Received
8347,20230604,1,512,50,357.50000000000006,17875.000000000004,9.0,20230613.0,Received
8348,20230818,1,512,50,357.50000000000006,17875.000000000004,11.0,20230829.0,Received
8349,20231009,1,512,50,357.50000000000006,17875.000000000004,7.0,20231016.0,Received
8350,20231213,1,512,50,357.50000000000006,17875.000000000004,9.0,20231222.0,Received
8351,20240214,1,512,50,357.50000000000006,17875.000000000004,7.0,20240221.0,Received
8352,20240428,1,512,50,357.50000000000006,17875.000000000004,6.0,20240504.0,Received
8353,20240708,1,512,50,357.50000000000006,17875.000000000004,10.0,20240718.0,Received
8354,20240901,1,512,50,357.50000000000006,17875.000000000004,7.0,20240908.0,Received
8355,20241026,1,512,50,357.50000000000006,17875.000000000004,5.0,20241031.0,Received
8356,20250109,1,512,50,357.50000000000006,17875.000000000004,6.0,20250115.0,Received
8357,20250306,1,512,50,357.50000000000006,17875.000000000004,8.0,20250314.0,Received
8358,20250424,1,512,50,357.50000000000006,17875.000000000004,6.0,20250430.0,Received
8359,20250720,1,512,50,357.50000000000006,17875.000000000004,9.0,20250729.0,Received
8360,20251010,1,512,50,357.50000000000006,17875.000000000004,5.0,20251015.0,Received
8361,20251204,1,512,50,357.50000000000006,17875.000000000004,6.0,20251210.0,Received
8362,20230331,1,513,50,357.50000000000006,17875.000000000004,,,Confirmed
8363,20230612,1,513,50,357.50000000000006,17875.000000000004,7.0,20230619.0,Received
8364,20230907,1,513,50,357.50000000000006,17875.000000000004,10.0,20230917.0,Received
8365,20231031,1,513,50,357.50000000000006,17875.000000000004,6.0,20231106.0,Received
8366,20240116,1,513,50,357.50000000000006,17875.000000000004,6.0,20240122.0,Received
8367,20240330,1,513,50,357.50000000000006,17875.000000000004,7.0,20240406.0,Received
8368,20240522,1,513,50,357.50000000000006,17875.000000000004,,,Confirmed
8369,20240720,1,513,50,357.50000000000006,17875.000000000004,,,Confirmed
8370,20241009,1,513,50,357.50000000000006,17875.000000000004,11.0,20241020.0,Received
8371,20241231,1,513,50,357.50000000000006,17875.000000000004,10.0,20250110.0,Received
8372,20250319,1,513,50,357.50000000000006,17875.000000000004,11.0,20250330.0,Received
8373,20250518,1,513,50,357.50000000000006,17875.000000000004,7.0,20250525.0,Received
8374,20250708,1,513,50,357.50000000000006,17875.000000000004,10.0,20250718.0,Received
8375,20250930,1,513,50,357.50000000000006,17875.000000000004,6.0,20251006.0,Received
8376,20251114,1,513,50,357.50000000000006,17875.000000000004,8.0,20251122.0,Received
8377,20260101,1,513,50,357.50000000000006,17875.000000000004,5.0,20260106.0,Received
8378,20230330,1,514,50,357.50000000000006,17875.000000000004,5.0,20230404.0,Received
8379,20230520,1,514,50,357.50000000000006,17875.000000000004,10.0,20230530.0,Received
8380,20230815,1,514,50,357.50000000000006,17875.000000000004,6.0,20230821.0,Received
8381,20231103,1,514,50,357.50000000000006,17875.000000000004,8.0,20231111.0,Received
8382,20240114,1,514,50,357.50000000000006,17875.000000000004,11.0,20240125.0,Received
8383,20240401,1,514,50,357.50000000000006,17875.000000000004,8.0,20240409.0,Received
8384,20240611,1,514,50,357.50000000000006,17875.000000000004,7.0,20240618.0,Received
8385,20240803,1,514,50,357.50000000000006,17875.000000000004,11.0,20240814.0,Received
8386,20241001,1,514,50,357.50000000000006,17875.000000000004,8.0,20241009.0,Received
8387,20241215,1,514,50,357.50000000000006,17875.000000000004,9.0,20241224.0,Received
8388,20250309,1,514,50,357.50000000000006,17875.000000000004,11.0,20250320.0,Received
8389,20250604,1,514,50,357.50000000000006,17875.000000000004,6.0,20250610.0,Received
8390,20250823,1,514,50,357.50000000000006,17875.000000000004,10.0,20250902.0,Received
8391,20251102,1,514,50,357.50000000000006,17875.000000000004,10.0,20251112.0,Received
8392,20260102,1,514,50,357.50000000000006,17875.000000000004,8.0,20260110.0,Received
8393,20230305,1,515,50,357.50000000000006,17875.000000000004,11.0,20230316.0,Received
8394,20230526,1,515,50,357.50000000000006,17875.000000000004,10.0,20230605.0,Received
8395,20230723,1,515,50,357.50000000000006,17875.000000000004,6.0,20230729.0,Received
8396,20231013,1,515,50,357.50000000000006,17875.000000000004,10.0,20231023.0,Received
8397,20240107,1,515,50,357.50000000000006,17875.000000000004,,,Cancelled
8398,20240310,1,515,50,357.50000000000006,17875.000000000004,11.0,20240321.0,Received
8399,20240428,1,515,50,357.50000000000006,17875.000000000004,6.0,20240504.0,Received
8400,20240717,1,515,50,357.50000000000006,17875.000000000004,7.0,20240724.0,Received
8401,20240928,1,515,50,357.50000000000006,17875.000000000004,6.0,20241004.0,Received
8402,20241126,1,515,50,357.50000000000006,17875.000000000004,10.0,20241206.0,Received
8403,20250131,1,515,50,357.50000000000006,17875.000000000004,,,Confirmed
8404,20250425,1,515,50,357.50000000000006,17875.000000000004,11.0,20250506.0,Received
8405,20250629,1,515,50,357.50000000000006,17875.000000000004,8.0,20250707.0,Received
8406,20250813,1,515,50,357.50000000000006,17875.000000000004,11.0,20250824.0,Received
8407,20250930,1,515,50,357.50000000000006,17875.000000000004,,,Cancelled
8408,20251126,1,515,50,357.50000000000006,17875.000000000004,8.0,20251204.0,Received
8409,20260119,1,515,50,357.50000000000006,17875.000000000004,8.0,20260127.0,Received
8410,20230302,1,516,50,391.3642327634819,19568.211638174093,7.0,20230309.0,Received
8411,20230517,1,516,50,391.3642327634819,19568.211638174093,6.0,20230523.0,Received
8412,20230718,1,516,50,391.3642327634819,19568.211638174093,7.0,20230725.0,Received
8413,20230913,1,516,50,391.3642327634819,19568.211638174093,10.0,20230923.0,Received
8414,20231121,1,516,50,391.3642327634819,19568.211638174093,8.0,20231129.0,Received
8415,20240105,1,516,50,391.3642327634819,19568.211638174093,7.0,20240112.0,Received
8416,20240317,1,516,50,391.3642327634819,19568.211638174093,5.0,20240322.0,Received
8417,20240606,1,516,50,391.3642327634819,19568.211638174093,,,Confirmed
8418,20240808,1,516,50,391.3642327634819,19568.211638174093,,,Confirmed
8419,20241021,1,516,50,391.3642327634819,19568.211638174093,5.0,20241026.0,Received
8420,20250103,1,516,50,391.3642327634819,19568.211638174093,,,Confirmed
8421,20250317,1,516,50,391.3642327634819,19568.211638174093,7.0,20250324.0,Received
8422,20250603,1,516,50,391.3642327634819,19568.211638174093,11.0,20250614.0,Received
8423,20250723,1,516,50,391.3642327634819,19568.211638174093,8.0,20250731.0,Received
8424,20251008,1,516,50,391.3642327634819,19568.211638174093,8.0,20251016.0,Received
8425,20251213,1,516,50,391.3642327634819,19568.211638174093,9.0,20251222.0,Received
8426,20260128,1,516,50,391.3642327634819,19568.211638174093,8.0,20260205.0,Received
8427,20230307,1,517,50,302.5,15125.0,6.0,20230313.0,Received
8428,20230512,1,517,50,302.5,15125.0,5.0,20230517.0,Received
8429,20230801,1,517,50,302.5,15125.0,,,Cancelled
8430,20231003,1,517,50,302.5,15125.0,10.0,20231013.0,Received
8431,20231124,1,517,50,302.5,15125.0,11.0,20231205.0,Received
8432,20240220,1,517,50,302.5,15125.0,6.0,20240226.0,Received
8433,20240417,1,517,50,302.5,15125.0,5.0,20240422.0,Received
8434,20240605,1,517,50,302.5,15125.0,6.0,20240611.0,Received
8435,20240815,1,517,50,302.5,15125.0,9.0,20240824.0,Received
8436,20241103,1,517,50,302.5,15125.0,5.0,20241108.0,Received
8437,20250127,1,517,50,302.5,15125.0,9.0,20250205.0,Received
8438,20250426,1,517,50,302.5,15125.0,11.0,20250507.0,Received
8439,20250613,1,517,50,302.5,15125.0,10.0,20250623.0,Received
8440,20250825,1,517,50,302.5,15125.0,10.0,20250904.0,Received
8441,20251021,1,517,50,302.5,15125.0,5.0,20251026.0,Received
8442,20260103,1,517,50,302.5,15125.0,5.0,20260108.0,Received
8443,20230313,1,518,50,302.5,15125.0,6.0,20230319.0,Received
8444,20230610,1,518,50,302.5,15125.0,,,Confirmed
8445,20230824,1,518,50,302.5,15125.0,6.0,20230830.0,Received
8446,20231017,1,518,50,302.5,15125.0,10.0,20231027.0,Received
8447,20231229,1,518,50,302.5,15125.0,8.0,20240106.0,Received
8448,20240307,1,518,50,302.5,15125.0,10.0,20240317.0,Received
8449,20240509,1,518,50,302.5,15125.0,8.0,20240517.0,Received
8450,20240705,1,518,50,302.5,15125.0,10.0,20240715.0,Received
8451,20240820,1,518,50,302.5,15125.0,8.0,20240828.0,Received
8452,20241110,1,518,50,302.5,15125.0,6.0,20241116.0,Received
8453,20250104,1,518,50,302.5,15125.0,10.0,20250114.0,Received
8454,20250317,1,518,50,302.5,15125.0,6.0,20250323.0,Received
8455,20250522,1,518,50,302.5,15125.0,5.0,20250527.0,Received
8456,20250730,1,518,50,302.5,15125.0,10.0,20250809.0,Received
8457,20250921,1,518,50,302.5,15125.0,9.0,20250930.0,Received
8458,20251211,1,518,50,302.5,15125.0,11.0,20251222.0,Received
8459,20230313,1,519,50,302.5,15125.0,8.0,20230321.0,Received
8460,20230506,1,519,50,302.5,15125.0,7.0,20230513.0,Received
8461,20230621,1,519,50,302.5,15125.0,,,Cancelled
8462,20230805,1,519,50,302.5,15125.0,,,Confirmed
8463,20230923,1,519,50,302.5,15125.0,8.0,20231001.0,Received
8464,20231219,1,519,50,302.5,15125.0,10.0,20231229.0,Received
8465,20240207,1,519,50,302.5,15125.0,9.0,20240216.0,Received
8466,20240505,1,519,50,302.5,15125.0,8.0,20240513.0,Received
8467,20240717,1,519,50,302.5,15125.0,,,Cancelled
8468,20240907,1,519,50,302.5,15125.0,10.0,20240917.0,Received
8469,20241129,1,519,50,302.5,15125.0,8.0,20241207.0,Received
8470,20250219,1,519,50,302.5,15125.0,7.0,20250226.0,Received
8471,20250420,1,519,50,302.5,15125.0,11.0,20250501.0,Received
8472,20250610,1,519,50,302.5,15125.0,10.0,20250620.0,Received
8473,20250808,1,519,50,302.5,15125.0,5.0,20250813.0,Received
8474,20251024,1,519,50,302.5,15125.0,11.0,20251104.0,Received
8475,20251213,1,519,50,302.5,15125.0,5.0,20251218.0,Received
8476,20230329,1,520,50,302.5,15125.0,,,Cancelled
8477,20230528,1,520,50,302.5,15125.0,7.0,20230604.0,Received
8478,20230818,1,520,50,302.5,15125.0,6.0,20230824.0,Received
8479,20231031,1,520,50,302.5,15125.0,11.0,20231111.0,Received
8480,20231228,1,520,50,302.5,15125.0,8.0,20240105.0,Received
8481,20240226,1,520,50,302.5,15125.0,11.0,20240308.0,Received
8482,20240502,1,520,50,302.5,15125.0,7.0,20240509.0,Received
8483,20240716,1,520,50,302.5,15125.0,,,Cancelled
8484,20240920,1,520,50,302.5,15125.0,9.0,20240929.0,Received
8485,20241106,1,520,50,302.5,15125.0,8.0,20241114.0,Received
8486,20250126,1,520,50,302.5,15125.0,9.0,20250204.0,Received
8487,20250417,1,520,50,302.5,15125.0,6.0,20250423.0,Received
8488,20250605,1,520,50,302.5,15125.0,,,Confirmed
8489,20250805,1,520,50,302.5,15125.0,,,Cancelled
8490,20251030,1,520,50,302.5,15125.0,8.0,20251107.0,Received
8491,20260108,1,520,50,302.5,15125.0,5.0,20260113.0,Received
8492,20230312,1,521,58,462.52136599320585,26826.23922760594,6.0,20230318.0,Received
8493,20230426,1,521,58,462.52136599320585,26826.23922760594,11.0,20230507.0,Received
8494,20230626,1,521,58,462.52136599320585,26826.23922760594,5.0,20230701.0,Received
8495,20230901,1,521,58,462.52136599320585,26826.23922760594,8.0,20230909.0,Received
8496,20231017,1,521,58,462.52136599320585,26826.23922760594,10.0,20231027.0,Received
8497,20240108,1,521,58,462.52136599320585,26826.23922760594,,,Cancelled
8498,20240306,1,521,58,462.52136599320585,26826.23922760594,9.0,20240315.0,Received
8499,20240429,1,521,58,462.52136599320585,26826.23922760594,11.0,20240510.0,Received
8500,20240710,1,521,58,462.52136599320585,26826.23922760594,10.0,20240720.0,Received
8501,20240917,1,521,58,462.52136599320585,26826.23922760594,8.0,20240925.0,Received
8502,20241207,1,521,58,462.52136599320585,26826.23922760594,9.0,20241216.0,Received
8503,20250201,1,521,58,462.52136599320585,26826.23922760594,11.0,20250212.0,Received
8504,20250326,1,521,58,462.52136599320585,26826.23922760594,5.0,20250331.0,Received
8505,20250517,1,521,58,462.52136599320585,26826.23922760594,7.0,20250524.0,Received
8506,20250701,1,521,58,462.52136599320585,26826.23922760594,6.0,20250707.0,Received
8507,20250819,1,521,58,462.52136599320585,26826.23922760594,9.0,20250828.0,Received
8508,20251025,1,521,58,462.52136599320585,26826.23922760594,5.0,20251030.0,Received
8509,20251222,1,521,58,462.52136599320585,26826.23922760594,7.0,20251229.0,Received
8510,20230311,1,522,50,357.50000000000006,17875.000000000004,10.0,20230321.0,Received
8511,20230522,1,522,50,357.50000000000006,17875.000000000004,5.0,20230527.0,Received
8512,20230706,1,522,50,357.50000000000006,17875.000000000004,11.0,20230717.0,Received
8513,20230929,1,522,50,357.50000000000006,17875.000000000004,,,Confirmed
8514,20231206,1,522,50,357.50000000000006,17875.000000000004,9.0,20231215.0,Received
8515,20240128,1,522,50,357.50000000000006,17875.000000000004,5.0,20240202.0,Received
8516,20240317,1,522,50,357.50000000000006,17875.000000000004,8.0,20240325.0,Received
8517,20240510,1,522,50,357.50000000000006,17875.000000000004,8.0,20240518.0,Received
8518,20240628,1,522,50,357.50000000000006,17875.000000000004,,,Confirmed
8519,20240912,1,522,50,357.50000000000006,17875.000000000004,10.0,20240922.0,Received
8520,20241117,1,522,50,357.50000000000006,17875.000000000004,7.0,20241124.0,Received
8521,20250212,1,522,50,357.50000000000006,17875.000000000004,10.0,20250222.0,Received
8522,20250420,1,522,50,357.50000000000006,17875.000000000004,10.0,20250430.0,Received
8523,20250612,1,522,50,357.50000000000006,17875.000000000004,11.0,20250623.0,Received
8524,20250819,1,522,50,357.50000000000006,17875.000000000004,10.0,20250829.0,Received
8525,20251009,1,522,50,357.50000000000006,17875.000000000004,9.0,20251018.0,Received
8526,20251230,1,522,50,357.50000000000006,17875.000000000004,5.0,20260104.0,Received
8527,20230228,1,523,50,357.50000000000006,17875.000000000004,9.0,20230309.0,Received
8528,20230429,1,523,50,357.50000000000006,17875.000000000004,5.0,20230504.0,Received
8529,20230708,1,523,50,357.50000000000006,17875.000000000004,,,Confirmed
8530,20230823,1,523,50,357.50000000000006,17875.000000000004,11.0,20230903.0,Received
8531,20231009,1,523,50,357.50000000000006,17875.000000000004,8.0,20231017.0,Received
8532,20231201,1,523,50,357.50000000000006,17875.000000000004,,,Cancelled
8533,20240215,1,523,50,357.50000000000006,17875.000000000004,,,Cancelled
8534,20240514,1,523,50,357.50000000000006,17875.000000000004,11.0,20240525.0,Received
8535,20240719,1,523,50,357.50000000000006,17875.000000000004,9.0,20240728.0,Received
8536,20240918,1,523,50,357.50000000000006,17875.000000000004,10.0,20240928.0,Received
8537,20241210,1,523,50,357.50000000000006,17875.000000000004,11.0,20241221.0,Received
8538,20250307,1,523,50,357.50000000000006,17875.000000000004,8.0,20250315.0,Received
8539,20250428,1,523,50,357.50000000000006,17875.000000000004,9.0,20250507.0,Received
8540,20250623,1,523,50,357.50000000000006,17875.000000000004,7.0,20250630.0,Received
8541,20250817,1,523,50,357.50000000000006,17875.000000000004,11.0,20250828.0,Received
8542,20251019,1,523,50,357.50000000000006,17875.000000000004,10.0,20251029.0,Received
8543,20251208,1,523,50,357.50000000000006,17875.000000000004,9.0,20251217.0,Received
8544,20230215,1,524,50,357.50000000000006,17875.000000000004,10.0,20230225.0,Received
8545,20230503,1,524,50,357.50000000000006,17875.000000000004,,,Confirmed
8546,20230727,1,524,50,357.50000000000006,17875.000000000004,9.0,20230805.0,Received
8547,20231022,1,524,50,357.50000000000006,17875.000000000004,8.0,20231030.0,Received
8548,20231225,1,524,50,357.50000000000006,17875.000000000004,7.0,20240101.0,Received
8549,20240309,1,524,50,357.50000000000006,17875.000000000004,7.0,20240316.0,Received
8550,20240508,1,524,50,357.50000000000006,17875.000000000004,,,Confirmed
8551,20240801,1,524,50,357.50000000000006,17875.000000000004,9.0,20240810.0,Received
8552,20241016,1,524,50,357.50000000000006,17875.000000000004,11.0,20241027.0,Received
8553,20241216,1,524,50,357.50000000000006,17875.000000000004,8.0,20241224.0,Received
8554,20250218,1,524,50,357.50000000000006,17875.000000000004,11.0,20250301.0,Received
8555,20250426,1,524,50,357.50000000000006,17875.000000000004,10.0,20250506.0,Received
8556,20250621,1,524,50,357.50000000000006,17875.000000000004,10.0,20250701.0,Received
8557,20250818,1,524,50,357.50000000000006,17875.000000000004,9.0,20250827.0,Received
8558,20251009,1,524,50,357.50000000000006,17875.000000000004,10.0,20251019.0,Received
8559,20251222,1,524,50,357.50000000000006,17875.000000000004,,,Cancelled
8560,20230226,1,525,50,357.50000000000006,17875.000000000004,11.0,20230309.0,Received
8561,20230423,1,525,50,357.50000000000006,17875.000000000004,9.0,20230502.0,Received
8562,20230629,1,525,50,357.50000000000006,17875.000000000004,6.0,20230705.0,Received
8563,20230828,1,525,50,357.50000000000006,17875.000000000004,9.0,20230906.0,Received
8564,20231102,1,525,50,357.50000000000006,17875.000000000004,6.0,20231108.0,Received
8565,20240126,1,525,50,357.50000000000006,17875.000000000004,9.0,20240204.0,Received
8566,20240421,1,525,50,357.50000000000006,17875.000000000004,5.0,20240426.0,Received
8567,20240629,1,525,50,357.50000000000006,17875.000000000004,,,Cancelled
8568,20240830,1,525,50,357.50000000000006,17875.000000000004,6.0,20240905.0,Received
8569,20241022,1,525,50,357.50000000000006,17875.000000000004,10.0,20241101.0,Received
8570,20250105,1,525,50,357.50000000000006,17875.000000000004,5.0,20250110.0,Received
8571,20250319,1,525,50,357.50000000000006,17875.000000000004,11.0,20250330.0,Received
8572,20250603,1,525,50,357.50000000000006,17875.000000000004,11.0,20250614.0,Received
8573,20250721,1,525,50,357.50000000000006,17875.000000000004,8.0,20250729.0,Received
8574,20250916,1,525,50,357.50000000000006,17875.000000000004,7.0,20250923.0,Received
8575,20251117,1,525,50,357.50000000000006,17875.000000000004,6.0,20251123.0,Received
8576,20230224,1,526,50,355.07409481632266,17753.704740816134,6.0,20230302.0,Received
8577,20230510,1,526,50,355.07409481632266,17753.704740816134,,,Confirmed
8578,20230703,1,526,50,355.07409481632266,17753.704740816134,,,Cancelled
8579,20230820,1,526,50,355.07409481632266,17753.704740816134,6.0,20230826.0,Received
8580,20231009,1,526,50,355.07409481632266,17753.704740816134,7.0,20231016.0,Received
8581,20231226,1,526,50,355.07409481632266,17753.704740816134,9.0,20240104.0,Received
8582,20240308,1,526,50,355.07409481632266,17753.704740816134,8.0,20240316.0,Received
8583,20240519,1,526,50,355.07409481632266,17753.704740816134,5.0,20240524.0,Received
8584,20240811,1,526,50,355.07409481632266,17753.704740816134,11.0,20240822.0,Received
8585,20241014,1,526,50,355.07409481632266,17753.704740816134,8.0,20241022.0,Received
8586,20241219,1,526,50,355.07409481632266,17753.704740816134,5.0,20241224.0,Received
8587,20250212,1,526,50,355.07409481632266,17753.704740816134,11.0,20250223.0,Received
8588,20250417,1,526,50,355.07409481632266,17753.704740816134,,,Cancelled
8589,20250713,1,526,50,355.07409481632266,17753.704740816134,11.0,20250724.0,Received
8590,20250923,1,526,50,355.07409481632266,17753.704740816134,6.0,20250929.0,Received
8591,20251203,1,526,50,355.07409481632266,17753.704740816134,6.0,20251209.0,Received
8592,20230223,1,527,50,274.45000000000005,13722.500000000002,6.0,20230301.0,Received
8593,20230519,1,527,50,274.45000000000005,13722.500000000002,10.0,20230529.0,Received
8594,20230728,1,527,50,274.45000000000005,13722.500000000002,8.0,20230805.0,Received
8595,20231022,1,527,50,274.45000000000005,13722.500000000002,8.0,20231030.0,Received
8596,20240115,1,527,50,274.45000000000005,13722.500000000002,9.0,20240124.0,Received
8597,20240408,1,527,50,274.45000000000005,13722.500000000002,7.0,20240415.0,Received
8598,20240702,1,527,50,274.45000000000005,13722.500000000002,5.0,20240707.0,Received
8599,20240915,1,527,50,274.45000000000005,13722.500000000002,10.0,20240925.0,Received
8600,20241114,1,527,50,274.45000000000005,13722.500000000002,,,Cancelled
8601,20241231,1,527,50,274.45000000000005,13722.500000000002,5.0,20250105.0,Received
8602,20250306,1,527,50,274.45000000000005,13722.500000000002,10.0,20250316.0,Received
8603,20250429,1,527,50,274.45000000000005,13722.500000000002,,,Cancelled
8604,20250714,1,527,50,274.45000000000005,13722.500000000002,10.0,20250724.0,Received
8605,20250906,1,527,50,274.45000000000005,13722.500000000002,6.0,20250912.0,Received
8606,20251028,1,527,50,274.45000000000005,13722.500000000002,10.0,20251107.0,Received
8607,20260123,1,527,50,274.45000000000005,13722.500000000002,8.0,20260131.0,Received
8608,20230223,1,528,50,274.45000000000005,13722.500000000002,11.0,20230306.0,Received
8609,20230423,1,528,50,274.45000000000005,13722.500000000002,7.0,20230430.0,Received
8610,20230614,1,528,50,274.45000000000005,13722.500000000002,,,Cancelled
8611,20230909,1,528,50,274.45000000000005,13722.500000000002,8.0,20230917.0,Received
8612,20231115,1,528,50,274.45000000000005,13722.500000000002,9.0,20231124.0,Received
8613,20231231,1,528,50,274.45000000000005,13722.500000000002,9.0,20240109.0,Received
8614,20240313,1,528,50,274.45000000000005,13722.500000000002,10.0,20240323.0,Received
8615,20240603,1,528,50,274.45000000000005,13722.500000000002,7.0,20240610.0,Received
8616,20240802,1,528,50,274.45000000000005,13722.500000000002,9.0,20240811.0,Received
8617,20240926,1,528,50,274.45000000000005,13722.500000000002,5.0,20241001.0,Received
8618,20241211,1,528,50,274.45000000000005,13722.500000000002,,,Cancelled
8619,20250206,1,528,50,274.45000000000005,13722.500000000002,5.0,20250211.0,Received
8620,20250404,1,528,50,274.45000000000005,13722.500000000002,7.0,20250411.0,Received
8621,20250609,1,528,50,274.45000000000005,13722.500000000002,9.0,20250618.0,Received
8622,20250828,1,528,50,274.45000000000005,13722.500000000002,10.0,20250907.0,Received
8623,20251022,1,528,50,274.45000000000005,13722.500000000002,9.0,20251031.0,Received
8624,20260111,1,528,50,274.45000000000005,13722.500000000002,10.0,20260121.0,Received
8625,20230303,1,529,50,274.45000000000005,13722.500000000002,,,Cancelled
8626,20230427,1,529,50,274.45000000000005,13722.500000000002,,,Confirmed
8627,20230626,1,529,50,274.45000000000005,13722.500000000002,10.0,20230706.0,Received
8628,20230820,1,529,50,274.45000000000005,13722.500000000002,,,Confirmed
8629,20231018,1,529,50,274.45000000000005,13722.500000000002,8.0,20231026.0,Received
8630,20231213,1,529,50,274.45000000000005,13722.500000000002,,,Cancelled
8631,20240303,1,529,50,274.45000000000005,13722.500000000002,7.0,20240310.0,Received
8632,20240506,1,529,50,274.45000000000005,13722.500000000002,5.0,20240511.0,Received
8633,20240708,1,529,50,274.45000000000005,13722.500000000002,9.0,20240717.0,Received
8634,20240918,1,529,50,274.45000000000005,13722.500000000002,11.0,20240929.0,Received
8635,20241127,1,529,50,274.45000000000005,13722.500000000002,6.0,20241203.0,Received
8636,20250217,1,529,50,274.45000000000005,13722.500000000002,6.0,20250223.0,Received
8637,20250506,1,529,50,274.45000000000005,13722.500000000002,5.0,20250511.0,Received
8638,20250714,1,529,50,274.45000000000005,13722.500000000002,10.0,20250724.0,Received
8639,20250927,1,529,50,274.45000000000005,13722.500000000002,7.0,20251004.0,Received
8640,20251215,1,529,50,274.45000000000005,13722.500000000002,7.0,20251222.0,Received
8641,20230301,1,530,50,274.45000000000005,13722.500000000002,9.0,20230310.0,Received
8642,20230423,1,530,50,274.45000000000005,13722.500000000002,7.0,20230430.0,Received
8643,20230715,1,530,50,274.45000000000005,13722.500000000002,11.0,20230726.0,Received
8644,20230905,1,530,50,274.45000000000005,13722.500000000002,6.0,20230911.0,Received
8645,20231109,1,530,50,274.45000000000005,13722.500000000002,8.0,20231117.0,Received
8646,20240205,1,530,50,274.45000000000005,13722.500000000002,11.0,20240216.0,Received
8647,20240416,1,530,50,274.45000000000005,13722.500000000002,11.0,20240427.0,Received
8648,20240706,1,530,50,274.45000000000005,13722.500000000002,9.0,20240715.0,Received
8649,20241001,1,530,50,274.45000000000005,13722.500000000002,5.0,20241006.0,Received
8650,20241223,1,530,50,274.45000000000005,13722.500000000002,7.0,20241230.0,Received
8651,20250321,1,530,50,274.45000000000005,13722.500000000002,6.0,20250327.0,Received
8652,20250611,1,530,50,274.45000000000005,13722.500000000002,7.0,20250618.0,Received
8653,20250731,1,530,50,274.45000000000005,13722.500000000002,7.0,20250807.0,Received
8654,20250930,1,530,50,274.45000000000005,13722.500000000002,9.0,20251009.0,Received
8655,20251129,1,530,50,274.45000000000005,13722.500000000002,,,Cancelled
8656,20230309,1,531,50,355.07409481632266,17753.704740816134,5.0,20230314.0,Received
8657,20230530,1,531,50,355.07409481632266,17753.704740816134,10.0,20230609.0,Received
8658,20230804,1,531,50,355.07409481632266,17753.704740816134,10.0,20230814.0,Received
8659,20231004,1,531,50,355.07409481632266,17753.704740816134,11.0,20231015.0,Received
8660,20231213,1,531,50,355.07409481632266,17753.704740816134,11.0,20231224.0,Received
8661,20240207,1,531,50,355.07409481632266,17753.704740816134,,,Cancelled
8662,20240503,1,531,50,355.07409481632266,17753.704740816134,8.0,20240511.0,Received
8663,20240717,1,531,50,355.07409481632266,17753.704740816134,7.0,20240724.0,Received
8664,20240910,1,531,50,355.07409481632266,17753.704740816134,8.0,20240918.0,Received
8665,20241030,1,531,50,355.07409481632266,17753.704740816134,,,Confirmed
8666,20250110,1,531,50,355.07409481632266,17753.704740816134,9.0,20250119.0,Received
8667,20250406,1,531,50,355.07409481632266,17753.704740816134,9.0,20250415.0,Received
8668,20250521,1,531,50,355.07409481632266,17753.704740816134,,,Cancelled
8669,20250809,1,531,50,355.07409481632266,17753.704740816134,,,Cancelled
8670,20251028,1,531,50,355.07409481632266,17753.704740816134,,,Cancelled
8671,20260115,1,531,50,355.07409481632266,17753.704740816134,7.0,20260122.0,Received
8672,20230301,1,532,50,274.45000000000005,13722.500000000002,5.0,20230306.0,Received
8673,20230421,1,532,50,274.45000000000005,13722.500000000002,7.0,20230428.0,Received
8674,20230608,1,532,50,274.45000000000005,13722.500000000002,9.0,20230617.0,Received
8675,20230905,1,532,50,274.45000000000005,13722.500000000002,5.0,20230910.0,Received
8676,20231119,1,532,50,274.45000000000005,13722.500000000002,10.0,20231129.0,Received
8677,20240215,1,532,50,274.45000000000005,13722.500000000002,10.0,20240225.0,Received
8678,20240413,1,532,50,274.45000000000005,13722.500000000002,10.0,20240423.0,Received
8679,20240530,1,532,50,274.45000000000005,13722.500000000002,9.0,20240608.0,Received
8680,20240721,1,532,50,274.45000000000005,13722.500000000002,10.0,20240731.0,Received
8681,20240924,1,532,50,274.45000000000005,13722.500000000002,5.0,20240929.0,Received
8682,20241114,1,532,50,274.45000000000005,13722.500000000002,,,Cancelled
8683,20250114,1,532,50,274.45000000000005,13722.500000000002,11.0,20250125.0,Received
8684,20250305,1,532,50,274.45000000000005,13722.500000000002,5.0,20250310.0,Received
8685,20250503,1,532,50,274.45000000000005,13722.500000000002,6.0,20250509.0,Received
8686,20250622,1,532,50,274.45000000000005,13722.500000000002,8.0,20250630.0,Received
8687,20250824,1,532,50,274.45000000000005,13722.500000000002,7.0,20250831.0,Received
8688,20251023,1,532,50,274.45000000000005,13722.500000000002,11.0,20251103.0,Received
8689,20251208,1,532,50,274.45000000000005,13722.500000000002,10.0,20251218.0,Received
8690,20230321,1,533,51,274.45000000000005,13996.950000000003,6.0,20230327.0,Received
8691,20230511,1,533,51,274.45000000000005,13996.950000000003,10.0,20230521.0,Received
8692,20230717,1,533,51,274.45000000000005,13996.950000000003,,,Confirmed
8693,20230920,1,533,51,274.45000000000005,13996.950000000003,6.0,20230926.0,Received
8694,20231107,1,533,51,274.45000000000005,13996.950000000003,7.0,20231114.0,Received
8695,20240106,1,533,51,274.45000000000005,13996.950000000003,5.0,20240111.0,Received
8696,20240320,1,533,51,274.45000000000005,13996.950000000003,9.0,20240329.0,Received
8697,20240507,1,533,51,274.45000000000005,13996.950000000003,,,Confirmed
8698,20240703,1,533,51,274.45000000000005,13996.950000000003,8.0,20240711.0,Received
8699,20240923,1,533,51,274.45000000000005,13996.950000000003,,,Cancelled
8700,20241128,1,533,51,274.45000000000005,13996.950000000003,5.0,20241203.0,Received
8701,20250203,1,533,51,274.45000000000005,13996.950000000003,10.0,20250213.0,Received
8702,20250403,1,533,51,274.45000000000005,13996.950000000003,9.0,20250412.0,Received
8703,20250623,1,533,51,274.45000000000005,13996.950000000003,6.0,20250629.0,Received
8704,20250912,1,533,51,274.45000000000005,13996.950000000003,5.0,20250917.0,Received
8705,20251201,1,533,51,274.45000000000005,13996.950000000003,11.0,20251212.0,Received
8706,20260123,1,533,51,274.45000000000005,13996.950000000003,6.0,20260129.0,Received
8707,20230301,1,534,50,274.45000000000005,13722.500000000002,11.0,20230312.0,Received
8708,20230529,1,534,50,274.45000000000005,13722.500000000002,10.0,20230608.0,Received
8709,20230721,1,534,50,274.45000000000005,13722.500000000002,10.0,20230731.0,Received
8710,20231017,1,534,50,274.45000000000005,13722.500000000002,9.0,20231026.0,Received
8711,20240102,1,534,50,274.45000000000005,13722.500000000002,5.0,20240107.0,Received
8712,20240322,1,534,50,274.45000000000005,13722.500000000002,6.0,20240328.0,Received
8713,20240605,1,534,50,274.45000000000005,13722.500000000002,,,Confirmed
8714,20240804,1,534,50,274.45000000000005,13722.500000000002,10.0,20240814.0,Received
8715,20241001,1,534,50,274.45000000000005,13722.500000000002,8.0,20241009.0,Received
8716,20241204,1,534,50,274.45000000000005,13722.500000000002,9.0,20241213.0,Received
8717,20250301,1,534,50,274.45000000000005,13722.500000000002,5.0,20250306.0,Received
8718,20250426,1,534,50,274.45000000000005,13722.500000000002,9.0,20250505.0,Received
8719,20250625,1,534,50,274.45000000000005,13722.500000000002,7.0,20250702.0,Received
8720,20250904,1,534,50,274.45000000000005,13722.500000000002,,,Confirmed
8721,20251105,1,534,50,274.45000000000005,13722.500000000002,6.0,20251111.0,Received
8722,20260125,1,534,50,274.45000000000005,13722.500000000002,11.0,20260205.0,Received
8723,20230320,1,535,50,274.45000000000005,13722.500000000002,11.0,20230331.0,Received
8724,20230505,1,535,50,274.45000000000005,13722.500000000002,10.0,20230515.0,Received
8725,20230708,1,535,50,274.45000000000005,13722.500000000002,5.0,20230713.0,Received
8726,20230909,1,535,50,274.45000000000005,13722.500000000002,11.0,20230920.0,Received
8727,20231201,1,535,50,274.45000000000005,13722.500000000002,10.0,20231211.0,Received
8728,20240224,1,535,50,274.45000000000005,13722.500000000002,,,Cancelled
8729,20240421,1,535,50,274.45000000000005,13722.500000000002,10.0,20240501.0,Received
8730,20240624,1,535,50,274.45000000000005,13722.500000000002,9.0,20240703.0,Received
8731,20240829,1,535,50,274.45000000000005,13722.500000000002,11.0,20240909.0,Received
8732,20241018,1,535,50,274.45000000000005,13722.500000000002,7.0,20241025.0,Received
8733,20241213,1,535,50,274.45000000000005,13722.500000000002,11.0,20241224.0,Received
8734,20250208,1,535,50,274.45000000000005,13722.500000000002,10.0,20250218.0,Received
8735,20250423,1,535,50,274.45000000000005,13722.500000000002,7.0,20250430.0,Received
8736,20250610,1,535,50,274.45000000000005,13722.500000000002,8.0,20250618.0,Received
8737,20250815,1,535,50,274.45000000000005,13722.500000000002,5.0,20250820.0,Received
8738,20251004,1,535,50,274.45000000000005,13722.500000000002,9.0,20251013.0,Received
8739,20251206,1,535,50,274.45000000000005,13722.500000000002,,,Confirmed
8740,20230328,1,536,50,462.52136599320585,23126.06829966029,6.0,20230403.0,Received
8741,20230615,1,536,50,462.52136599320585,23126.06829966029,8.0,20230623.0,Received
8742,20230909,1,536,50,462.52136599320585,23126.06829966029,,,Cancelled
8743,20231128,1,536,50,462.52136599320585,23126.06829966029,10.0,20231208.0,Received
8744,20240127,1,536,50,462.52136599320585,23126.06829966029,9.0,20240205.0,Received
8745,20240425,1,536,50,462.52136599320585,23126.06829966029,5.0,20240430.0,Received
8746,20240703,1,536,50,462.52136599320585,23126.06829966029,5.0,20240708.0,Received
8747,20240930,1,536,50,462.52136599320585,23126.06829966029,10.0,20241010.0,Received
8748,20241120,1,536,50,462.52136599320585,23126.06829966029,5.0,20241125.0,Received
8749,20250121,1,536,50,462.52136599320585,23126.06829966029,8.0,20250129.0,Received
8750,20250311,1,536,50,462.52136599320585,23126.06829966029,,,Cancelled
8751,20250523,1,536,50,462.52136599320585,23126.06829966029,11.0,20250603.0,Received
8752,20250724,1,536,50,462.52136599320585,23126.06829966029,9.0,20250802.0,Received
8753,20251017,1,536,50,462.52136599320585,23126.06829966029,8.0,20251025.0,Received
8754,20251230,1,536,50,462.52136599320585,23126.06829966029,5.0,20260104.0,Received
8755,20230323,1,537,50,357.50000000000006,17875.000000000004,11.0,20230403.0,Received
8756,20230521,1,537,50,357.50000000000006,17875.000000000004,5.0,20230526.0,Received
8757,20230721,1,537,50,357.50000000000006,17875.000000000004,11.0,20230801.0,Received
8758,20231006,1,537,50,357.50000000000006,17875.000000000004,5.0,20231011.0,Received
8759,20231220,1,537,50,357.50000000000006,17875.000000000004,11.0,20231231.0,Received
8760,20240218,1,537,50,357.50000000000006,17875.000000000004,8.0,20240226.0,Received
8761,20240421,1,537,50,357.50000000000006,17875.000000000004,6.0,20240427.0,Received
8762,20240621,1,537,50,357.50000000000006,17875.000000000004,9.0,20240630.0,Received
8763,20240814,1,537,50,357.50000000000006,17875.000000000004,10.0,20240824.0,Received
8764,20241012,1,537,50,357.50000000000006,17875.000000000004,,,Confirmed
8765,20250103,1,537,50,357.50000000000006,17875.000000000004,7.0,20250110.0,Received
8766,20250328,1,537,50,357.50000000000006,17875.000000000004,7.0,20250404.0,Received
8767,20250606,1,537,50,357.50000000000006,17875.000000000004,6.0,20250612.0,Received
8768,20250728,1,537,50,357.50000000000006,17875.000000000004,5.0,20250802.0,Received
8769,20251024,1,537,50,357.50000000000006,17875.000000000004,5.0,20251029.0,Received
8770,20251215,1,537,50,357.50000000000006,17875.000000000004,9.0,20251224.0,Received
8771,20230215,1,538,50,357.50000000000006,17875.000000000004,6.0,20230221.0,Received
8772,20230415,1,538,50,357.50000000000006,17875.000000000004,5.0,20230420.0,Received
8773,20230620,1,538,50,357.50000000000006,17875.000000000004,11.0,20230701.0,Received
8774,20230901,1,538,50,357.50000000000006,17875.000000000004,9.0,20230910.0,Received
8775,20231129,1,538,50,357.50000000000006,17875.000000000004,7.0,20231206.0,Received
8776,20240207,1,538,50,357.50000000000006,17875.000000000004,10.0,20240217.0,Received
8777,20240327,1,538,50,357.50000000000006,17875.000000000004,5.0,20240401.0,Received
8778,20240601,1,538,50,357.50000000000006,17875.000000000004,5.0,20240606.0,Received
8779,20240818,1,538,50,357.50000000000006,17875.000000000004,,,Confirmed
8780,20241007,1,538,50,357.50000000000006,17875.000000000004,11.0,20241018.0,Received
8781,20241201,1,538,50,357.50000000000006,17875.000000000004,5.0,20241206.0,Received
8782,20250131,1,538,50,357.50000000000006,17875.000000000004,,,Cancelled
8783,20250414,1,538,50,357.50000000000006,17875.000000000004,11.0,20250425.0,Received
8784,20250621,1,538,50,357.50000000000006,17875.000000000004,11.0,20250702.0,Received
8785,20250821,1,538,50,357.50000000000006,17875.000000000004,7.0,20250828.0,Received
8786,20251114,1,538,50,357.50000000000006,17875.000000000004,11.0,20251125.0,Received
8787,20230228,1,539,50,357.50000000000006,17875.000000000004,5.0,20230305.0,Received
8788,20230416,1,539,50,357.50000000000006,17875.000000000004,10.0,20230426.0,Received
8789,20230710,1,539,50,357.50000000000006,17875.000000000004,9.0,20230719.0,Received
8790,20230830,1,539,50,357.50000000000006,17875.000000000004,11.0,20230910.0,Received
8791,20231017,1,539,50,357.50000000000006,17875.000000000004,8.0,20231025.0,Received
8792,20231220,1,539,50,357.50000000000006,17875.000000000004,7.0,20231227.0,Received
8793,20240212,1,539,50,357.50000000000006,17875.000000000004,7.0,20240219.0,Received
8794,20240426,1,539,50,357.50000000000006,17875.000000000004,5.0,20240501.0,Received
8795,20240619,1,539,50,357.50000000000006,17875.000000000004,6.0,20240625.0,Received
8796,20240821,1,539,50,357.50000000000006,17875.000000000004,6.0,20240827.0,Received
8797,20241005,1,539,50,357.50000000000006,17875.000000000004,6.0,20241011.0,Received
8798,20250101,1,539,50,357.50000000000006,17875.000000000004,9.0,20250110.0,Received
8799,20250215,1,539,50,357.50000000000006,17875.000000000004,11.0,20250226.0,Received
8800,20250505,1,539,50,357.50000000000006,17875.000000000004,,,Confirmed
8801,20250708,1,539,50,357.50000000000006,17875.000000000004,6.0,20250714.0,Received
8802,20250917,1,539,50,357.50000000000006,17875.000000000004,11.0,20250928.0,Received
8803,20251202,1,539,50,357.50000000000006,17875.000000000004,10.0,20251212.0,Received
8804,20230306,1,540,50,604.45,30222.500000000004,,,Confirmed
8805,20230510,1,540,50,604.45,30222.500000000004,8.0,20230518.0,Received
8806,20230711,1,540,50,604.45,30222.500000000004,,,Confirmed
8807,20230920,1,540,50,604.45,30222.500000000004,5.0,20230925.0,Received
8808,20231208,1,540,50,604.45,30222.500000000004,,,Confirmed
8809,20240212,1,540,50,604.45,30222.500000000004,5.0,20240217.0,Received
8810,20240504,1,540,50,604.45,30222.500000000004,9.0,20240513.0,Received
8811,20240618,1,540,50,604.45,30222.500000000004,7.0,20240625.0,Received
8812,20240817,1,540,50,604.45,30222.500000000004,8.0,20240825.0,Received
8813,20241104,1,540,50,604.45,30222.500000000004,6.0,20241110.0,Received
8814,20241226,1,540,50,604.45,30222.500000000004,11.0,20250106.0,Received
8815,20250220,1,540,50,604.45,30222.500000000004,,,Confirmed
8816,20250425,1,540,50,604.45,30222.500000000004,6.0,20250501.0,Received
8817,20250630,1,540,50,604.45,30222.500000000004,8.0,20250708.0,Received
8818,20250923,1,540,50,604.45,30222.500000000004,11.0,20251004.0,Received
8819,20251108,1,540,50,604.45,30222.500000000004,11.0,20251119.0,Received
8820,20260131,1,540,50,604.45,30222.500000000004,7.0,20260207.0,Received
8821,20230328,1,541,50,639.7026277352186,31985.131386760928,6.0,20230403.0,Received
8822,20230623,1,541,50,639.7026277352186,31985.131386760928,9.0,20230702.0,Received
8823,20230807,1,541,50,639.7026277352186,31985.131386760928,8.0,20230815.0,Received
8824,20231002,1,541,50,639.7026277352186,31985.131386760928,7.0,20231009.0,Received
8825,20231224,1,541,50,639.7026277352186,31985.131386760928,5.0,20231229.0,Received
8826,20240306,1,541,50,639.7026277352186,31985.131386760928,6.0,20240312.0,Received
8827,20240512,1,541,50,639.7026277352186,31985.131386760928,8.0,20240520.0,Received
8828,20240714,1,541,50,639.7026277352186,31985.131386760928,11.0,20240725.0,Received
8829,20240905,1,541,50,639.7026277352186,31985.131386760928,9.0,20240914.0,Received
8830,20241024,1,541,50,639.7026277352186,31985.131386760928,9.0,20241102.0,Received
8831,20250119,1,541,50,639.7026277352186,31985.131386760928,7.0,20250126.0,Received
8832,20250406,1,541,50,639.7026277352186,31985.131386760928,5.0,20250411.0,Received
8833,20250523,1,541,50,639.7026277352186,31985.131386760928,10.0,20250602.0,Received
8834,20250807,1,541,50,639.7026277352186,31985.131386760928,7.0,20250814.0,Received
8835,20251027,1,541,50,639.7026277352186,31985.131386760928,5.0,20251101.0,Received
8836,20260113,1,541,50,639.7026277352186,31985.131386760928,6.0,20260119.0,Received
8837,20230303,1,542,50,494.45000000000005,24722.500000000004,8.0,20230311.0,Received
8838,20230421,1,542,50,494.45000000000005,24722.500000000004,7.0,20230428.0,Received
8839,20230618,1,542,50,494.45000000000005,24722.500000000004,5.0,20230623.0,Received
8840,20230905,1,542,50,494.45000000000005,24722.500000000004,8.0,20230913.0,Received
8841,20231027,1,542,50,494.45000000000005,24722.500000000004,8.0,20231104.0,Received
8842,20231227,1,542,50,494.45000000000005,24722.500000000004,10.0,20240106.0,Received
8843,20240302,1,542,50,494.45000000000005,24722.500000000004,,,Cancelled
8844,20240525,1,542,50,494.45000000000005,24722.500000000004,6.0,20240531.0,Received
8845,20240724,1,542,50,494.45000000000005,24722.500000000004,6.0,20240730.0,Received
8846,20240925,1,542,50,494.45000000000005,24722.500000000004,6.0,20241001.0,Received
8847,20241116,1,542,50,494.45000000000005,24722.500000000004,,,Confirmed
8848,20250112,1,542,50,494.45000000000005,24722.500000000004,10.0,20250122.0,Received
8849,20250304,1,542,50,494.45000000000005,24722.500000000004,,,Cancelled
8850,20250512,1,542,50,494.45000000000005,24722.500000000004,7.0,20250519.0,Received
8851,20250712,1,542,50,494.45000000000005,24722.500000000004,,,Cancelled
8852,20250918,1,542,50,494.45000000000005,24722.500000000004,,,Cancelled
8853,20251104,1,542,50,494.45000000000005,24722.500000000004,6.0,20251110.0,Received
8854,20251227,1,542,50,494.45000000000005,24722.500000000004,5.0,20260101.0,Received
8855,20230315,1,543,50,494.45000000000005,24722.500000000004,11.0,20230326.0,Received
8856,20230528,1,543,50,494.45000000000005,24722.500000000004,8.0,20230605.0,Received
8857,20230812,1,543,50,494.45000000000005,24722.500000000004,9.0,20230821.0,Received
8858,20230926,1,543,50,494.45000000000005,24722.500000000004,,,Confirmed
8859,20231219,1,543,50,494.45000000000005,24722.500000000004,11.0,20231230.0,Received
8860,20240221,1,543,50,494.45000000000005,24722.500000000004,10.0,20240302.0,Received
8861,20240512,1,543,50,494.45000000000005,24722.500000000004,6.0,20240518.0,Received
8862,20240718,1,543,50,494.45000000000005,24722.500000000004,9.0,20240727.0,Received
8863,20240909,1,543,50,494.45000000000005,24722.500000000004,11.0,20240920.0,Received
8864,20241102,1,543,50,494.45000000000005,24722.500000000004,9.0,20241111.0,Received
8865,20241220,1,543,50,494.45000000000005,24722.500000000004,5.0,20241225.0,Received
8866,20250225,1,543,50,494.45000000000005,24722.500000000004,10.0,20250307.0,Received
8867,20250502,1,543,50,494.45000000000005,24722.500000000004,7.0,20250509.0,Received
8868,20250629,1,543,50,494.45000000000005,24722.500000000004,,,Confirmed
8869,20250915,1,543,50,494.45000000000005,24722.500000000004,9.0,20250924.0,Received
8870,20251130,1,543,50,494.45000000000005,24722.500000000004,11.0,20251211.0,Received
8871,20230217,1,544,50,494.45000000000005,24722.500000000004,11.0,20230228.0,Received
8872,20230414,1,544,50,494.45000000000005,24722.500000000004,8.0,20230422.0,Received
8873,20230711,1,544,50,494.45000000000005,24722.500000000004,9.0,20230720.0,Received
8874,20230907,1,544,50,494.45000000000005,24722.500000000004,8.0,20230915.0,Received
8875,20231201,1,544,50,494.45000000000005,24722.500000000004,5.0,20231206.0,Received
8876,20240209,1,544,50,494.45000000000005,24722.500000000004,5.0,20240214.0,Received
8877,20240427,1,544,50,494.45000000000005,24722.500000000004,9.0,20240506.0,Received
8878,20240707,1,544,50,494.45000000000005,24722.500000000004,10.0,20240717.0,Received
8879,20240914,1,544,50,494.45000000000005,24722.500000000004,11.0,20240925.0,Received
8880,20241207,1,544,50,494.45000000000005,24722.500000000004,5.0,20241212.0,Received
8881,20250216,1,544,50,494.45000000000005,24722.500000000004,,,Confirmed
8882,20250418,1,544,50,494.45000000000005,24722.500000000004,5.0,20250423.0,Received
8883,20250710,1,544,50,494.45000000000005,24722.500000000004,9.0,20250719.0,Received
8884,20250910,1,544,50,494.45000000000005,24722.500000000004,6.0,20250916.0,Received
8885,20251117,1,544,50,494.45000000000005,24722.500000000004,9.0,20251126.0,Received
8886,20260104,1,544,50,494.45000000000005,24722.500000000004,8.0,20260112.0,Received
8887,20230331,1,545,50,494.45000000000005,24722.500000000004,11.0,20230411.0,Received
8888,20230609,1,545,50,494.45000000000005,24722.500000000004,7.0,20230616.0,Received
8889,20230728,1,545,50,494.45000000000005,24722.500000000004,10.0,20230807.0,Received
8890,20231017,1,545,50,494.45000000000005,24722.500000000004,6.0,20231023.0,Received
8891,20231231,1,545,50,494.45000000000005,24722.500000000004,10.0,20240110.0,Received
8892,20240314,1,545,50,494.45000000000005,24722.500000000004,9.0,20240323.0,Received
8893,20240506,1,545,50,494.45000000000005,24722.500000000004,11.0,20240517.0,Received
8894,20240620,1,545,50,494.45000000000005,24722.500000000004,8.0,20240628.0,Received
8895,20240831,1,545,50,494.45000000000005,24722.500000000004,8.0,20240908.0,Received
8896,20241122,1,545,50,494.45000000000005,24722.500000000004,,,Cancelled
8897,20250115,1,545,50,494.45000000000005,24722.500000000004,5.0,20250120.0,Received
8898,20250304,1,545,50,494.45000000000005,24722.500000000004,8.0,20250312.0,Received
8899,20250525,1,545,50,494.45000000000005,24722.500000000004,7.0,20250601.0,Received
8900,20250731,1,545,50,494.45000000000005,24722.500000000004,7.0,20250807.0,Received
8901,20250922,1,545,50,494.45000000000005,24722.500000000004,8.0,20250930.0,Received
8902,20251128,1,545,50,494.45000000000005,24722.500000000004,11.0,20251209.0,Received
8903,20230224,1,546,50,355.07409481632266,17753.704740816134,5.0,20230301.0,Received
8904,20230415,1,546,50,355.07409481632266,17753.704740816134,11.0,20230426.0,Received
8905,20230622,1,546,50,355.07409481632266,17753.704740816134,10.0,20230702.0,Received
8906,20230907,1,546,50,355.07409481632266,17753.704740816134,11.0,20230918.0,Received
8907,20231122,1,546,50,355.07409481632266,17753.704740816134,7.0,20231129.0,Received
8908,20240113,1,546,50,355.07409481632266,17753.704740816134,6.0,20240119.0,Received
8909,20240331,1,546,50,355.07409481632266,17753.704740816134,,,Cancelled
8910,20240602,1,546,50,355.07409481632266,17753.704740816134,9.0,20240611.0,Received
8911,20240816,1,546,50,355.07409481632266,17753.704740816134,5.0,20240821.0,Received
8912,20241004,1,546,50,355.07409481632266,17753.704740816134,8.0,20241012.0,Received
8913,20241118,1,546,50,355.07409481632266,17753.704740816134,,,Cancelled
8914,20250128,1,546,50,355.07409481632266,17753.704740816134,6.0,20250203.0,Received
8915,20250419,1,546,50,355.07409481632266,17753.704740816134,,,Confirmed
8916,20250705,1,546,50,355.07409481632266,17753.704740816134,5.0,20250710.0,Received
8917,20250925,1,546,50,355.07409481632266,17753.704740816134,6.0,20251001.0,Received
8918,20251128,1,546,50,355.07409481632266,17753.704740816134,8.0,20251206.0,Received
8919,20260114,1,546,50,355.07409481632266,17753.704740816134,6.0,20260120.0,Received
8920,20230325,1,547,50,274.45000000000005,13722.500000000002,8.0,20230402.0,Received
8921,20230604,1,547,50,274.45000000000005,13722.500000000002,7.0,20230611.0,Received
8922,20230719,1,547,50,274.45000000000005,13722.500000000002,6.0,20230725.0,Received
8923,20231013,1,547,50,274.45000000000005,13722.500000000002,10.0,20231023.0,Received
8924,20240102,1,547,50,274.45000000000005,13722.500000000002,5.0,20240107.0,Received
8925,20240331,1,547,50,274.45000000000005,13722.500000000002,,,Cancelled
8926,20240528,1,547,50,274.45000000000005,13722.500000000002,7.0,20240604.0,Received
8927,20240721,1,547,50,274.45000000000005,13722.500000000002,,,Cancelled
8928,20240918,1,547,50,274.45000000000005,13722.500000000002,6.0,20240924.0,Received
8929,20241125,1,547,50,274.45000000000005,13722.500000000002,5.0,20241130.0,Received
8930,20250213,1,547,50,274.45000000000005,13722.500000000002,10.0,20250223.0,Received
8931,20250331,1,547,50,274.45000000000005,13722.500000000002,6.0,20250406.0,Received
8932,20250527,1,547,50,274.45000000000005,13722.500000000002,,,Confirmed
8933,20250727,1,547,50,274.45000000000005,13722.500000000002,9.0,20250805.0,Received
8934,20251024,1,547,50,274.45000000000005,13722.500000000002,10.0,20251103.0,Received
8935,20251214,1,547,50,274.45000000000005,13722.500000000002,5.0,20251219.0,Received
8936,20230316,1,548,50,274.45000000000005,13722.500000000002,6.0,20230322.0,Received
8937,20230609,1,548,50,274.45000000000005,13722.500000000002,5.0,20230614.0,Received
8938,20230728,1,548,50,274.45000000000005,13722.500000000002,5.0,20230802.0,Received
8939,20231016,1,548,50,274.45000000000005,13722.500000000002,9.0,20231025.0,Received
8940,20231225,1,548,50,274.45000000000005,13722.500000000002,8.0,20240102.0,Received
8941,20240228,1,548,50,274.45000000000005,13722.500000000002,5.0,20240304.0,Received
8942,20240524,1,548,50,274.45000000000005,13722.500000000002,9.0,20240602.0,Received
8943,20240721,1,548,50,274.45000000000005,13722.500000000002,11.0,20240801.0,Received
8944,20241010,1,548,50,274.45000000000005,13722.500000000002,6.0,20241016.0,Received
8945,20241207,1,548,50,274.45000000000005,13722.500000000002,5.0,20241212.0,Received
8946,20250301,1,548,50,274.45000000000005,13722.500000000002,10.0,20250311.0,Received
8947,20250429,1,548,50,274.45000000000005,13722.500000000002,7.0,20250506.0,Received
8948,20250613,1,548,50,274.45000000000005,13722.500000000002,11.0,20250624.0,Received
8949,20250819,1,548,50,274.45000000000005,13722.500000000002,6.0,20250825.0,Received
8950,20251018,1,548,50,274.45000000000005,13722.500000000002,6.0,20251024.0,Received
8951,20251217,1,548,50,274.45000000000005,13722.500000000002,7.0,20251224.0,Received
8952,20230222,1,549,50,274.45000000000005,13722.500000000002,10.0,20230304.0,Received
8953,20230408,1,549,50,274.45000000000005,13722.500000000002,11.0,20230419.0,Received
8954,20230606,1,549,50,274.45000000000005,13722.500000000002,6.0,20230612.0,Received
8955,20230805,1,549,50,274.45000000000005,13722.500000000002,6.0,20230811.0,Received
8956,20230922,1,549,50,274.45000000000005,13722.500000000002,7.0,20230929.0,Received
8957,20231210,1,549,50,274.45000000000005,13722.500000000002,9.0,20231219.0,Received
8958,20240131,1,549,50,274.45000000000005,13722.500000000002,5.0,20240205.0,Received
8959,20240425,1,549,50,274.45000000000005,13722.500000000002,5.0,20240430.0,Received
8960,20240711,1,549,50,274.45000000000005,13722.500000000002,,,Confirmed
8961,20241006,1,549,50,274.45000000000005,13722.500000000002,5.0,20241011.0,Received
8962,20241212,1,549,50,274.45000000000005,13722.500000000002,7.0,20241219.0,Received
8963,20250309,1,549,50,274.45000000000005,13722.500000000002,10.0,20250319.0,Received
8964,20250504,1,549,50,274.45000000000005,13722.500000000002,9.0,20250513.0,Received
8965,20250719,1,549,50,274.45000000000005,13722.500000000002,10.0,20250729.0,Received
8966,20250919,1,549,50,274.45000000000005,13722.500000000002,9.0,20250928.0,Received
8967,20251122,1,549,50,274.45000000000005,13722.500000000002,5.0,20251127.0,Received
8968,20230311,1,550,50,274.45000000000005,13722.500000000002,9.0,20230320.0,Received
8969,20230426,1,550,50,274.45000000000005,13722.500000000002,,,Cancelled
8970,20230620,1,550,50,274.45000000000005,13722.500000000002,,,Confirmed
8971,20230822,1,550,50,274.45000000000005,13722.500000000002,,,Cancelled
8972,20231009,1,550,50,274.45000000000005,13722.500000000002,7.0,20231016.0,Received
8973,20231204,1,550,50,274.45000000000005,13722.500000000002,8.0,20231212.0,Received
8974,20240131,1,550,50,274.45000000000005,13722.500000000002,,,Confirmed
8975,20240421,1,550,50,274.45000000000005,13722.500000000002,9.0,20240430.0,Received
8976,20240709,1,550,50,274.45000000000005,13722.500000000002,9.0,20240718.0,Received
8977,20240917,1,550,50,274.45000000000005,13722.500000000002,10.0,20240927.0,Received
8978,20241122,1,550,50,274.45000000000005,13722.500000000002,,,Cancelled
8979,20250206,1,550,50,274.45000000000005,13722.500000000002,5.0,20250211.0,Received
8980,20250406,1,550,50,274.45000000000005,13722.500000000002,8.0,20250414.0,Received
8981,20250521,1,550,50,274.45000000000005,13722.500000000002,8.0,20250529.0,Received
8982,20250817,1,550,50,274.45000000000005,13722.500000000002,10.0,20250827.0,Received
8983,20251024,1,550,50,274.45000000000005,13722.500000000002,,,Cancelled
8984,20251220,1,550,50,274.45000000000005,13722.500000000002,6.0,20251226.0,Received
8985,20230323,1,551,50,355.07409481632266,17753.704740816134,,,Cancelled
8986,20230522,1,551,50,355.07409481632266,17753.704740816134,11.0,20230602.0,Received
8987,20230812,1,551,50,355.07409481632266,17753.704740816134,9.0,20230821.0,Received
8988,20230930,1,551,50,355.07409481632266,17753.704740816134,10.0,20231010.0,Received
8989,20231212,1,551,50,355.07409481632266,17753.704740816134,9.0,20231221.0,Received
8990,20240229,1,551,50,355.07409481632266,17753.704740816134,5.0,20240305.0,Received
8991,20240507,1,551,50,355.07409481632266,17753.704740816134,11.0,20240518.0,Received
8992,20240728,1,551,50,355.07409481632266,17753.704740816134,10.0,20240807.0,Received
8993,20241013,1,551,50,355.07409481632266,17753.704740816134,11.0,20241024.0,Received
8994,20241202,1,551,50,355.07409481632266,17753.704740816134,5.0,20241207.0,Received
8995,20250202,1,551,50,355.07409481632266,17753.704740816134,10.0,20250212.0,Received
8996,20250426,1,551,50,355.07409481632266,17753.704740816134,9.0,20250505.0,Received
8997,20250702,1,551,50,355.07409481632266,17753.704740816134,5.0,20250707.0,Received
8998,20250905,1,551,50,355.07409481632266,17753.704740816134,6.0,20250911.0,Received
8999,20251107,1,551,50,355.07409481632266,17753.704740816134,8.0,20251115.0,Received
9000,20230326,1,552,50,274.45000000000005,13722.500000000002,9.0,20230404.0,Received
9001,20230521,1,552,50,274.45000000000005,13722.500000000002,11.0,20230601.0,Received
9002,20230725,1,552,50,274.45000000000005,13722.500000000002,10.0,20230804.0,Received
9003,20230921,1,552,50,274.45000000000005,13722.500000000002,7.0,20230928.0,Received
9004,20231207,1,552,50,274.45000000000005,13722.500000000002,,,Cancelled
9005,20240121,1,552,50,274.45000000000005,13722.500000000002,7.0,20240128.0,Received
9006,20240326,1,552,50,274.45000000000005,13722.500000000002,7.0,20240402.0,Received
9007,20240617,1,552,50,274.45000000000005,13722.500000000002,11.0,20240628.0,Received
9008,20240902,1,552,50,274.45000000000005,13722.500000000002,6.0,20240908.0,Received
9009,20241106,1,552,50,274.45000000000005,13722.500000000002,9.0,20241115.0,Received
9010,20250104,1,552,50,274.45000000000005,13722.500000000002,10.0,20250114.0,Received
9011,20250314,1,552,50,274.45000000000005,13722.500000000002,7.0,20250321.0,Received
9012,20250524,1,552,50,274.45000000000005,13722.500000000002,7.0,20250531.0,Received
9013,20250804,1,552,50,274.45000000000005,13722.500000000002,9.0,20250813.0,Received
9014,20251028,1,552,50,274.45000000000005,13722.500000000002,6.0,20251103.0,Received
9015,20260104,1,552,50,274.45000000000005,13722.500000000002,,,Cancelled
9016,20230315,1,553,50,274.45000000000005,13722.500000000002,11.0,20230326.0,Received
9017,20230504,1,553,50,274.45000000000005,13722.500000000002,,,Confirmed
9018,20230622,1,553,50,274.45000000000005,13722.500000000002,8.0,20230630.0,Received
9019,20230808,1,553,50,274.45000000000005,13722.500000000002,5.0,20230813.0,Received
9020,20231006,1,553,50,274.45000000000005,13722.500000000002,10.0,20231016.0,Received
9021,20231207,1,553,50,274.45000000000005,13722.500000000002,7.0,20231214.0,Received
9022,20240129,1,553,50,274.45000000000005,13722.500000000002,7.0,20240205.0,Received
9023,20240407,1,553,50,274.45000000000005,13722.500000000002,,,Confirmed
9024,20240526,1,553,50,274.45000000000005,13722.500000000002,8.0,20240603.0,Received
9025,20240811,1,553,50,274.45000000000005,13722.500000000002,6.0,20240817.0,Received
9026,20241024,1,553,50,274.45000000000005,13722.500000000002,7.0,20241031.0,Received
9027,20241208,1,553,50,274.45000000000005,13722.500000000002,9.0,20241217.0,Received
9028,20250203,1,553,50,274.45000000000005,13722.500000000002,7.0,20250210.0,Received
9029,20250401,1,553,50,274.45000000000005,13722.500000000002,6.0,20250407.0,Received
9030,20250623,1,553,50,274.45000000000005,13722.500000000002,10.0,20250703.0,Received
9031,20250807,1,553,50,274.45000000000005,13722.500000000002,11.0,20250818.0,Received
9032,20250928,1,553,50,274.45000000000005,13722.500000000002,,,Cancelled
9033,20251125,1,553,50,274.45000000000005,13722.500000000002,5.0,20251130.0,Received
9034,20260128,1,553,50,274.45000000000005,13722.500000000002,9.0,20260206.0,Received
9035,20230313,1,554,50,274.45000000000005,13722.500000000002,8.0,20230321.0,Received
9036,20230602,1,554,50,274.45000000000005,13722.500000000002,,,Cancelled
9037,20230723,1,554,50,274.45000000000005,13722.500000000002,6.0,20230729.0,Received
9038,20231005,1,554,50,274.45000000000005,13722.500000000002,8.0,20231013.0,Received
9039,20231230,1,554,50,274.45000000000005,13722.500000000002,6.0,20240105.0,Received
9040,20240326,1,554,50,274.45000000000005,13722.500000000002,9.0,20240404.0,Received
9041,20240619,1,554,50,274.45000000000005,13722.500000000002,7.0,20240626.0,Received
9042,20240826,1,554,50,274.45000000000005,13722.500000000002,6.0,20240901.0,Received
9043,20241115,1,554,50,274.45000000000005,13722.500000000002,9.0,20241124.0,Received
9044,20250108,1,554,50,274.45000000000005,13722.500000000002,9.0,20250117.0,Received
9045,20250404,1,554,50,274.45000000000005,13722.500000000002,8.0,20250412.0,Received
9046,20250519,1,554,50,274.45000000000005,13722.500000000002,5.0,20250524.0,Received
9047,20250806,1,554,50,274.45000000000005,13722.500000000002,5.0,20250811.0,Received
9048,20251019,1,554,50,274.45000000000005,13722.500000000002,6.0,20251025.0,Received
9049,20251211,1,554,50,274.45000000000005,13722.500000000002,,,Confirmed
9050,20260129,1,554,50,274.45000000000005,13722.500000000002,9.0,20260207.0,Received
9051,20230330,1,555,50,274.45000000000005,13722.500000000002,7.0,20230406.0,Received
9052,20230624,1,555,50,274.45000000000005,13722.500000000002,10.0,20230704.0,Received
9053,20230903,1,555,50,274.45000000000005,13722.500000000002,8.0,20230911.0,Received
9054,20231118,1,555,50,274.45000000000005,13722.500000000002,9.0,20231127.0,Received
9055,20240108,1,555,50,274.45000000000005,13722.500000000002,10.0,20240118.0,Received
9056,20240327,1,555,50,274.45000000000005,13722.500000000002,9.0,20240405.0,Received
9057,20240603,1,555,50,274.45000000000005,13722.500000000002,11.0,20240614.0,Received
9058,20240726,1,555,50,274.45000000000005,13722.500000000002,8.0,20240803.0,Received
9059,20241002,1,555,50,274.45000000000005,13722.500000000002,,,Confirmed
9060,20241125,1,555,50,274.45000000000005,13722.500000000002,6.0,20241201.0,Received
9061,20250116,1,555,50,274.45000000000005,13722.500000000002,9.0,20250125.0,Received
9062,20250311,1,555,50,274.45000000000005,13722.500000000002,6.0,20250317.0,Received
9063,20250530,1,555,50,274.45000000000005,13722.500000000002,6.0,20250605.0,Received
9064,20250716,1,555,50,274.45000000000005,13722.500000000002,5.0,20250721.0,Received
9065,20250906,1,555,50,274.45000000000005,13722.500000000002,9.0,20250915.0,Received
9066,20251025,1,555,50,274.45000000000005,13722.500000000002,11.0,20251105.0,Received
9067,20260115,1,555,50,274.45000000000005,13722.500000000002,5.0,20260120.0,Received
9068,20230326,1,556,50,391.3642327634819,19568.211638174093,5.0,20230331.0,Received
9069,20230517,1,556,50,391.3642327634819,19568.211638174093,7.0,20230524.0,Received
9070,20230710,1,556,50,391.3642327634819,19568.211638174093,10.0,20230720.0,Received
9071,20230829,1,556,50,391.3642327634819,19568.211638174093,10.0,20230908.0,Received
9072,20231122,1,556,50,391.3642327634819,19568.211638174093,,,Confirmed
9073,20240108,1,556,50,391.3642327634819,19568.211638174093,5.0,20240113.0,Received
9074,20240326,1,556,50,391.3642327634819,19568.211638174093,6.0,20240401.0,Received
9075,20240613,1,556,50,391.3642327634819,19568.211638174093,10.0,20240623.0,Received
9076,20240908,1,556,50,391.3642327634819,19568.211638174093,7.0,20240915.0,Received
9077,20241107,1,556,50,391.3642327634819,19568.211638174093,5.0,20241112.0,Received
9078,20250119,1,556,50,391.3642327634819,19568.211638174093,6.0,20250125.0,Received
9079,20250417,1,556,50,391.3642327634819,19568.211638174093,8.0,20250425.0,Received
9080,20250714,1,556,50,391.3642327634819,19568.211638174093,5.0,20250719.0,Received
9081,20251007,1,556,50,391.3642327634819,19568.211638174093,7.0,20251014.0,Received
9082,20251130,1,556,50,391.3642327634819,19568.211638174093,,,Confirmed
9083,20260118,1,556,50,391.3642327634819,19568.211638174093,9.0,20260127.0,Received
9084,20230308,1,557,50,302.5,15125.0,6.0,20230314.0,Received
9085,20230522,1,557,50,302.5,15125.0,10.0,20230601.0,Received
9086,20230721,1,557,50,302.5,15125.0,10.0,20230731.0,Received
9087,20230921,1,557,50,302.5,15125.0,6.0,20230927.0,Received
9088,20231201,1,557,50,302.5,15125.0,7.0,20231208.0,Received
9089,20240214,1,557,50,302.5,15125.0,8.0,20240222.0,Received
9090,20240423,1,557,50,302.5,15125.0,,,Confirmed
9091,20240611,1,557,50,302.5,15125.0,5.0,20240616.0,Received
9092,20240907,1,557,50,302.5,15125.0,10.0,20240917.0,Received
9093,20241107,1,557,50,302.5,15125.0,8.0,20241115.0,Received
9094,20250124,1,557,50,302.5,15125.0,6.0,20250130.0,Received
9095,20250414,1,557,50,302.5,15125.0,8.0,20250422.0,Received
9096,20250704,1,557,50,302.5,15125.0,5.0,20250709.0,Received
9097,20250925,1,557,50,302.5,15125.0,8.0,20251003.0,Received
9098,20251208,1,557,50,302.5,15125.0,7.0,20251215.0,Received
9099,20230318,1,558,50,302.5,15125.0,10.0,20230328.0,Received
9100,20230508,1,558,50,302.5,15125.0,6.0,20230514.0,Received
9101,20230724,1,558,50,302.5,15125.0,10.0,20230803.0,Received
9102,20231020,1,558,50,302.5,15125.0,5.0,20231025.0,Received
9103,20231220,1,558,50,302.5,15125.0,8.0,20231228.0,Received
9104,20240209,1,558,50,302.5,15125.0,8.0,20240217.0,Received
9105,20240325,1,558,50,302.5,15125.0,6.0,20240331.0,Received
9106,20240523,1,558,50,302.5,15125.0,5.0,20240528.0,Received
9107,20240718,1,558,50,302.5,15125.0,9.0,20240727.0,Received
9108,20241008,1,558,50,302.5,15125.0,5.0,20241013.0,Received
9109,20241201,1,558,50,302.5,15125.0,7.0,20241208.0,Received
9110,20250131,1,558,50,302.5,15125.0,10.0,20250210.0,Received
9111,20250409,1,558,50,302.5,15125.0,9.0,20250418.0,Received
9112,20250629,1,558,50,302.5,15125.0,5.0,20250704.0,Received
9113,20250909,1,558,50,302.5,15125.0,6.0,20250915.0,Received
9114,20251202,1,558,50,302.5,15125.0,7.0,20251209.0,Received
9115,20260130,1,558,50,302.5,15125.0,10.0,20260209.0,Received
9116,20230220,1,559,50,302.5,15125.0,7.0,20230227.0,Received
9117,20230409,1,559,50,302.5,15125.0,,,Confirmed
9118,20230707,1,559,50,302.5,15125.0,11.0,20230718.0,Received
9119,20230824,1,559,50,302.5,15125.0,,,Cancelled
9120,20231119,1,559,50,302.5,15125.0,11.0,20231130.0,Received
9121,20240106,1,559,50,302.5,15125.0,,,Confirmed
9122,20240313,1,559,50,302.5,15125.0,7.0,20240320.0,Received
9123,20240512,1,559,50,302.5,15125.0,6.0,20240518.0,Received
9124,20240806,1,559,50,302.5,15125.0,8.0,20240814.0,Received
9125,20241025,1,559,50,302.5,15125.0,6.0,20241031.0,Received
9126,20241214,1,559,50,302.5,15125.0,10.0,20241224.0,Received
9127,20250203,1,559,50,302.5,15125.0,10.0,20250213.0,Received
9128,20250328,1,559,50,302.5,15125.0,9.0,20250406.0,Received
9129,20250520,1,559,50,302.5,15125.0,11.0,20250531.0,Received
9130,20250710,1,559,50,302.5,15125.0,9.0,20250719.0,Received
9131,20250920,1,559,50,302.5,15125.0,6.0,20250926.0,Received
9132,20251126,1,559,50,302.5,15125.0,10.0,20251206.0,Received
9133,20230323,1,560,50,302.5,15125.0,,,Confirmed
9134,20230516,1,560,50,302.5,15125.0,10.0,20230526.0,Received
9135,20230712,1,560,50,302.5,15125.0,7.0,20230719.0,Received
9136,20230908,1,560,50,302.5,15125.0,9.0,20230917.0,Received
9137,20231112,1,560,50,302.5,15125.0,9.0,20231121.0,Received
9138,20240111,1,560,50,302.5,15125.0,11.0,20240122.0,Received
9139,20240328,1,560,50,302.5,15125.0,11.0,20240408.0,Received
9140,20240514,1,560,50,302.5,15125.0,6.0,20240520.0,Received
9141,20240727,1,560,50,302.5,15125.0,7.0,20240803.0,Received
9142,20240927,1,560,50,302.5,15125.0,11.0,20241008.0,Received
9143,20241111,1,560,50,302.5,15125.0,10.0,20241121.0,Received
9144,20250103,1,560,50,302.5,15125.0,6.0,20250109.0,Received
9145,20250301,1,560,50,302.5,15125.0,10.0,20250311.0,Received
9146,20250510,1,560,50,302.5,15125.0,7.0,20250517.0,Received
9147,20250722,1,560,50,302.5,15125.0,6.0,20250728.0,Received
9148,20250919,1,560,50,302.5,15125.0,11.0,20250930.0,Received
9149,20251210,1,560,50,302.5,15125.0,7.0,20251217.0,Received
9150,20230312,1,561,50,604.8356324526538,30241.78162263269,7.0,20230319.0,Received
9151,20230429,1,561,50,604.8356324526538,30241.78162263269,9.0,20230508.0,Received
9152,20230709,1,561,50,604.8356324526538,30241.78162263269,6.0,20230715.0,Received
9153,20231006,1,561,50,604.8356324526538,30241.78162263269,7.0,20231013.0,Received
9154,20231215,1,561,50,604.8356324526538,30241.78162263269,11.0,20231226.0,Received
9155,20240229,1,561,50,604.8356324526538,30241.78162263269,5.0,20240305.0,Received
9156,20240510,1,561,50,604.8356324526538,30241.78162263269,9.0,20240519.0,Received
9157,20240630,1,561,50,604.8356324526538,30241.78162263269,5.0,20240705.0,Received
9158,20240921,1,561,50,604.8356324526538,30241.78162263269,10.0,20241001.0,Received
9159,20241106,1,561,50,604.8356324526538,30241.78162263269,6.0,20241112.0,Received
9160,20250127,1,561,50,604.8356324526538,30241.78162263269,8.0,20250204.0,Received
9161,20250408,1,561,50,604.8356324526538,30241.78162263269,5.0,20250413.0,Received
9162,20250706,1,561,50,604.8356324526538,30241.78162263269,6.0,20250712.0,Received
9163,20250921,1,561,50,604.8356324526538,30241.78162263269,9.0,20250930.0,Received
9164,20251208,1,561,50,604.8356324526538,30241.78162263269,,,Cancelled
9165,20260126,1,561,50,604.8356324526538,30241.78162263269,6.0,20260201.0,Received
9166,20230304,1,562,50,467.50000000000006,23375.000000000004,5.0,20230309.0,Received
9167,20230518,1,562,50,467.50000000000006,23375.000000000004,7.0,20230525.0,Received
9168,20230807,1,562,50,467.50000000000006,23375.000000000004,8.0,20230815.0,Received
9169,20230923,1,562,50,467.50000000000006,23375.000000000004,9.0,20231002.0,Received
9170,20231202,1,562,50,467.50000000000006,23375.000000000004,8.0,20231210.0,Received
9171,20240205,1,562,50,467.50000000000006,23375.000000000004,6.0,20240211.0,Received
9172,20240427,1,562,50,467.50000000000006,23375.000000000004,11.0,20240508.0,Received
9173,20240627,1,562,50,467.50000000000006,23375.000000000004,9.0,20240706.0,Received
9174,20240907,1,562,50,467.50000000000006,23375.000000000004,6.0,20240913.0,Received
9175,20241124,1,562,50,467.50000000000006,23375.000000000004,9.0,20241203.0,Received
9176,20250130,1,562,50,467.50000000000006,23375.000000000004,7.0,20250206.0,Received
9177,20250405,1,562,50,467.50000000000006,23375.000000000004,9.0,20250414.0,Received
9178,20250605,1,562,50,467.50000000000006,23375.000000000004,11.0,20250616.0,Received
9179,20250817,1,562,50,467.50000000000006,23375.000000000004,5.0,20250822.0,Received
9180,20251002,1,562,50,467.50000000000006,23375.000000000004,8.0,20251010.0,Received
9181,20251208,1,562,50,467.50000000000006,23375.000000000004,7.0,20251215.0,Received
9182,20230309,1,563,50,467.50000000000006,23375.000000000004,8.0,20230317.0,Received
9183,20230522,1,563,50,467.50000000000006,23375.000000000004,8.0,20230530.0,Received
9184,20230814,1,563,50,467.50000000000006,23375.000000000004,7.0,20230821.0,Received
9185,20231029,1,563,50,467.50000000000006,23375.000000000004,11.0,20231109.0,Received
9186,20231227,1,563,50,467.50000000000006,23375.000000000004,7.0,20240103.0,Received
9187,20240323,1,563,50,467.50000000000006,23375.000000000004,9.0,20240401.0,Received
9188,20240529,1,563,50,467.50000000000006,23375.000000000004,5.0,20240603.0,Received
9189,20240824,1,563,50,467.50000000000006,23375.000000000004,11.0,20240904.0,Received
9190,20241119,1,563,50,467.50000000000006,23375.000000000004,9.0,20241128.0,Received
9191,20250103,1,563,50,467.50000000000006,23375.000000000004,,,Confirmed
9192,20250402,1,563,50,467.50000000000006,23375.000000000004,9.0,20250411.0,Received
9193,20250521,1,563,50,467.50000000000006,23375.000000000004,7.0,20250528.0,Received
9194,20250707,1,563,50,467.50000000000006,23375.000000000004,8.0,20250715.0,Received
9195,20250831,1,563,50,467.50000000000006,23375.000000000004,8.0,20250908.0,Received
9196,20251108,1,563,50,467.50000000000006,23375.000000000004,9.0,20251117.0,Received
9197,20251226,1,563,50,467.50000000000006,23375.000000000004,7.0,20260102.0,Received
9198,20230310,1,564,50,467.50000000000006,23375.000000000004,5.0,20230315.0,Received
9199,20230519,1,564,50,467.50000000000006,23375.000000000004,10.0,20230529.0,Received
9200,20230712,1,564,50,467.50000000000006,23375.000000000004,7.0,20230719.0,Received
9201,20230923,1,564,50,467.50000000000006,23375.000000000004,11.0,20231004.0,Received
9202,20231204,1,564,50,467.50000000000006,23375.000000000004,8.0,20231212.0,Received
9203,20240206,1,564,50,467.50000000000006,23375.000000000004,9.0,20240215.0,Received
9204,20240420,1,564,50,467.50000000000006,23375.000000000004,6.0,20240426.0,Received
9205,20240622,1,564,50,467.50000000000006,23375.000000000004,11.0,20240703.0,Received
9206,20240915,1,564,50,467.50000000000006,23375.000000000004,10.0,20240925.0,Received
9207,20241031,1,564,50,467.50000000000006,23375.000000000004,11.0,20241111.0,Received
9208,20250117,1,564,50,467.50000000000006,23375.000000000004,6.0,20250123.0,Received
9209,20250330,1,564,50,467.50000000000006,23375.000000000004,7.0,20250406.0,Received
9210,20250528,1,564,50,467.50000000000006,23375.000000000004,,,Confirmed
9211,20250817,1,564,50,467.50000000000006,23375.000000000004,7.0,20250824.0,Received
9212,20251022,1,564,50,467.50000000000006,23375.000000000004,,,Cancelled
9213,20251206,1,564,50,467.50000000000006,23375.000000000004,11.0,20251217.0,Received
9214,20230223,1,565,50,467.50000000000006,23375.000000000004,11.0,20230306.0,Received
9215,20230514,1,565,50,467.50000000000006,23375.000000000004,8.0,20230522.0,Received
9216,20230729,1,565,50,467.50000000000006,23375.000000000004,10.0,20230808.0,Received
9217,20231019,1,565,50,467.50000000000006,23375.000000000004,6.0,20231025.0,Received
9218,20240104,1,565,50,467.50000000000006,23375.000000000004,8.0,20240112.0,Received
9219,20240313,1,565,50,467.50000000000006,23375.000000000004,5.0,20240318.0,Received
9220,20240606,1,565,50,467.50000000000006,23375.000000000004,5.0,20240611.0,Received
9221,20240830,1,565,50,467.50000000000006,23375.000000000004,6.0,20240905.0,Received
9222,20241017,1,565,50,467.50000000000006,23375.000000000004,11.0,20241028.0,Received
9223,20241203,1,565,50,467.50000000000006,23375.000000000004,9.0,20241212.0,Received
9224,20250216,1,565,50,467.50000000000006,23375.000000000004,,,Confirmed
9225,20250410,1,565,50,467.50000000000006,23375.000000000004,5.0,20250415.0,Received
9226,20250707,1,565,50,467.50000000000006,23375.000000000004,7.0,20250714.0,Received
9227,20250919,1,565,50,467.50000000000006,23375.000000000004,7.0,20250926.0,Received
9228,20251130,1,565,50,467.50000000000006,23375.000000000004,9.0,20251209.0,Received
9229,20230325,1,566,50,320.2070995337579,16010.354976687895,8.0,20230402.0,Received
9230,20230520,1,566,50,320.2070995337579,16010.354976687895,9.0,20230529.0,Received
9231,20230723,1,566,50,320.2070995337579,16010.354976687895,5.0,20230728.0,Received
9232,20230907,1,566,50,320.2070995337579,16010.354976687895,7.0,20230914.0,Received
9233,20231124,1,566,50,320.2070995337579,16010.354976687895,9.0,20231203.0,Received
9234,20240109,1,566,50,320.2070995337579,16010.354976687895,11.0,20240120.0,Received
9235,20240315,1,566,50,320.2070995337579,16010.354976687895,,,Cancelled
9236,20240610,1,566,50,320.2070995337579,16010.354976687895,7.0,20240617.0,Received
9237,20240827,1,566,50,320.2070995337579,16010.354976687895,8.0,20240904.0,Received
9238,20241111,1,566,50,320.2070995337579,16010.354976687895,8.0,20241119.0,Received
9239,20250111,1,566,50,320.2070995337579,16010.354976687895,,,Cancelled
9240,20250301,1,566,50,320.2070995337579,16010.354976687895,,,Confirmed
9241,20250504,1,566,50,320.2070995337579,16010.354976687895,10.0,20250514.0,Received
9242,20250705,1,566,50,320.2070995337579,16010.354976687895,11.0,20250716.0,Received
9243,20250819,1,566,50,320.2070995337579,16010.354976687895,10.0,20250829.0,Received
9244,20251018,1,566,50,320.2070995337579,16010.354976687895,10.0,20251028.0,Received
9245,20251212,1,566,50,320.2070995337579,16010.354976687895,8.0,20251220.0,Received
9246,20230318,1,567,50,247.50000000000003,12375.000000000002,6.0,20230324.0,Received
9247,20230523,1,567,50,247.50000000000003,12375.000000000002,7.0,20230530.0,Received
9248,20230713,1,567,50,247.50000000000003,12375.000000000002,7.0,20230720.0,Received
9249,20231007,1,567,50,247.50000000000003,12375.000000000002,9.0,20231016.0,Received
9250,20231213,1,567,50,247.50000000000003,12375.000000000002,10.0,20231223.0,Received
9251,20240207,1,567,50,247.50000000000003,12375.000000000002,7.0,20240214.0,Received
9252,20240421,1,567,50,247.50000000000003,12375.000000000002,10.0,20240501.0,Received
9253,20240617,1,567,50,247.50000000000003,12375.000000000002,10.0,20240627.0,Received
9254,20240805,1,567,50,247.50000000000003,12375.000000000002,8.0,20240813.0,Received
9255,20241028,1,567,50,247.50000000000003,12375.000000000002,9.0,20241106.0,Received
9256,20250123,1,567,50,247.50000000000003,12375.000000000002,9.0,20250201.0,Received
9257,20250421,1,567,50,247.50000000000003,12375.000000000002,5.0,20250426.0,Received
9258,20250628,1,567,50,247.50000000000003,12375.000000000002,8.0,20250706.0,Received
9259,20250923,1,567,50,247.50000000000003,12375.000000000002,5.0,20250928.0,Received
9260,20251119,1,567,50,247.50000000000003,12375.000000000002,10.0,20251129.0,Received
9261,20260105,1,567,50,247.50000000000003,12375.000000000002,10.0,20260115.0,Received
9262,20230323,1,568,57,247.50000000000003,14107.500000000002,6.0,20230329.0,Received
9263,20230528,1,568,57,247.50000000000003,14107.500000000002,5.0,20230602.0,Received
9264,20230725,1,568,57,247.50000000000003,14107.500000000002,5.0,20230730.0,Received
9265,20230927,1,568,57,247.50000000000003,14107.500000000002,9.0,20231006.0,Received
9266,20231130,1,568,57,247.50000000000003,14107.500000000002,8.0,20231208.0,Received
9267,20240205,1,568,57,247.50000000000003,14107.500000000002,9.0,20240214.0,Received
9268,20240412,1,568,57,247.50000000000003,14107.500000000002,9.0,20240421.0,Received
9269,20240528,1,568,57,247.50000000000003,14107.500000000002,9.0,20240606.0,Received
9270,20240723,1,568,57,247.50000000000003,14107.500000000002,9.0,20240801.0,Received
9271,20240906,1,568,57,247.50000000000003,14107.500000000002,10.0,20240916.0,Received
9272,20241106,1,568,57,247.50000000000003,14107.500000000002,5.0,20241111.0,Received
9273,20250201,1,568,57,247.50000000000003,14107.500000000002,11.0,20250212.0,Received
9274,20250406,1,568,57,247.50000000000003,14107.500000000002,11.0,20250417.0,Received
9275,20250607,1,568,57,247.50000000000003,14107.500000000002,7.0,20250614.0,Received
9276,20250822,1,568,57,247.50000000000003,14107.500000000002,6.0,20250828.0,Received
9277,20251118,1,568,57,247.50000000000003,14107.500000000002,6.0,20251124.0,Received
9278,20230221,1,569,50,247.50000000000003,12375.000000000002,8.0,20230301.0,Received
9279,20230430,1,569,50,247.50000000000003,12375.000000000002,,,Confirmed
9280,20230719,1,569,50,247.50000000000003,12375.000000000002,6.0,20230725.0,Received
9281,20230904,1,569,50,247.50000000000003,12375.000000000002,11.0,20230915.0,Received
9282,20231126,1,569,50,247.50000000000003,12375.000000000002,5.0,20231201.0,Received
9283,20240113,1,569,50,247.50000000000003,12375.000000000002,5.0,20240118.0,Received
9284,20240324,1,569,50,247.50000000000003,12375.000000000002,10.0,20240403.0,Received
9285,20240616,1,569,50,247.50000000000003,12375.000000000002,5.0,20240621.0,Received
9286,20240812,1,569,50,247.50000000000003,12375.000000000002,5.0,20240817.0,Received
9287,20241010,1,569,50,247.50000000000003,12375.000000000002,7.0,20241017.0,Received
9288,20250106,1,569,50,247.50000000000003,12375.000000000002,6.0,20250112.0,Received
9289,20250329,1,569,50,247.50000000000003,12375.000000000002,,,Confirmed
9290,20250614,1,569,50,247.50000000000003,12375.000000000002,6.0,20250620.0,Received
9291,20250817,1,569,50,247.50000000000003,12375.000000000002,9.0,20250826.0,Received
9292,20251022,1,569,50,247.50000000000003,12375.000000000002,7.0,20251029.0,Received
9293,20251206,1,569,50,247.50000000000003,12375.000000000002,,,Cancelled
9294,20260120,1,569,50,247.50000000000003,12375.000000000002,,,Confirmed
9295,20230319,1,570,51,247.50000000000003,12622.500000000002,7.0,20230326.0,Received
9296,20230612,1,570,51,247.50000000000003,12622.500000000002,7.0,20230619.0,Received
9297,20230728,1,570,51,247.50000000000003,12622.500000000002,8.0,20230805.0,Received
9298,20230922,1,570,51,247.50000000000003,12622.500000000002,,,Cancelled
9299,20231124,1,570,51,247.50000000000003,12622.500000000002,10.0,20231204.0,Received
9300,20240130,1,570,51,247.50000000000003,12622.500000000002,,,Confirmed
9301,20240415,1,570,51,247.50000000000003,12622.500000000002,9.0,20240424.0,Received
9302,20240604,1,570,51,247.50000000000003,12622.500000000002,5.0,20240609.0,Received
9303,20240806,1,570,51,247.50000000000003,12622.500000000002,7.0,20240813.0,Received
9304,20241020,1,570,51,247.50000000000003,12622.500000000002,9.0,20241029.0,Received
9305,20250106,1,570,51,247.50000000000003,12622.500000000002,11.0,20250117.0,Received
9306,20250302,1,570,51,247.50000000000003,12622.500000000002,5.0,20250307.0,Received
9307,20250502,1,570,51,247.50000000000003,12622.500000000002,10.0,20250512.0,Received
9308,20250630,1,570,51,247.50000000000003,12622.500000000002,8.0,20250708.0,Received
9309,20250815,1,570,51,247.50000000000003,12622.500000000002,9.0,20250824.0,Received
9310,20251015,1,570,51,247.50000000000003,12622.500000000002,5.0,20251020.0,Received
9311,20260112,1,570,51,247.50000000000003,12622.500000000002,5.0,20260117.0,Received
9312,20230306,1,571,50,569.2570658377919,28462.853291889594,,,Cancelled
9313,20230521,1,571,50,569.2570658377919,28462.853291889594,11.0,20230601.0,Received
9314,20230726,1,571,50,569.2570658377919,28462.853291889594,8.0,20230803.0,Received
9315,20231004,1,571,50,569.2570658377919,28462.853291889594,6.0,20231010.0,Received
9316,20231208,1,571,50,569.2570658377919,28462.853291889594,10.0,20231218.0,Received
9317,20240229,1,571,50,569.2570658377919,28462.853291889594,10.0,20240310.0,Received
9318,20240519,1,571,50,569.2570658377919,28462.853291889594,11.0,20240530.0,Received
9319,20240707,1,571,50,569.2570658377919,28462.853291889594,5.0,20240712.0,Received
9320,20241003,1,571,50,569.2570658377919,28462.853291889594,9.0,20241012.0,Received
9321,20241202,1,571,50,569.2570658377919,28462.853291889594,8.0,20241210.0,Received
9322,20250121,1,571,50,569.2570658377919,28462.853291889594,11.0,20250201.0,Received
9323,20250402,1,571,50,569.2570658377919,28462.853291889594,11.0,20250413.0,Received
9324,20250612,1,571,50,569.2570658377919,28462.853291889594,5.0,20250617.0,Received
9325,20250801,1,571,50,569.2570658377919,28462.853291889594,11.0,20250812.0,Received
9326,20250928,1,571,50,569.2570658377919,28462.853291889594,10.0,20251008.0,Received
9327,20251210,1,571,50,569.2570658377919,28462.853291889594,7.0,20251217.0,Received
9328,20230307,1,572,50,440.00000000000006,22000.000000000004,11.0,20230318.0,Received
9329,20230525,1,572,50,440.00000000000006,22000.000000000004,6.0,20230531.0,Received
9330,20230718,1,572,50,440.00000000000006,22000.000000000004,7.0,20230725.0,Received
9331,20230911,1,572,50,440.00000000000006,22000.000000000004,11.0,20230922.0,Received
9332,20231117,1,572,50,440.00000000000006,22000.000000000004,8.0,20231125.0,Received
9333,20240115,1,572,50,440.00000000000006,22000.000000000004,5.0,20240120.0,Received
9334,20240303,1,572,50,440.00000000000006,22000.000000000004,8.0,20240311.0,Received
9335,20240511,1,572,50,440.00000000000006,22000.000000000004,9.0,20240520.0,Received
9336,20240807,1,572,50,440.00000000000006,22000.000000000004,,,Confirmed
9337,20241027,1,572,50,440.00000000000006,22000.000000000004,7.0,20241103.0,Received
9338,20241225,1,572,50,440.00000000000006,22000.000000000004,5.0,20241230.0,Received
9339,20250220,1,572,50,440.00000000000006,22000.000000000004,8.0,20250228.0,Received
9340,20250504,1,572,50,440.00000000000006,22000.000000000004,7.0,20250511.0,Received
9341,20250717,1,572,50,440.00000000000006,22000.000000000004,8.0,20250725.0,Received
9342,20250913,1,572,50,440.00000000000006,22000.000000000004,9.0,20250922.0,Received
9343,20251204,1,572,50,440.00000000000006,22000.000000000004,6.0,20251210.0,Received
9344,20230312,1,573,50,440.00000000000006,22000.000000000004,,,Confirmed
9345,20230520,1,573,50,440.00000000000006,22000.000000000004,9.0,20230529.0,Received
9346,20230719,1,573,50,440.00000000000006,22000.000000000004,7.0,20230726.0,Received
9347,20231016,1,573,50,440.00000000000006,22000.000000000004,6.0,20231022.0,Received
9348,20231220,1,573,50,440.00000000000006,22000.000000000004,6.0,20231226.0,Received
9349,20240219,1,573,50,440.00000000000006,22000.000000000004,9.0,20240228.0,Received
9350,20240426,1,573,50,440.00000000000006,22000.000000000004,8.0,20240504.0,Received
9351,20240627,1,573,50,440.00000000000006,22000.000000000004,8.0,20240705.0,Received
9352,20240821,1,573,50,440.00000000000006,22000.000000000004,11.0,20240901.0,Received
9353,20241026,1,573,50,440.00000000000006,22000.000000000004,8.0,20241103.0,Received
9354,20250122,1,573,50,440.00000000000006,22000.000000000004,5.0,20250127.0,Received
9355,20250319,1,573,50,440.00000000000006,22000.000000000004,7.0,20250326.0,Received
9356,20250613,1,573,50,440.00000000000006,22000.000000000004,11.0,20250624.0,Received
9357,20250907,1,573,50,440.00000000000006,22000.000000000004,8.0,20250915.0,Received
9358,20251109,1,573,50,440.00000000000006,22000.000000000004,11.0,20251120.0,Received
9359,20251227,1,573,50,440.00000000000006,22000.000000000004,10.0,20260106.0,Received
9360,20230226,1,574,50,440.00000000000006,22000.000000000004,10.0,20230308.0,Received
9361,20230501,1,574,50,440.00000000000006,22000.000000000004,7.0,20230508.0,Received
9362,20230727,1,574,50,440.00000000000006,22000.000000000004,11.0,20230807.0,Received
9363,20231012,1,574,50,440.00000000000006,22000.000000000004,7.0,20231019.0,Received
9364,20231202,1,574,50,440.00000000000006,22000.000000000004,11.0,20231213.0,Received
9365,20240228,1,574,50,440.00000000000006,22000.000000000004,,,Cancelled
9366,20240522,1,574,50,440.00000000000006,22000.000000000004,6.0,20240528.0,Received
9367,20240718,1,574,50,440.00000000000006,22000.000000000004,6.0,20240724.0,Received
9368,20240926,1,574,50,440.00000000000006,22000.000000000004,8.0,20241004.0,Received
9369,20241212,1,574,50,440.00000000000006,22000.000000000004,7.0,20241219.0,Received
9370,20250302,1,574,50,440.00000000000006,22000.000000000004,5.0,20250307.0,Received
9371,20250522,1,574,50,440.00000000000006,22000.000000000004,5.0,20250527.0,Received
9372,20250802,1,574,50,440.00000000000006,22000.000000000004,9.0,20250811.0,Received
9373,20251014,1,574,50,440.00000000000006,22000.000000000004,7.0,20251021.0,Received
9374,20251214,1,574,50,440.00000000000006,22000.000000000004,9.0,20251223.0,Received
9375,20230318,1,575,50,440.00000000000006,22000.000000000004,7.0,20230325.0,Received
9376,20230606,1,575,50,440.00000000000006,22000.000000000004,5.0,20230611.0,Received
9377,20230727,1,575,50,440.00000000000006,22000.000000000004,7.0,20230803.0,Received
9378,20231018,1,575,50,440.00000000000006,22000.000000000004,8.0,20231026.0,Received
9379,20231221,1,575,50,440.00000000000006,22000.000000000004,,,Cancelled
9380,20240307,1,575,50,440.00000000000006,22000.000000000004,10.0,20240317.0,Received
9381,20240501,1,575,50,440.00000000000006,22000.000000000004,6.0,20240507.0,Received
9382,20240625,1,575,50,440.00000000000006,22000.000000000004,6.0,20240701.0,Received
9383,20240823,1,575,50,440.00000000000006,22000.000000000004,6.0,20240829.0,Received
9384,20241021,1,575,50,440.00000000000006,22000.000000000004,5.0,20241026.0,Received
9385,20250103,1,575,50,440.00000000000006,22000.000000000004,11.0,20250114.0,Received
9386,20250318,1,575,50,440.00000000000006,22000.000000000004,9.0,20250327.0,Received
9387,20250531,1,575,50,440.00000000000006,22000.000000000004,9.0,20250609.0,Received
9388,20250802,1,575,50,440.00000000000006,22000.000000000004,11.0,20250813.0,Received
9389,20251014,1,575,50,440.00000000000006,22000.000000000004,8.0,20251022.0,Received
9390,20260110,1,575,50,440.00000000000006,22000.000000000004,,,Cancelled
9391,20230326,1,576,50,320.2070995337579,16010.354976687895,5.0,20230331.0,Received
9392,20230622,1,576,50,320.2070995337579,16010.354976687895,11.0,20230703.0,Received
9393,20230902,1,576,50,320.2070995337579,16010.354976687895,6.0,20230908.0,Received
9394,20231118,1,576,50,320.2070995337579,16010.354976687895,6.0,20231124.0,Received
9395,20240104,1,576,50,320.2070995337579,16010.354976687895,11.0,20240115.0,Received
9396,20240326,1,576,50,320.2070995337579,16010.354976687895,6.0,20240401.0,Received
9397,20240514,1,576,50,320.2070995337579,16010.354976687895,7.0,20240521.0,Received
9398,20240704,1,576,50,320.2070995337579,16010.354976687895,10.0,20240714.0,Received
9399,20240930,1,576,50,320.2070995337579,16010.354976687895,10.0,20241010.0,Received
9400,20241228,1,576,50,320.2070995337579,16010.354976687895,8.0,20250105.0,Received
9401,20250324,1,576,50,320.2070995337579,16010.354976687895,10.0,20250403.0,Received
9402,20250612,1,576,50,320.2070995337579,16010.354976687895,9.0,20250621.0,Received
9403,20250908,1,576,50,320.2070995337579,16010.354976687895,11.0,20250919.0,Received
9404,20251125,1,576,50,320.2070995337579,16010.354976687895,9.0,20251204.0,Received
9405,20260109,1,576,50,320.2070995337579,16010.354976687895,8.0,20260117.0,Received
9406,20230307,1,577,50,247.50000000000003,12375.000000000002,11.0,20230318.0,Received
9407,20230511,1,577,50,247.50000000000003,12375.000000000002,5.0,20230516.0,Received
9408,20230630,1,577,50,247.50000000000003,12375.000000000002,5.0,20230705.0,Received
9409,20230925,1,577,50,247.50000000000003,12375.000000000002,10.0,20231005.0,Received
9410,20231130,1,577,50,247.50000000000003,12375.000000000002,11.0,20231211.0,Received
9411,20240203,1,577,50,247.50000000000003,12375.000000000002,7.0,20240210.0,Received
9412,20240327,1,577,50,247.50000000000003,12375.000000000002,7.0,20240403.0,Received
9413,20240611,1,577,50,247.50000000000003,12375.000000000002,7.0,20240618.0,Received
9414,20240831,1,577,50,247.50000000000003,12375.000000000002,7.0,20240907.0,Received
9415,20241106,1,577,50,247.50000000000003,12375.000000000002,6.0,20241112.0,Received
9416,20250116,1,577,50,247.50000000000003,12375.000000000002,11.0,20250127.0,Received
9417,20250322,1,577,50,247.50000000000003,12375.000000000002,6.0,20250328.0,Received
9418,20250521,1,577,50,247.50000000000003,12375.000000000002,5.0,20250526.0,Received
9419,20250812,1,577,50,247.50000000000003,12375.000000000002,9.0,20250821.0,Received
9420,20251107,1,577,50,247.50000000000003,12375.000000000002,8.0,20251115.0,Received
9421,20230219,1,578,50,247.50000000000003,12375.000000000002,11.0,20230302.0,Received
9422,20230419,1,578,50,247.50000000000003,12375.000000000002,9.0,20230428.0,Received
9423,20230619,1,578,50,247.50000000000003,12375.000000000002,6.0,20230625.0,Received
9424,20230804,1,578,50,247.50000000000003,12375.000000000002,6.0,20230810.0,Received
9425,20231004,1,578,50,247.50000000000003,12375.000000000002,8.0,20231012.0,Received
9426,20231120,1,578,50,247.50000000000003,12375.000000000002,5.0,20231125.0,Received
9427,20240116,1,578,50,247.50000000000003,12375.000000000002,6.0,20240122.0,Received
9428,20240308,1,578,50,247.50000000000003,12375.000000000002,8.0,20240316.0,Received
9429,20240527,1,578,50,247.50000000000003,12375.000000000002,9.0,20240605.0,Received
9430,20240720,1,578,50,247.50000000000003,12375.000000000002,5.0,20240725.0,Received
9431,20240918,1,578,50,247.50000000000003,12375.000000000002,6.0,20240924.0,Received
9432,20241205,1,578,50,247.50000000000003,12375.000000000002,7.0,20241212.0,Received
9433,20250204,1,578,50,247.50000000000003,12375.000000000002,8.0,20250212.0,Received
9434,20250422,1,578,50,247.50000000000003,12375.000000000002,7.0,20250429.0,Received
9435,20250609,1,578,50,247.50000000000003,12375.000000000002,6.0,20250615.0,Received
9436,20250724,1,578,50,247.50000000000003,12375.000000000002,9.0,20250802.0,Received
9437,20251004,1,578,50,247.50000000000003,12375.000000000002,,,Confirmed
9438,20251207,1,578,50,247.50000000000003,12375.000000000002,,,Confirmed
9439,20230318,1,579,50,247.50000000000003,12375.000000000002,5.0,20230323.0,Received
9440,20230510,1,579,50,247.50000000000003,12375.000000000002,9.0,20230519.0,Received
9441,20230722,1,579,50,247.50000000000003,12375.000000000002,11.0,20230802.0,Received
9442,20230912,1,579,50,247.50000000000003,12375.000000000002,6.0,20230918.0,Received
9443,20231119,1,579,50,247.50000000000003,12375.000000000002,,,Cancelled
9444,20240208,1,579,50,247.50000000000003,12375.000000000002,7.0,20240215.0,Received
9445,20240413,1,579,50,247.50000000000003,12375.000000000002,9.0,20240422.0,Received
9446,20240703,1,579,50,247.50000000000003,12375.000000000002,5.0,20240708.0,Received
9447,20240824,1,579,50,247.50000000000003,12375.000000000002,11.0,20240904.0,Received
9448,20241112,1,579,50,247.50000000000003,12375.000000000002,6.0,20241118.0,Received
9449,20250124,1,579,50,247.50000000000003,12375.000000000002,5.0,20250129.0,Received
9450,20250419,1,579,50,247.50000000000003,12375.000000000002,11.0,20250430.0,Received
9451,20250712,1,579,50,247.50000000000003,12375.000000000002,11.0,20250723.0,Received
9452,20251002,1,579,50,247.50000000000003,12375.000000000002,9.0,20251011.0,Received
9453,20251215,1,579,50,247.50000000000003,12375.000000000002,6.0,20251221.0,Received
9454,20230303,1,580,50,247.50000000000003,12375.000000000002,7.0,20230310.0,Received
9455,20230426,1,580,50,247.50000000000003,12375.000000000002,6.0,20230502.0,Received
9456,20230622,1,580,50,247.50000000000003,12375.000000000002,9.0,20230701.0,Received
9457,20230910,1,580,50,247.50000000000003,12375.000000000002,5.0,20230915.0,Received
9458,20231026,1,580,50,247.50000000000003,12375.000000000002,9.0,20231104.0,Received
9459,20231230,1,580,50,247.50000000000003,12375.000000000002,6.0,20240105.0,Received
9460,20240314,1,580,50,247.50000000000003,12375.000000000002,10.0,20240324.0,Received
9461,20240501,1,580,50,247.50000000000003,12375.000000000002,11.0,20240512.0,Received
9462,20240619,1,580,50,247.50000000000003,12375.000000000002,11.0,20240630.0,Received
9463,20240827,1,580,50,247.50000000000003,12375.000000000002,5.0,20240901.0,Received
9464,20241015,1,580,50,247.50000000000003,12375.000000000002,8.0,20241023.0,Received
9465,20241212,1,580,50,247.50000000000003,12375.000000000002,7.0,20241219.0,Received
9466,20250211,1,580,50,247.50000000000003,12375.000000000002,7.0,20250218.0,Received
9467,20250421,1,580,50,247.50000000000003,12375.000000000002,10.0,20250501.0,Received
9468,20250719,1,580,50,247.50000000000003,12375.000000000002,6.0,20250725.0,Received
9469,20250928,1,580,50,247.50000000000003,12375.000000000002,9.0,20251007.0,Received
9470,20251216,1,580,50,247.50000000000003,12375.000000000002,6.0,20251222.0,Received
9471,20230223,1,581,50,320.2070995337579,16010.354976687895,7.0,20230302.0,Received
9472,20230411,1,581,50,320.2070995337579,16010.354976687895,10.0,20230421.0,Received
9473,20230526,1,581,50,320.2070995337579,16010.354976687895,10.0,20230605.0,Received
9474,20230713,1,581,50,320.2070995337579,16010.354976687895,,,Confirmed
9475,20230907,1,581,50,320.2070995337579,16010.354976687895,9.0,20230916.0,Received
9476,20231108,1,581,50,320.2070995337579,16010.354976687895,5.0,20231113.0,Received
9477,20240205,1,581,50,320.2070995337579,16010.354976687895,9.0,20240214.0,Received
9478,20240411,1,581,50,320.2070995337579,16010.354976687895,,,Cancelled
9479,20240526,1,581,50,320.2070995337579,16010.354976687895,7.0,20240602.0,Received
9480,20240721,1,581,50,320.2070995337579,16010.354976687895,11.0,20240801.0,Received
9481,20241011,1,581,50,320.2070995337579,16010.354976687895,11.0,20241022.0,Received
9482,20241128,1,581,50,320.2070995337579,16010.354976687895,11.0,20241209.0,Received
9483,20250122,1,581,50,320.2070995337579,16010.354976687895,7.0,20250129.0,Received
9484,20250417,1,581,50,320.2070995337579,16010.354976687895,7.0,20250424.0,Received
9485,20250630,1,581,50,320.2070995337579,16010.354976687895,7.0,20250707.0,Received
9486,20250927,1,581,50,320.2070995337579,16010.354976687895,,,Cancelled
9487,20251113,1,581,50,320.2070995337579,16010.354976687895,,,Confirmed
9488,20260115,1,581,50,320.2070995337579,16010.354976687895,10.0,20260125.0,Received
9489,20230330,1,582,50,247.50000000000003,12375.000000000002,9.0,20230408.0,Received
9490,20230523,1,582,50,247.50000000000003,12375.000000000002,10.0,20230602.0,Received
9491,20230805,1,582,50,247.50000000000003,12375.000000000002,9.0,20230814.0,Received
9492,20230922,1,582,50,247.50000000000003,12375.000000000002,,,Cancelled
9493,20231130,1,582,50,247.50000000000003,12375.000000000002,11.0,20231211.0,Received
9494,20240222,1,582,50,247.50000000000003,12375.000000000002,11.0,20240304.0,Received
9495,20240426,1,582,50,247.50000000000003,12375.000000000002,6.0,20240502.0,Received
9496,20240621,1,582,50,247.50000000000003,12375.000000000002,6.0,20240627.0,Received
9497,20240811,1,582,50,247.50000000000003,12375.000000000002,10.0,20240821.0,Received
9498,20240929,1,582,50,247.50000000000003,12375.000000000002,11.0,20241010.0,Received
9499,20241113,1,582,50,247.50000000000003,12375.000000000002,8.0,20241121.0,Received
9500,20250108,1,582,50,247.50000000000003,12375.000000000002,6.0,20250114.0,Received
9501,20250328,1,582,50,247.50000000000003,12375.000000000002,10.0,20250407.0,Received
9502,20250615,1,582,50,247.50000000000003,12375.000000000002,,,Cancelled
9503,20250819,1,582,50,247.50000000000003,12375.000000000002,6.0,20250825.0,Received
9504,20251023,1,582,50,247.50000000000003,12375.000000000002,,,Confirmed
9505,20260113,1,582,50,247.50000000000003,12375.000000000002,8.0,20260121.0,Received
9506,20230301,1,583,50,247.50000000000003,12375.000000000002,8.0,20230309.0,Received
9507,20230522,1,583,50,247.50000000000003,12375.000000000002,5.0,20230527.0,Received
9508,20230715,1,583,50,247.50000000000003,12375.000000000002,6.0,20230721.0,Received
9509,20230923,1,583,50,247.50000000000003,12375.000000000002,9.0,20231002.0,Received
9510,20231123,1,583,50,247.50000000000003,12375.000000000002,,,Cancelled
9511,20240107,1,583,50,247.50000000000003,12375.000000000002,7.0,20240114.0,Received
9512,20240305,1,583,50,247.50000000000003,12375.000000000002,8.0,20240313.0,Received
9513,20240513,1,583,50,247.50000000000003,12375.000000000002,5.0,20240518.0,Received
9514,20240724,1,583,50,247.50000000000003,12375.000000000002,6.0,20240730.0,Received
9515,20240923,1,583,50,247.50000000000003,12375.000000000002,7.0,20240930.0,Received
9516,20241130,1,583,50,247.50000000000003,12375.000000000002,6.0,20241206.0,Received
9517,20250119,1,583,50,247.50000000000003,12375.000000000002,7.0,20250126.0,Received
9518,20250409,1,583,50,247.50000000000003,12375.000000000002,6.0,20250415.0,Received
9519,20250617,1,583,50,247.50000000000003,12375.000000000002,9.0,20250626.0,Received
9520,20250815,1,583,50,247.50000000000003,12375.000000000002,5.0,20250820.0,Received
9521,20251111,1,583,50,247.50000000000003,12375.000000000002,10.0,20251121.0,Received
9522,20260118,1,583,50,247.50000000000003,12375.000000000002,5.0,20260123.0,Received
9523,20230309,1,584,50,247.50000000000003,12375.000000000002,,,Cancelled
9524,20230504,1,584,50,247.50000000000003,12375.000000000002,5.0,20230509.0,Received
9525,20230619,1,584,50,247.50000000000003,12375.000000000002,9.0,20230628.0,Received
9526,20230803,1,584,50,247.50000000000003,12375.000000000002,7.0,20230810.0,Received
9527,20231022,1,584,50,247.50000000000003,12375.000000000002,5.0,20231027.0,Received
9528,20240105,1,584,50,247.50000000000003,12375.000000000002,10.0,20240115.0,Received
9529,20240322,1,584,50,247.50000000000003,12375.000000000002,9.0,20240331.0,Received
9530,20240508,1,584,50,247.50000000000003,12375.000000000002,11.0,20240519.0,Received
9531,20240803,1,584,50,247.50000000000003,12375.000000000002,11.0,20240814.0,Received
9532,20241009,1,584,50,247.50000000000003,12375.000000000002,,,Confirmed
9533,20241218,1,584,50,247.50000000000003,12375.000000000002,6.0,20241224.0,Received
9534,20250213,1,584,50,247.50000000000003,12375.000000000002,7.0,20250220.0,Received
9535,20250401,1,584,50,247.50000000000003,12375.000000000002,10.0,20250411.0,Received
9536,20250626,1,584,50,247.50000000000003,12375.000000000002,10.0,20250706.0,Received
9537,20250830,1,584,50,247.50000000000003,12375.000000000002,7.0,20250906.0,Received
9538,20251106,1,584,50,247.50000000000003,12375.000000000002,9.0,20251115.0,Received
9539,20260126,1,584,50,247.50000000000003,12375.000000000002,10.0,20260205.0,Received
9540,20230317,1,585,50,247.50000000000003,12375.000000000002,11.0,20230328.0,Received
9541,20230516,1,585,50,247.50000000000003,12375.000000000002,,,Cancelled
9542,20230805,1,585,50,247.50000000000003,12375.000000000002,11.0,20230816.0,Received
9543,20231002,1,585,50,247.50000000000003,12375.000000000002,7.0,20231009.0,Received
9544,20231215,1,585,50,247.50000000000003,12375.000000000002,9.0,20231224.0,Received
9545,20240220,1,585,50,247.50000000000003,12375.000000000002,10.0,20240301.0,Received
9546,20240515,1,585,50,247.50000000000003,12375.000000000002,8.0,20240523.0,Received
9547,20240724,1,585,50,247.50000000000003,12375.000000000002,11.0,20240804.0,Received
9548,20240921,1,585,50,247.50000000000003,12375.000000000002,10.0,20241001.0,Received
9549,20241205,1,585,50,247.50000000000003,12375.000000000002,10.0,20241215.0,Received
9550,20250203,1,585,50,247.50000000000003,12375.000000000002,8.0,20250211.0,Received
9551,20250403,1,585,50,247.50000000000003,12375.000000000002,11.0,20250414.0,Received
9552,20250621,1,585,50,247.50000000000003,12375.000000000002,6.0,20250627.0,Received
9553,20250824,1,585,50,247.50000000000003,12375.000000000002,11.0,20250904.0,Received
9554,20251115,1,585,50,247.50000000000003,12375.000000000002,5.0,20251120.0,Received
9555,20230329,1,586,50,355.7856661486199,17789.283307430997,9.0,20230407.0,Received
9556,20230622,1,586,50,355.7856661486199,17789.283307430997,,,Confirmed
9557,20230830,1,586,50,355.7856661486199,17789.283307430997,5.0,20230904.0,Received
9558,20231020,1,586,50,355.7856661486199,17789.283307430997,6.0,20231026.0,Received
9559,20240106,1,586,50,355.7856661486199,17789.283307430997,9.0,20240115.0,Received
9560,20240325,1,586,50,355.7856661486199,17789.283307430997,6.0,20240331.0,Received
9561,20240514,1,586,50,355.7856661486199,17789.283307430997,7.0,20240521.0,Received
9562,20240719,1,586,50,355.7856661486199,17789.283307430997,9.0,20240728.0,Received
9563,20241002,1,586,50,355.7856661486199,17789.283307430997,11.0,20241013.0,Received
9564,20241209,1,586,50,355.7856661486199,17789.283307430997,5.0,20241214.0,Received
9565,20250201,1,586,50,355.7856661486199,17789.283307430997,7.0,20250208.0,Received
9566,20250323,1,586,50,355.7856661486199,17789.283307430997,,,Confirmed
9567,20250610,1,586,50,355.7856661486199,17789.283307430997,,,Cancelled
9568,20250806,1,586,50,355.7856661486199,17789.283307430997,7.0,20250813.0,Received
9569,20251025,1,586,50,355.7856661486199,17789.283307430997,10.0,20251104.0,Received
9570,20251212,1,586,50,355.7856661486199,17789.283307430997,9.0,20251221.0,Received
9571,20230315,1,587,50,275.0,13750.0,,,Confirmed
9572,20230429,1,587,50,275.0,13750.0,,,Cancelled
9573,20230615,1,587,50,275.0,13750.0,,,Confirmed
9574,20230830,1,587,50,275.0,13750.0,,,Confirmed
9575,20231117,1,587,50,275.0,13750.0,,,Confirmed
9576,20240104,1,587,50,275.0,13750.0,,,Cancelled
9577,20240310,1,587,50,275.0,13750.0,7.0,20240317.0,Received
9578,20240519,1,587,50,275.0,13750.0,6.0,20240525.0,Received
9579,20240802,1,587,50,275.0,13750.0,10.0,20240812.0,Received
9580,20240924,1,587,50,275.0,13750.0,7.0,20241001.0,Received
9581,20241120,1,587,50,275.0,13750.0,9.0,20241129.0,Received
9582,20250112,1,587,50,275.0,13750.0,,,Confirmed
9583,20250312,1,587,50,275.0,13750.0,6.0,20250318.0,Received
9584,20250508,1,587,50,275.0,13750.0,6.0,20250514.0,Received
9585,20250622,1,587,50,275.0,13750.0,10.0,20250702.0,Received
9586,20250902,1,587,50,275.0,13750.0,5.0,20250907.0,Received
9587,20251129,1,587,50,275.0,13750.0,7.0,20251206.0,Received
9588,20260125,1,587,50,275.0,13750.0,10.0,20260204.0,Received
9589,20230225,1,588,50,275.0,13750.0,5.0,20230302.0,Received
9590,20230503,1,588,50,275.0,13750.0,5.0,20230508.0,Received
9591,20230627,1,588,50,275.0,13750.0,6.0,20230703.0,Received
9592,20230921,1,588,50,275.0,13750.0,6.0,20230927.0,Received
9593,20231201,1,588,50,275.0,13750.0,10.0,20231211.0,Received
9594,20240227,1,588,50,275.0,13750.0,8.0,20240306.0,Received
9595,20240422,1,588,50,275.0,13750.0,5.0,20240427.0,Received
9596,20240718,1,588,50,275.0,13750.0,11.0,20240729.0,Received
9597,20240918,1,588,50,275.0,13750.0,9.0,20240927.0,Received
9598,20241106,1,588,50,275.0,13750.0,8.0,20241114.0,Received
9599,20250202,1,588,50,275.0,13750.0,5.0,20250207.0,Received
9600,20250326,1,588,50,275.0,13750.0,10.0,20250405.0,Received
9601,20250612,1,588,50,275.0,13750.0,8.0,20250620.0,Received
9602,20250827,1,588,50,275.0,13750.0,9.0,20250905.0,Received
9603,20251108,1,588,50,275.0,13750.0,8.0,20251116.0,Received
9604,20260110,1,588,50,275.0,13750.0,10.0,20260120.0,Received
9605,20230311,1,589,50,275.0,13750.0,6.0,20230317.0,Received
9606,20230525,1,589,50,275.0,13750.0,8.0,20230602.0,Received
9607,20230711,1,589,50,275.0,13750.0,11.0,20230722.0,Received
9608,20230921,1,589,50,275.0,13750.0,11.0,20231002.0,Received
9609,20231209,1,589,50,275.0,13750.0,5.0,20231214.0,Received
9610,20240210,1,589,50,275.0,13750.0,8.0,20240218.0,Received
9611,20240411,1,589,50,275.0,13750.0,11.0,20240422.0,Received
9612,20240609,1,589,50,275.0,13750.0,8.0,20240617.0,Received
9613,20240728,1,589,50,275.0,13750.0,,,Confirmed
9614,20241011,1,589,50,275.0,13750.0,8.0,20241019.0,Received
9615,20241211,1,589,50,275.0,13750.0,9.0,20241220.0,Received
9616,20250227,1,589,50,275.0,13750.0,,,Cancelled
9617,20250507,1,589,50,275.0,13750.0,,,Cancelled
9618,20250710,1,589,50,275.0,13750.0,10.0,20250720.0,Received
9619,20250909,1,589,50,275.0,13750.0,11.0,20250920.0,Received
9620,20251205,1,589,50,275.0,13750.0,10.0,20251215.0,Received
9621,20230313,1,590,50,275.0,13750.0,,,Cancelled
9622,20230610,1,590,50,275.0,13750.0,11.0,20230621.0,Received
9623,20230729,1,590,50,275.0,13750.0,5.0,20230803.0,Received
9624,20231023,1,590,50,275.0,13750.0,9.0,20231101.0,Received
9625,20231208,1,590,50,275.0,13750.0,8.0,20231216.0,Received
9626,20240125,1,590,50,275.0,13750.0,,,Cancelled
9627,20240324,1,590,50,275.0,13750.0,5.0,20240329.0,Received
9628,20240608,1,590,50,275.0,13750.0,11.0,20240619.0,Received
9629,20240903,1,590,50,275.0,13750.0,10.0,20240913.0,Received
9630,20241104,1,590,50,275.0,13750.0,6.0,20241110.0,Received
9631,20241228,1,590,50,275.0,13750.0,11.0,20250108.0,Received
9632,20250306,1,590,50,275.0,13750.0,10.0,20250316.0,Received
9633,20250517,1,590,50,275.0,13750.0,6.0,20250523.0,Received
9634,20250808,1,590,50,275.0,13750.0,8.0,20250816.0,Received
9635,20251024,1,590,50,275.0,13750.0,11.0,20251104.0,Received
9636,20251212,1,590,50,275.0,13750.0,8.0,20251220.0,Received
9637,20230311,1,591,50,426.94279937834386,21347.139968917192,5.0,20230316.0,Received
9638,20230517,1,591,50,426.94279937834386,21347.139968917192,8.0,20230525.0,Received
9639,20230716,1,591,50,426.94279937834386,21347.139968917192,9.0,20230725.0,Received
9640,20230927,1,591,50,426.94279937834386,21347.139968917192,6.0,20231003.0,Received
9641,20231116,1,591,50,426.94279937834386,21347.139968917192,5.0,20231121.0,Received
9642,20240203,1,591,50,426.94279937834386,21347.139968917192,10.0,20240213.0,Received
9643,20240420,1,591,50,426.94279937834386,21347.139968917192,,,Confirmed
9644,20240630,1,591,50,426.94279937834386,21347.139968917192,7.0,20240707.0,Received
9645,20240820,1,591,50,426.94279937834386,21347.139968917192,8.0,20240828.0,Received
9646,20241016,1,591,50,426.94279937834386,21347.139968917192,5.0,20241021.0,Received
9647,20250110,1,591,50,426.94279937834386,21347.139968917192,9.0,20250119.0,Received
9648,20250315,1,591,50,426.94279937834386,21347.139968917192,5.0,20250320.0,Received
9649,20250505,1,591,50,426.94279937834386,21347.139968917192,,,Cancelled
9650,20250728,1,591,50,426.94279937834386,21347.139968917192,8.0,20250805.0,Received
9651,20251004,1,591,50,426.94279937834386,21347.139968917192,8.0,20251012.0,Received
9652,20251123,1,591,50,426.94279937834386,21347.139968917192,8.0,20251201.0,Received
9653,20260129,1,591,50,426.94279937834386,21347.139968917192,6.0,20260204.0,Received
9654,20230326,1,592,50,330.0,16500.0,11.0,20230406.0,Received
9655,20230516,1,592,50,330.0,16500.0,7.0,20230523.0,Received
9656,20230706,1,592,50,330.0,16500.0,11.0,20230717.0,Received
9657,20230909,1,592,50,330.0,16500.0,,,Confirmed
9658,20231206,1,592,50,330.0,16500.0,11.0,20231217.0,Received
9659,20240218,1,592,50,330.0,16500.0,7.0,20240225.0,Received
9660,20240510,1,592,50,330.0,16500.0,7.0,20240517.0,Received
9661,20240807,1,592,50,330.0,16500.0,8.0,20240815.0,Received
9662,20240926,1,592,50,330.0,16500.0,5.0,20241001.0,Received
9663,20241202,1,592,50,330.0,16500.0,,,Cancelled
9664,20250124,1,592,50,330.0,16500.0,7.0,20250131.0,Received
9665,20250410,1,592,50,330.0,16500.0,10.0,20250420.0,Received
9666,20250701,1,592,50,330.0,16500.0,5.0,20250706.0,Received
9667,20250922,1,592,50,330.0,16500.0,6.0,20250928.0,Received
9668,20251206,1,592,50,330.0,16500.0,5.0,20251211.0,Received
9669,20260125,1,592,50,330.0,16500.0,10.0,20260204.0,Received
9670,20230322,1,593,50,330.0,16500.0,11.0,20230402.0,Received
9671,20230512,1,593,50,330.0,16500.0,9.0,20230521.0,Received
9672,20230713,1,593,50,330.0,16500.0,10.0,20230723.0,Received
9673,20230920,1,593,50,330.0,16500.0,,,Confirmed
9674,20231129,1,593,50,330.0,16500.0,7.0,20231206.0,Received
9675,20240215,1,593,50,330.0,16500.0,9.0,20240224.0,Received
9676,20240512,1,593,50,330.0,16500.0,8.0,20240520.0,Received
9677,20240723,1,593,50,330.0,16500.0,7.0,20240730.0,Received
9678,20240927,1,593,50,330.0,16500.0,6.0,20241003.0,Received
9679,20241202,1,593,50,330.0,16500.0,10.0,20241212.0,Received
9680,20250126,1,593,50,330.0,16500.0,,,Cancelled
9681,20250316,1,593,50,330.0,16500.0,11.0,20250327.0,Received
9682,20250519,1,593,50,330.0,16500.0,8.0,20250527.0,Received
9683,20250720,1,593,50,330.0,16500.0,7.0,20250727.0,Received
9684,20250921,1,593,50,330.0,16500.0,9.0,20250930.0,Received
9685,20251121,1,593,50,330.0,16500.0,8.0,20251129.0,Received
9686,20230321,1,594,50,330.0,16500.0,,,Cancelled
9687,20230528,1,594,50,330.0,16500.0,7.0,20230604.0,Received
9688,20230726,1,594,50,330.0,16500.0,11.0,20230806.0,Received
9689,20230912,1,594,50,330.0,16500.0,7.0,20230919.0,Received
9690,20231201,1,594,50,330.0,16500.0,8.0,20231209.0,Received
9691,20240222,1,594,50,330.0,16500.0,8.0,20240301.0,Received
9692,20240427,1,594,50,330.0,16500.0,9.0,20240506.0,Received
9693,20240724,1,594,50,330.0,16500.0,6.0,20240730.0,Received
9694,20240929,1,594,50,330.0,16500.0,9.0,20241008.0,Received
9695,20241227,1,594,50,330.0,16500.0,10.0,20250106.0,Received
9696,20250305,1,594,50,330.0,16500.0,6.0,20250311.0,Received
9697,20250602,1,594,50,330.0,16500.0,8.0,20250610.0,Received
9698,20250717,1,594,50,330.0,16500.0,10.0,20250727.0,Received
9699,20250902,1,594,50,330.0,16500.0,8.0,20250910.0,Received
9700,20251120,1,594,50,330.0,16500.0,5.0,20251125.0,Received
9701,20260117,1,594,50,330.0,16500.0,8.0,20260125.0,Received
9702,20230219,1,595,50,330.0,16500.0,10.0,20230301.0,Received
9703,20230518,1,595,50,330.0,16500.0,7.0,20230525.0,Received
9704,20230709,1,595,50,330.0,16500.0,7.0,20230716.0,Received
9705,20231005,1,595,50,330.0,16500.0,8.0,20231013.0,Received
9706,20231219,1,595,50,330.0,16500.0,7.0,20231226.0,Received
9707,20240227,1,595,50,330.0,16500.0,8.0,20240306.0,Received
9708,20240521,1,595,50,330.0,16500.0,9.0,20240530.0,Received
9709,20240731,1,595,50,330.0,16500.0,8.0,20240808.0,Received
9710,20241006,1,595,50,330.0,16500.0,6.0,20241012.0,Received
9711,20241216,1,595,50,330.0,16500.0,6.0,20241222.0,Received
9712,20250130,1,595,50,330.0,16500.0,5.0,20250204.0,Received
9713,20250411,1,595,50,330.0,16500.0,8.0,20250419.0,Received
9714,20250603,1,595,50,330.0,16500.0,7.0,20250610.0,Received
9715,20250723,1,595,50,330.0,16500.0,8.0,20250731.0,Received
9716,20250922,1,595,50,330.0,16500.0,7.0,20250929.0,Received
9717,20251216,1,595,50,330.0,16500.0,,,Confirmed
9718,20230215,1,596,50,320.2070995337579,16010.354976687895,8.0,20230223.0,Received
9719,20230411,1,596,50,320.2070995337579,16010.354976687895,,,Cancelled
9720,20230627,1,596,50,320.2070995337579,16010.354976687895,,,Cancelled
9721,20230829,1,596,50,320.2070995337579,16010.354976687895,10.0,20230908.0,Received
9722,20231021,1,596,50,320.2070995337579,16010.354976687895,9.0,20231030.0,Received
9723,20240118,1,596,50,320.2070995337579,16010.354976687895,,,Confirmed
9724,20240310,1,596,50,320.2070995337579,16010.354976687895,6.0,20240316.0,Received
9725,20240425,1,596,50,320.2070995337579,16010.354976687895,,,Cancelled
9726,20240629,1,596,50,320.2070995337579,16010.354976687895,,,Confirmed
9727,20240911,1,596,50,320.2070995337579,16010.354976687895,9.0,20240920.0,Received
9728,20241027,1,596,50,320.2070995337579,16010.354976687895,10.0,20241106.0,Received
9729,20241219,1,596,50,320.2070995337579,16010.354976687895,6.0,20241225.0,Received
9730,20250225,1,596,50,320.2070995337579,16010.354976687895,9.0,20250306.0,Received
9731,20250427,1,596,50,320.2070995337579,16010.354976687895,11.0,20250508.0,Received
9732,20250612,1,596,50,320.2070995337579,16010.354976687895,6.0,20250618.0,Received
9733,20250822,1,596,50,320.2070995337579,16010.354976687895,,,Cancelled
9734,20251031,1,596,50,320.2070995337579,16010.354976687895,7.0,20251107.0,Received
9735,20251230,1,596,50,320.2070995337579,16010.354976687895,5.0,20260104.0,Received
9736,20230217,1,597,50,247.50000000000003,12375.000000000002,11.0,20230228.0,Received
9737,20230508,1,597,50,247.50000000000003,12375.000000000002,6.0,20230514.0,Received
9738,20230709,1,597,50,247.50000000000003,12375.000000000002,10.0,20230719.0,Received
9739,20230907,1,597,50,247.50000000000003,12375.000000000002,9.0,20230916.0,Received
9740,20231110,1,597,50,247.50000000000003,12375.000000000002,7.0,20231117.0,Received
9741,20240201,1,597,50,247.50000000000003,12375.000000000002,5.0,20240206.0,Received
9742,20240424,1,597,50,247.50000000000003,12375.000000000002,7.0,20240501.0,Received
9743,20240623,1,597,50,247.50000000000003,12375.000000000002,,,Cancelled
9744,20240816,1,597,50,247.50000000000003,12375.000000000002,6.0,20240822.0,Received
9745,20241026,1,597,50,247.50000000000003,12375.000000000002,5.0,20241031.0,Received
9746,20241212,1,597,50,247.50000000000003,12375.000000000002,10.0,20241222.0,Received
9747,20250304,1,597,50,247.50000000000003,12375.000000000002,8.0,20250312.0,Received
9748,20250514,1,597,50,247.50000000000003,12375.000000000002,,,Confirmed
9749,20250802,1,597,50,247.50000000000003,12375.000000000002,7.0,20250809.0,Received
9750,20251019,1,597,50,247.50000000000003,12375.000000000002,5.0,20251024.0,Received
9751,20251227,1,597,50,247.50000000000003,12375.000000000002,9.0,20260105.0,Received
9752,20230221,1,598,50,247.50000000000003,12375.000000000002,7.0,20230228.0,Received
9753,20230424,1,598,50,247.50000000000003,12375.000000000002,6.0,20230430.0,Received
9754,20230704,1,598,50,247.50000000000003,12375.000000000002,8.0,20230712.0,Received
9755,20230907,1,598,50,247.50000000000003,12375.000000000002,8.0,20230915.0,Received
9756,20231104,1,598,50,247.50000000000003,12375.000000000002,,,Cancelled
9757,20240106,1,598,50,247.50000000000003,12375.000000000002,9.0,20240115.0,Received
9758,20240227,1,598,50,247.50000000000003,12375.000000000002,,,Confirmed
9759,20240513,1,598,50,247.50000000000003,12375.000000000002,6.0,20240519.0,Received
9760,20240722,1,598,50,247.50000000000003,12375.000000000002,,,Cancelled
9761,20241018,1,598,50,247.50000000000003,12375.000000000002,9.0,20241027.0,Received
9762,20241223,1,598,50,247.50000000000003,12375.000000000002,11.0,20250103.0,Received
9763,20250212,1,598,50,247.50000000000003,12375.000000000002,6.0,20250218.0,Received
9764,20250412,1,598,50,247.50000000000003,12375.000000000002,5.0,20250417.0,Received
9765,20250614,1,598,50,247.50000000000003,12375.000000000002,5.0,20250619.0,Received
9766,20250903,1,598,50,247.50000000000003,12375.000000000002,9.0,20250912.0,Received
9767,20251112,1,598,50,247.50000000000003,12375.000000000002,5.0,20251117.0,Received
9768,20260120,1,598,50,247.50000000000003,12375.000000000002,8.0,20260128.0,Received
9769,20230228,1,599,50,247.50000000000003,12375.000000000002,11.0,20230311.0,Received
9770,20230524,1,599,50,247.50000000000003,12375.000000000002,6.0,20230530.0,Received
9771,20230720,1,599,50,247.50000000000003,12375.000000000002,8.0,20230728.0,Received
9772,20231017,1,599,50,247.50000000000003,12375.000000000002,6.0,20231023.0,Received
9773,20231206,1,599,50,247.50000000000003,12375.000000000002,11.0,20231217.0,Received
9774,20240128,1,599,50,247.50000000000003,12375.000000000002,10.0,20240207.0,Received
9775,20240416,1,599,50,247.50000000000003,12375.000000000002,6.0,20240422.0,Received
9776,20240610,1,599,50,247.50000000000003,12375.000000000002,7.0,20240617.0,Received
9777,20240728,1,599,50,247.50000000000003,12375.000000000002,10.0,20240807.0,Received
9778,20241003,1,599,50,247.50000000000003,12375.000000000002,10.0,20241013.0,Received
9779,20241210,1,599,50,247.50000000000003,12375.000000000002,,,Confirmed
9780,20250306,1,599,50,247.50000000000003,12375.000000000002,9.0,20250315.0,Received
9781,20250421,1,599,50,247.50000000000003,12375.000000000002,8.0,20250429.0,Received
9782,20250614,1,599,50,247.50000000000003,12375.000000000002,,,Cancelled
9783,20250904,1,599,50,247.50000000000003,12375.000000000002,9.0,20250913.0,Received
9784,20251113,1,599,50,247.50000000000003,12375.000000000002,7.0,20251120.0,Received
9785,20260114,1,599,50,247.50000000000003,12375.000000000002,7.0,20260121.0,Received
9786,20230330,1,600,50,247.50000000000003,12375.000000000002,9.0,20230408.0,Received
9787,20230525,1,600,50,247.50000000000003,12375.000000000002,10.0,20230604.0,Received
9788,20230718,1,600,50,247.50000000000003,12375.000000000002,6.0,20230724.0,Received
9789,20230902,1,600,50,247.50000000000003,12375.000000000002,6.0,20230908.0,Received
9790,20231118,1,600,50,247.50000000000003,12375.000000000002,6.0,20231124.0,Received
9791,20240201,1,600,50,247.50000000000003,12375.000000000002,10.0,20240211.0,Received
9792,20240417,1,600,50,247.50000000000003,12375.000000000002,8.0,20240425.0,Received
9793,20240711,1,600,50,247.50000000000003,12375.000000000002,,,Confirmed
9794,20241005,1,600,50,247.50000000000003,12375.000000000002,8.0,20241013.0,Received
9795,20241215,1,600,50,247.50000000000003,12375.000000000002,7.0,20241222.0,Received
9796,20250219,1,600,50,247.50000000000003,12375.000000000002,9.0,20250228.0,Received
9797,20250504,1,600,50,247.50000000000003,12375.000000000002,10.0,20250514.0,Received
9798,20250717,1,600,50,247.50000000000003,12375.000000000002,9.0,20250726.0,Received
9799,20251011,1,600,50,247.50000000000003,12375.000000000002,8.0,20251019.0,Received
9800,20251128,1,600,50,247.50000000000003,12375.000000000002,7.0,20251205.0,Received
9801,20230318,1,601,50,320.2070995337579,16010.354976687895,8.0,20230326.0,Received
9802,20230522,1,601,50,320.2070995337579,16010.354976687895,,,Cancelled
9803,20230719,1,601,50,320.2070995337579,16010.354976687895,10.0,20230729.0,Received
9804,20231002,1,601,50,320.2070995337579,16010.354976687895,7.0,20231009.0,Received
9805,20231210,1,601,50,320.2070995337579,16010.354976687895,9.0,20231219.0,Received
9806,20240130,1,601,50,320.2070995337579,16010.354976687895,10.0,20240209.0,Received
9807,20240412,1,601,50,320.2070995337579,16010.354976687895,8.0,20240420.0,Received
9808,20240531,1,601,50,320.2070995337579,16010.354976687895,6.0,20240606.0,Received
9809,20240817,1,601,50,320.2070995337579,16010.354976687895,9.0,20240826.0,Received
9810,20241003,1,601,50,320.2070995337579,16010.354976687895,,,Confirmed
9811,20241123,1,601,50,320.2070995337579,16010.354976687895,10.0,20241203.0,Received
9812,20250118,1,601,50,320.2070995337579,16010.354976687895,6.0,20250124.0,Received
9813,20250410,1,601,50,320.2070995337579,16010.354976687895,8.0,20250418.0,Received
9814,20250702,1,601,50,320.2070995337579,16010.354976687895,10.0,20250712.0,Received
9815,20250927,1,601,50,320.2070995337579,16010.354976687895,6.0,20251003.0,Received
9816,20251202,1,601,50,320.2070995337579,16010.354976687895,,,Confirmed
9817,20230221,1,602,50,247.50000000000003,12375.000000000002,5.0,20230226.0,Received
9818,20230417,1,602,50,247.50000000000003,12375.000000000002,8.0,20230425.0,Received
9819,20230610,1,602,50,247.50000000000003,12375.000000000002,7.0,20230617.0,Received
9820,20230827,1,602,50,247.50000000000003,12375.000000000002,5.0,20230901.0,Received
9821,20231102,1,602,50,247.50000000000003,12375.000000000002,11.0,20231113.0,Received
9822,20240107,1,602,50,247.50000000000003,12375.000000000002,10.0,20240117.0,Received
9823,20240225,1,602,50,247.50000000000003,12375.000000000002,6.0,20240302.0,Received
9824,20240429,1,602,50,247.50000000000003,12375.000000000002,7.0,20240506.0,Received
9825,20240727,1,602,50,247.50000000000003,12375.000000000002,9.0,20240805.0,Received
9826,20240927,1,602,50,247.50000000000003,12375.000000000002,11.0,20241008.0,Received
9827,20241211,1,602,50,247.50000000000003,12375.000000000002,5.0,20241216.0,Received
9828,20250129,1,602,50,247.50000000000003,12375.000000000002,11.0,20250209.0,Received
9829,20250320,1,602,50,247.50000000000003,12375.000000000002,5.0,20250325.0,Received
9830,20250601,1,602,50,247.50000000000003,12375.000000000002,7.0,20250608.0,Received
9831,20250825,1,602,50,247.50000000000003,12375.000000000002,5.0,20250830.0,Received
9832,20251019,1,602,50,247.50000000000003,12375.000000000002,6.0,20251025.0,Received
9833,20251209,1,602,50,247.50000000000003,12375.000000000002,10.0,20251219.0,Received
9834,20230216,1,603,50,247.50000000000003,12375.000000000002,6.0,20230222.0,Received
9835,20230513,1,603,50,247.50000000000003,12375.000000000002,10.0,20230523.0,Received
9836,20230712,1,603,50,247.50000000000003,12375.000000000002,9.0,20230721.0,Received
9837,20230907,1,603,50,247.50000000000003,12375.000000000002,8.0,20230915.0,Received
9838,20231201,1,603,50,247.50000000000003,12375.000000000002,,,Cancelled
9839,20240226,1,603,50,247.50000000000003,12375.000000000002,7.0,20240304.0,Received
9840,20240412,1,603,50,247.50000000000003,12375.000000000002,,,Cancelled
9841,20240703,1,603,50,247.50000000000003,12375.000000000002,7.0,20240710.0,Received
9842,20240915,1,603,50,247.50000000000003,12375.000000000002,8.0,20240923.0,Received
9843,20241030,1,603,50,247.50000000000003,12375.000000000002,5.0,20241104.0,Received
9844,20250126,1,603,50,247.50000000000003,12375.000000000002,5.0,20250131.0,Received
9845,20250415,1,603,50,247.50000000000003,12375.000000000002,,,Cancelled
9846,20250624,1,603,50,247.50000000000003,12375.000000000002,10.0,20250704.0,Received
9847,20250912,1,603,50,247.50000000000003,12375.000000000002,7.0,20250919.0,Received
9848,20251205,1,603,50,247.50000000000003,12375.000000000002,9.0,20251214.0,Received
9849,20260126,1,603,50,247.50000000000003,12375.000000000002,11.0,20260206.0,Received
9850,20230219,1,604,50,247.50000000000003,12375.000000000002,10.0,20230301.0,Received
9851,20230508,1,604,50,247.50000000000003,12375.000000000002,9.0,20230517.0,Received
9852,20230629,1,604,50,247.50000000000003,12375.000000000002,10.0,20230709.0,Received
9853,20230904,1,604,50,247.50000000000003,12375.000000000002,11.0,20230915.0,Received
9854,20231106,1,604,50,247.50000000000003,12375.000000000002,6.0,20231112.0,Received
9855,20240115,1,604,50,247.50000000000003,12375.000000000002,6.0,20240121.0,Received
9856,20240409,1,604,50,247.50000000000003,12375.000000000002,5.0,20240414.0,Received
9857,20240531,1,604,50,247.50000000000003,12375.000000000002,6.0,20240606.0,Received
9858,20240804,1,604,50,247.50000000000003,12375.000000000002,6.0,20240810.0,Received
9859,20241023,1,604,50,247.50000000000003,12375.000000000002,7.0,20241030.0,Received
9860,20250119,1,604,50,247.50000000000003,12375.000000000002,6.0,20250125.0,Received
9861,20250414,1,604,50,247.50000000000003,12375.000000000002,6.0,20250420.0,Received
9862,20250608,1,604,50,247.50000000000003,12375.000000000002,6.0,20250614.0,Received
9863,20250815,1,604,50,247.50000000000003,12375.000000000002,11.0,20250826.0,Received
9864,20251027,1,604,50,247.50000000000003,12375.000000000002,,,Cancelled
9865,20260106,1,604,50,247.50000000000003,12375.000000000002,6.0,20260112.0,Received
9866,20230330,1,605,50,247.50000000000003,12375.000000000002,9.0,20230408.0,Received
9867,20230521,1,605,50,247.50000000000003,12375.000000000002,6.0,20230527.0,Received
9868,20230718,1,605,50,247.50000000000003,12375.000000000002,10.0,20230728.0,Received
9869,20230904,1,605,50,247.50000000000003,12375.000000000002,5.0,20230909.0,Received
9870,20231120,1,605,50,247.50000000000003,12375.000000000002,10.0,20231130.0,Received
9871,20240110,1,605,50,247.50000000000003,12375.000000000002,5.0,20240115.0,Received
9872,20240227,1,605,50,247.50000000000003,12375.000000000002,6.0,20240304.0,Received
9873,20240510,1,605,50,247.50000000000003,12375.000000000002,11.0,20240521.0,Received
9874,20240629,1,605,50,247.50000000000003,12375.000000000002,,,Cancelled
9875,20240823,1,605,50,247.50000000000003,12375.000000000002,5.0,20240828.0,Received
9876,20241109,1,605,50,247.50000000000003,12375.000000000002,6.0,20241115.0,Received
9877,20250117,1,605,50,247.50000000000003,12375.000000000002,10.0,20250127.0,Received
9878,20250320,1,605,50,247.50000000000003,12375.000000000002,7.0,20250327.0,Received
9879,20250613,1,605,50,247.50000000000003,12375.000000000002,5.0,20250618.0,Received
9880,20250803,1,605,50,247.50000000000003,12375.000000000002,11.0,20250814.0,Received
9881,20251012,1,605,50,247.50000000000003,12375.000000000002,5.0,20251017.0,Received
9882,20260105,1,605,50,247.50000000000003,12375.000000000002,11.0,20260116.0,Received
9883,20230319,1,606,50,320.2070995337579,16010.354976687895,7.0,20230326.0,Received
9884,20230606,1,606,50,320.2070995337579,16010.354976687895,8.0,20230614.0,Received
9885,20230823,1,606,50,320.2070995337579,16010.354976687895,5.0,20230828.0,Received
9886,20231115,1,606,50,320.2070995337579,16010.354976687895,10.0,20231125.0,Received
9887,20231231,1,606,50,320.2070995337579,16010.354976687895,10.0,20240110.0,Received
9888,20240320,1,606,50,320.2070995337579,16010.354976687895,7.0,20240327.0,Received
9889,20240521,1,606,50,320.2070995337579,16010.354976687895,11.0,20240601.0,Received
9890,20240812,1,606,50,320.2070995337579,16010.354976687895,11.0,20240823.0,Received
9891,20241013,1,606,50,320.2070995337579,16010.354976687895,10.0,20241023.0,Received
9892,20250107,1,606,50,320.2070995337579,16010.354976687895,10.0,20250117.0,Received
9893,20250331,1,606,50,320.2070995337579,16010.354976687895,7.0,20250407.0,Received
9894,20250520,1,606,50,320.2070995337579,16010.354976687895,11.0,20250531.0,Received
9895,20250801,1,606,50,320.2070995337579,16010.354976687895,7.0,20250808.0,Received
9896,20250923,1,606,50,320.2070995337579,16010.354976687895,9.0,20251002.0,Received
9897,20251211,1,606,50,320.2070995337579,16010.354976687895,6.0,20251217.0,Received
9898,20230305,1,607,50,247.50000000000003,12375.000000000002,7.0,20230312.0,Received
9899,20230526,1,607,50,247.50000000000003,12375.000000000002,7.0,20230602.0,Received
9900,20230713,1,607,50,247.50000000000003,12375.000000000002,5.0,20230718.0,Received
9901,20230913,1,607,50,247.50000000000003,12375.000000000002,10.0,20230923.0,Received
9902,20231028,1,607,50,247.50000000000003,12375.000000000002,7.0,20231104.0,Received
9903,20231222,1,607,50,247.50000000000003,12375.000000000002,7.0,20231229.0,Received
9904,20240305,1,607,50,247.50000000000003,12375.000000000002,5.0,20240310.0,Received
9905,20240601,1,607,50,247.50000000000003,12375.000000000002,,,Cancelled
9906,20240802,1,607,50,247.50000000000003,12375.000000000002,6.0,20240808.0,Received
9907,20240927,1,607,50,247.50000000000003,12375.000000000002,5.0,20241002.0,Received
9908,20241220,1,607,50,247.50000000000003,12375.000000000002,7.0,20241227.0,Received
9909,20250313,1,607,50,247.50000000000003,12375.000000000002,6.0,20250319.0,Received
9910,20250515,1,607,50,247.50000000000003,12375.000000000002,7.0,20250522.0,Received
9911,20250810,1,607,50,247.50000000000003,12375.000000000002,7.0,20250817.0,Received
9912,20251016,1,607,50,247.50000000000003,12375.000000000002,6.0,20251022.0,Received
9913,20260105,1,607,50,247.50000000000003,12375.000000000002,9.0,20260114.0,Received
9914,20230226,1,608,50,247.50000000000003,12375.000000000002,7.0,20230305.0,Received
9915,20230416,1,608,50,247.50000000000003,12375.000000000002,9.0,20230425.0,Received
9916,20230626,1,608,50,247.50000000000003,12375.000000000002,,,Confirmed
9917,20230825,1,608,50,247.50000000000003,12375.000000000002,6.0,20230831.0,Received
9918,20231024,1,608,50,247.50000000000003,12375.000000000002,,,Confirmed
9919,20231230,1,608,50,247.50000000000003,12375.000000000002,6.0,20240105.0,Received
9920,20240227,1,608,50,247.50000000000003,12375.000000000002,7.0,20240305.0,Received
9921,20240430,1,608,50,247.50000000000003,12375.000000000002,10.0,20240510.0,Received
9922,20240717,1,608,50,247.50000000000003,12375.000000000002,6.0,20240723.0,Received
9923,20241010,1,608,50,247.50000000000003,12375.000000000002,6.0,20241016.0,Received
9924,20241215,1,608,50,247.50000000000003,12375.000000000002,8.0,20241223.0,Received
9925,20250204,1,608,50,247.50000000000003,12375.000000000002,,,Confirmed
9926,20250329,1,608,50,247.50000000000003,12375.000000000002,7.0,20250405.0,Received
9927,20250526,1,608,50,247.50000000000003,12375.000000000002,8.0,20250603.0,Received
9928,20250729,1,608,50,247.50000000000003,12375.000000000002,,,Cancelled
9929,20251021,1,608,50,247.50000000000003,12375.000000000002,10.0,20251031.0,Received
9930,20251213,1,608,50,247.50000000000003,12375.000000000002,9.0,20251222.0,Received
9931,20260129,1,608,50,247.50000000000003,12375.000000000002,10.0,20260208.0,Received
9932,20230326,1,609,50,247.50000000000003,12375.000000000002,8.0,20230403.0,Received
9933,20230618,1,609,50,247.50000000000003,12375.000000000002,11.0,20230629.0,Received
9934,20230910,1,609,50,247.50000000000003,12375.000000000002,11.0,20230921.0,Received
9935,20231117,1,609,50,247.50000000000003,12375.000000000002,9.0,20231126.0,Received
9936,20240123,1,609,50,247.50000000000003,12375.000000000002,,,Cancelled
9937,20240410,1,609,50,247.50000000000003,12375.000000000002,,,Cancelled
9938,20240708,1,609,50,247.50000000000003,12375.000000000002,,,Cancelled
9939,20240912,1,609,50,247.50000000000003,12375.000000000002,11.0,20240923.0,Received
9940,20241126,1,609,50,247.50000000000003,12375.000000000002,9.0,20241205.0,Received
9941,20250117,1,609,50,247.50000000000003,12375.000000000002,7.0,20250124.0,Received
9942,20250325,1,609,50,247.50000000000003,12375.000000000002,9.0,20250403.0,Received
9943,20250525,1,609,50,247.50000000000003,12375.000000000002,9.0,20250603.0,Received
9944,20250728,1,609,50,247.50000000000003,12375.000000000002,7.0,20250804.0,Received
9945,20250918,1,609,50,247.50000000000003,12375.000000000002,10.0,20250928.0,Received
9946,20251205,1,609,50,247.50000000000003,12375.000000000002,9.0,20251214.0,Received
9947,20230330,1,610,50,247.50000000000003,12375.000000000002,7.0,20230406.0,Received
9948,20230623,1,610,50,247.50000000000003,12375.000000000002,9.0,20230702.0,Received
9949,20230910,1,610,50,247.50000000000003,12375.000000000002,,,Confirmed
9950,20231114,1,610,50,247.50000000000003,12375.000000000002,9.0,20231123.0,Received
9951,20240202,1,610,50,247.50000000000003,12375.000000000002,,,Confirmed
9952,20240318,1,610,50,247.50000000000003,12375.000000000002,,,Cancelled
9953,20240520,1,610,50,247.50000000000003,12375.000000000002,,,Cancelled
9954,20240802,1,610,50,247.50000000000003,12375.000000000002,7.0,20240809.0,Received
9955,20241020,1,610,50,247.50000000000003,12375.000000000002,5.0,20241025.0,Received
9956,20250112,1,610,50,247.50000000000003,12375.000000000002,8.0,20250120.0,Received
9957,20250317,1,610,50,247.50000000000003,12375.000000000002,10.0,20250327.0,Received
9958,20250613,1,610,50,247.50000000000003,12375.000000000002,9.0,20250622.0,Received
9959,20250828,1,610,50,247.50000000000003,12375.000000000002,7.0,20250904.0,Received
9960,20251110,1,610,50,247.50000000000003,12375.000000000002,8.0,20251118.0,Received
9961,20260129,1,610,50,247.50000000000003,12375.000000000002,6.0,20260204.0,Received
9962,20230329,1,611,50,320.2070995337579,16010.354976687895,5.0,20230403.0,Received
9963,20230527,1,611,50,320.2070995337579,16010.354976687895,10.0,20230606.0,Received
9964,20230808,1,611,50,320.2070995337579,16010.354976687895,9.0,20230817.0,Received
9965,20231101,1,611,50,320.2070995337579,16010.354976687895,6.0,20231107.0,Received
9966,20240103,1,611,50,320.2070995337579,16010.354976687895,10.0,20240113.0,Received
9967,20240321,1,611,50,320.2070995337579,16010.354976687895,6.0,20240327.0,Received
9968,20240528,1,611,50,320.2070995337579,16010.354976687895,6.0,20240603.0,Received
9969,20240823,1,611,50,320.2070995337579,16010.354976687895,10.0,20240902.0,Received
9970,20241107,1,611,50,320.2070995337579,16010.354976687895,10.0,20241117.0,Received
9971,20250203,1,611,50,320.2070995337579,16010.354976687895,5.0,20250208.0,Received
9972,20250329,1,611,50,320.2070995337579,16010.354976687895,5.0,20250403.0,Received
9973,20250515,1,611,50,320.2070995337579,16010.354976687895,,,Cancelled
9974,20250702,1,611,50,320.2070995337579,16010.354976687895,11.0,20250713.0,Received
9975,20250920,1,611,50,320.2070995337579,16010.354976687895,8.0,20250928.0,Received
9976,20251218,1,611,50,320.2070995337579,16010.354976687895,6.0,20251224.0,Received
9977,20230221,1,612,50,247.50000000000003,12375.000000000002,5.0,20230226.0,Received
9978,20230519,1,612,50,247.50000000000003,12375.000000000002,8.0,20230527.0,Received
9979,20230706,1,612,50,247.50000000000003,12375.000000000002,9.0,20230715.0,Received
9980,20230911,1,612,50,247.50000000000003,12375.000000000002,9.0,20230920.0,Received
9981,20231122,1,612,50,247.50000000000003,12375.000000000002,11.0,20231203.0,Received
9982,20240122,1,612,50,247.50000000000003,12375.000000000002,5.0,20240127.0,Received
9983,20240406,1,612,50,247.50000000000003,12375.000000000002,11.0,20240417.0,Received
9984,20240703,1,612,50,247.50000000000003,12375.000000000002,9.0,20240712.0,Received
9985,20240912,1,612,50,247.50000000000003,12375.000000000002,9.0,20240921.0,Received
9986,20241203,1,612,50,247.50000000000003,12375.000000000002,9.0,20241212.0,Received
9987,20250122,1,612,50,247.50000000000003,12375.000000000002,,,Confirmed
9988,20250402,1,612,50,247.50000000000003,12375.000000000002,5.0,20250407.0,Received
9989,20250521,1,612,50,247.50000000000003,12375.000000000002,8.0,20250529.0,Received
9990,20250806,1,612,50,247.50000000000003,12375.000000000002,6.0,20250812.0,Received
9991,20251026,1,612,50,247.50000000000003,12375.000000000002,,,Confirmed
9992,20260107,1,612,50,247.50000000000003,12375.000000000002,5.0,20260112.0,Received
9993,20230226,1,613,50,247.50000000000003,12375.000000000002,9.0,20230307.0,Received
9994,20230523,1,613,50,247.50000000000003,12375.000000000002,5.0,20230528.0,Received
9995,20230721,1,613,50,247.50000000000003,12375.000000000002,7.0,20230728.0,Received
9996,20231004,1,613,50,247.50000000000003,12375.000000000002,10.0,20231014.0,Received
9997,20231118,1,613,50,247.50000000000003,12375.000000000002,10.0,20231128.0,Received
9998,20240130,1,613,50,247.50000000000003,12375.000000000002,8.0,20240207.0,Received
9999,20240323,1,613,50,247.50000000000003,12375.000000000002,6.0,20240329.0,Received
10000,20240616,1,613,50,247.50000000000003,12375.000000000002,8.0,20240624.0,Received
10001,20240904,1,613,50,247.50000000000003,12375.000000000002,9.0,20240913.0,Received
10002,20241102,1,613,50,247.50000000000003,12375.000000000002,6.0,20241108.0,Received
10003,20250106,1,613,50,247.50000000000003,12375.000000000002,7.0,20250113.0,Received
10004,20250401,1,613,50,247.50000000000003,12375.000000000002,10.0,20250411.0,Received
10005,20250623,1,613,50,247.50000000000003,12375.000000000002,9.0,20250702.0,Received
10006,20250831,1,613,50,247.50000000000003,12375.000000000002,,,Confirmed
10007,20251027,1,613,50,247.50000000000003,12375.000000000002,,,Confirmed
10008,20260103,1,613,50,247.50000000000003,12375.000000000002,9.0,20260112.0,Received
10009,20230313,1,614,50,247.50000000000003,12375.000000000002,,,Cancelled
10010,20230510,1,614,50,247.50000000000003,12375.000000000002,5.0,20230515.0,Received
10011,20230712,1,614,50,247.50000000000003,12375.000000000002,11.0,20230723.0,Received
10012,20230903,1,614,50,247.50000000000003,12375.000000000002,10.0,20230913.0,Received
10013,20231107,1,614,50,247.50000000000003,12375.000000000002,7.0,20231114.0,Received
10014,20231227,1,614,50,247.50000000000003,12375.000000000002,7.0,20240103.0,Received
10015,20240218,1,614,50,247.50000000000003,12375.000000000002,7.0,20240225.0,Received
10016,20240415,1,614,50,247.50000000000003,12375.000000000002,8.0,20240423.0,Received
10017,20240609,1,614,50,247.50000000000003,12375.000000000002,6.0,20240615.0,Received
10018,20240806,1,614,50,247.50000000000003,12375.000000000002,8.0,20240814.0,Received
10019,20240923,1,614,50,247.50000000000003,12375.000000000002,9.0,20241002.0,Received
10020,20241107,1,614,50,247.50000000000003,12375.000000000002,9.0,20241116.0,Received
10021,20250106,1,614,50,247.50000000000003,12375.000000000002,9.0,20250115.0,Received
10022,20250405,1,614,50,247.50000000000003,12375.000000000002,9.0,20250414.0,Received
10023,20250525,1,614,50,247.50000000000003,12375.000000000002,9.0,20250603.0,Received
10024,20250719,1,614,50,247.50000000000003,12375.000000000002,,,Cancelled
10025,20251001,1,614,50,247.50000000000003,12375.000000000002,6.0,20251007.0,Received
10026,20251208,1,614,50,247.50000000000003,12375.000000000002,,,Confirmed
10027,20230314,1,615,50,247.50000000000003,12375.000000000002,10.0,20230324.0,Received
10028,20230602,1,615,50,247.50000000000003,12375.000000000002,10.0,20230612.0,Received
10029,20230813,1,615,50,247.50000000000003,12375.000000000002,7.0,20230820.0,Received
10030,20231102,1,615,50,247.50000000000003,12375.000000000002,6.0,20231108.0,Received
10031,20240121,1,615,50,247.50000000000003,12375.000000000002,,,Cancelled
10032,20240322,1,615,50,247.50000000000003,12375.000000000002,11.0,20240402.0,Received
10033,20240515,1,615,50,247.50000000000003,12375.000000000002,,,Confirmed
10034,20240710,1,615,50,247.50000000000003,12375.000000000002,6.0,20240716.0,Received
10035,20240830,1,615,50,247.50000000000003,12375.000000000002,5.0,20240904.0,Received
10036,20241127,1,615,50,247.50000000000003,12375.000000000002,10.0,20241207.0,Received
10037,20250123,1,615,50,247.50000000000003,12375.000000000002,5.0,20250128.0,Received
10038,20250317,1,615,50,247.50000000000003,12375.000000000002,10.0,20250327.0,Received
10039,20250531,1,615,50,247.50000000000003,12375.000000000002,6.0,20250606.0,Received
10040,20250805,1,615,50,247.50000000000003,12375.000000000002,9.0,20250814.0,Received
10041,20251008,1,615,50,247.50000000000003,12375.000000000002,10.0,20251018.0,Received
10042,20251127,1,615,50,247.50000000000003,12375.000000000002,9.0,20251206.0,Received
10043,20260120,1,615,50,247.50000000000003,12375.000000000002,8.0,20260128.0,Received
10044,20230322,1,616,50,320.2070995337579,16010.354976687895,5.0,20230327.0,Received
10045,20230516,1,616,50,320.2070995337579,16010.354976687895,,,Confirmed
10046,20230731,1,616,50,320.2070995337579,16010.354976687895,,,Cancelled
10047,20231007,1,616,50,320.2070995337579,16010.354976687895,10.0,20231017.0,Received
10048,20231214,1,616,50,320.2070995337579,16010.354976687895,7.0,20231221.0,Received
10049,20240204,1,616,50,320.2070995337579,16010.354976687895,11.0,20240215.0,Received
10050,20240503,1,616,50,320.2070995337579,16010.354976687895,7.0,20240510.0,Received
10051,20240630,1,616,50,320.2070995337579,16010.354976687895,8.0,20240708.0,Received
10052,20240826,1,616,50,320.2070995337579,16010.354976687895,6.0,20240901.0,Received
10053,20241119,1,616,50,320.2070995337579,16010.354976687895,8.0,20241127.0,Received
10054,20250123,1,616,50,320.2070995337579,16010.354976687895,11.0,20250203.0,Received
10055,20250419,1,616,50,320.2070995337579,16010.354976687895,8.0,20250427.0,Received
10056,20250604,1,616,50,320.2070995337579,16010.354976687895,10.0,20250614.0,Received
10057,20250819,1,616,50,320.2070995337579,16010.354976687895,7.0,20250826.0,Received
10058,20251011,1,616,50,320.2070995337579,16010.354976687895,11.0,20251022.0,Received
10059,20251227,1,616,50,320.2070995337579,16010.354976687895,,,Confirmed
10060,20230215,1,617,50,247.50000000000003,12375.000000000002,8.0,20230223.0,Received
10061,20230508,1,617,50,247.50000000000003,12375.000000000002,5.0,20230513.0,Received
10062,20230719,1,617,50,247.50000000000003,12375.000000000002,7.0,20230726.0,Received
10063,20231015,1,617,50,247.50000000000003,12375.000000000002,8.0,20231023.0,Received
10064,20231220,1,617,50,247.50000000000003,12375.000000000002,10.0,20231230.0,Received
10065,20240316,1,617,50,247.50000000000003,12375.000000000002,11.0,20240327.0,Received
10066,20240606,1,617,50,247.50000000000003,12375.000000000002,7.0,20240613.0,Received
10067,20240721,1,617,50,247.50000000000003,12375.000000000002,8.0,20240729.0,Received
10068,20240927,1,617,50,247.50000000000003,12375.000000000002,9.0,20241006.0,Received
10069,20241221,1,617,50,247.50000000000003,12375.000000000002,7.0,20241228.0,Received
10070,20250320,1,617,50,247.50000000000003,12375.000000000002,6.0,20250326.0,Received
10071,20250610,1,617,50,247.50000000000003,12375.000000000002,7.0,20250617.0,Received
10072,20250816,1,617,50,247.50000000000003,12375.000000000002,7.0,20250823.0,Received
10073,20251103,1,617,50,247.50000000000003,12375.000000000002,6.0,20251109.0,Received
10074,20260104,1,617,50,247.50000000000003,12375.000000000002,6.0,20260110.0,Received
10075,20230317,1,618,50,247.50000000000003,12375.000000000002,8.0,20230325.0,Received
10076,20230607,1,618,50,247.50000000000003,12375.000000000002,8.0,20230615.0,Received
10077,20230812,1,618,50,247.50000000000003,12375.000000000002,7.0,20230819.0,Received
10078,20231105,1,618,50,247.50000000000003,12375.000000000002,7.0,20231112.0,Received
10079,20240114,1,618,50,247.50000000000003,12375.000000000002,10.0,20240124.0,Received
10080,20240329,1,618,50,247.50000000000003,12375.000000000002,7.0,20240405.0,Received
10081,20240602,1,618,50,247.50000000000003,12375.000000000002,6.0,20240608.0,Received
10082,20240827,1,618,50,247.50000000000003,12375.000000000002,7.0,20240903.0,Received
10083,20241111,1,618,50,247.50000000000003,12375.000000000002,6.0,20241117.0,Received
10084,20250113,1,618,50,247.50000000000003,12375.000000000002,8.0,20250121.0,Received
10085,20250310,1,618,50,247.50000000000003,12375.000000000002,11.0,20250321.0,Received
10086,20250525,1,618,50,247.50000000000003,12375.000000000002,5.0,20250530.0,Received
10087,20250710,1,618,50,247.50000000000003,12375.000000000002,6.0,20250716.0,Received
10088,20250903,1,618,50,247.50000000000003,12375.000000000002,5.0,20250908.0,Received
10089,20251105,1,618,50,247.50000000000003,12375.000000000002,8.0,20251113.0,Received
10090,20251231,1,618,50,247.50000000000003,12375.000000000002,9.0,20260109.0,Received
10091,20230216,1,619,50,247.50000000000003,12375.000000000002,7.0,20230223.0,Received
10092,20230409,1,619,50,247.50000000000003,12375.000000000002,5.0,20230414.0,Received
10093,20230617,1,619,50,247.50000000000003,12375.000000000002,9.0,20230626.0,Received
10094,20230828,1,619,50,247.50000000000003,12375.000000000002,11.0,20230908.0,Received
10095,20231025,1,619,50,247.50000000000003,12375.000000000002,7.0,20231101.0,Received
10096,20240107,1,619,50,247.50000000000003,12375.000000000002,10.0,20240117.0,Received
10097,20240313,1,619,50,247.50000000000003,12375.000000000002,9.0,20240322.0,Received
10098,20240515,1,619,50,247.50000000000003,12375.000000000002,7.0,20240522.0,Received
10099,20240810,1,619,50,247.50000000000003,12375.000000000002,,,Confirmed
10100,20241010,1,619,50,247.50000000000003,12375.000000000002,8.0,20241018.0,Received
10101,20241227,1,619,50,247.50000000000003,12375.000000000002,11.0,20250107.0,Received
10102,20250307,1,619,50,247.50000000000003,12375.000000000002,11.0,20250318.0,Received
10103,20250527,1,619,50,247.50000000000003,12375.000000000002,11.0,20250607.0,Received
10104,20250722,1,619,50,247.50000000000003,12375.000000000002,9.0,20250731.0,Received
10105,20250922,1,619,50,247.50000000000003,12375.000000000002,9.0,20251001.0,Received
10106,20251120,1,619,50,247.50000000000003,12375.000000000002,6.0,20251126.0,Received
10107,20260106,1,619,50,247.50000000000003,12375.000000000002,9.0,20260115.0,Received
10108,20230321,1,620,50,247.50000000000003,12375.000000000002,9.0,20230330.0,Received
10109,20230509,1,620,50,247.50000000000003,12375.000000000002,7.0,20230516.0,Received
10110,20230731,1,620,50,247.50000000000003,12375.000000000002,11.0,20230811.0,Received
10111,20231005,1,620,50,247.50000000000003,12375.000000000002,9.0,20231014.0,Received
10112,20231123,1,620,50,247.50000000000003,12375.000000000002,11.0,20231204.0,Received
10113,20240130,1,620,50,247.50000000000003,12375.000000000002,7.0,20240206.0,Received
10114,20240425,1,620,50,247.50000000000003,12375.000000000002,8.0,20240503.0,Received
10115,20240619,1,620,50,247.50000000000003,12375.000000000002,8.0,20240627.0,Received
10116,20240829,1,620,50,247.50000000000003,12375.000000000002,6.0,20240904.0,Received
10117,20241027,1,620,50,247.50000000000003,12375.000000000002,6.0,20241102.0,Received
10118,20241230,1,620,50,247.50000000000003,12375.000000000002,10.0,20250109.0,Received
10119,20250315,1,620,50,247.50000000000003,12375.000000000002,11.0,20250326.0,Received
10120,20250612,1,620,50,247.50000000000003,12375.000000000002,,,Cancelled
10121,20250819,1,620,50,247.50000000000003,12375.000000000002,11.0,20250830.0,Received
10122,20251017,1,620,50,247.50000000000003,12375.000000000002,7.0,20251024.0,Received
10123,20260104,1,620,50,247.50000000000003,12375.000000000002,7.0,20260111.0,Received
10124,20230216,1,621,50,320.2070995337579,16010.354976687895,5.0,20230221.0,Received
10125,20230508,1,621,50,320.2070995337579,16010.354976687895,7.0,20230515.0,Received
10126,20230801,1,621,50,320.2070995337579,16010.354976687895,9.0,20230810.0,Received
10127,20230916,1,621,50,320.2070995337579,16010.354976687895,8.0,20230924.0,Received
10128,20231116,1,621,50,320.2070995337579,16010.354976687895,6.0,20231122.0,Received
10129,20240213,1,621,50,320.2070995337579,16010.354976687895,8.0,20240221.0,Received
10130,20240403,1,621,50,320.2070995337579,16010.354976687895,10.0,20240413.0,Received
10131,20240523,1,621,50,320.2070995337579,16010.354976687895,5.0,20240528.0,Received
10132,20240802,1,621,50,320.2070995337579,16010.354976687895,8.0,20240810.0,Received
10133,20241001,1,621,50,320.2070995337579,16010.354976687895,5.0,20241006.0,Received
10134,20241210,1,621,50,320.2070995337579,16010.354976687895,7.0,20241217.0,Received
10135,20250206,1,621,50,320.2070995337579,16010.354976687895,6.0,20250212.0,Received
10136,20250501,1,621,50,320.2070995337579,16010.354976687895,8.0,20250509.0,Received
10137,20250620,1,621,50,320.2070995337579,16010.354976687895,9.0,20250629.0,Received
10138,20250829,1,621,50,320.2070995337579,16010.354976687895,5.0,20250903.0,Received
10139,20251015,1,621,50,320.2070995337579,16010.354976687895,8.0,20251023.0,Received
10140,20251208,1,621,50,320.2070995337579,16010.354976687895,,,Confirmed
10141,20230224,1,622,50,247.50000000000003,12375.000000000002,7.0,20230303.0,Received
10142,20230417,1,622,50,247.50000000000003,12375.000000000002,7.0,20230424.0,Received
10143,20230701,1,622,50,247.50000000000003,12375.000000000002,8.0,20230709.0,Received
10144,20230824,1,622,50,247.50000000000003,12375.000000000002,5.0,20230829.0,Received
10145,20231024,1,622,50,247.50000000000003,12375.000000000002,11.0,20231104.0,Received
10146,20240103,1,622,50,247.50000000000003,12375.000000000002,,,Cancelled
10147,20240220,1,622,50,247.50000000000003,12375.000000000002,10.0,20240301.0,Received
10148,20240419,1,622,50,247.50000000000003,12375.000000000002,10.0,20240429.0,Received
10149,20240709,1,622,50,247.50000000000003,12375.000000000002,7.0,20240716.0,Received
10150,20241002,1,622,50,247.50000000000003,12375.000000000002,7.0,20241009.0,Received
10151,20241122,1,622,50,247.50000000000003,12375.000000000002,6.0,20241128.0,Received
10152,20250123,1,622,50,247.50000000000003,12375.000000000002,11.0,20250203.0,Received
10153,20250321,1,622,50,247.50000000000003,12375.000000000002,10.0,20250331.0,Received
10154,20250505,1,622,50,247.50000000000003,12375.000000000002,6.0,20250511.0,Received
10155,20250721,1,622,50,247.50000000000003,12375.000000000002,7.0,20250728.0,Received
10156,20251014,1,622,50,247.50000000000003,12375.000000000002,8.0,20251022.0,Received
10157,20260102,1,622,50,247.50000000000003,12375.000000000002,9.0,20260111.0,Received
10158,20230303,1,623,50,247.50000000000003,12375.000000000002,11.0,20230314.0,Received
10159,20230425,1,623,50,247.50000000000003,12375.000000000002,,,Confirmed
10160,20230615,1,623,50,247.50000000000003,12375.000000000002,10.0,20230625.0,Received
10161,20230806,1,623,50,247.50000000000003,12375.000000000002,8.0,20230814.0,Received
10162,20231007,1,623,50,247.50000000000003,12375.000000000002,8.0,20231015.0,Received
10163,20231211,1,623,50,247.50000000000003,12375.000000000002,6.0,20231217.0,Received
10164,20240303,1,623,50,247.50000000000003,12375.000000000002,9.0,20240312.0,Received
10165,20240417,1,623,50,247.50000000000003,12375.000000000002,8.0,20240425.0,Received
10166,20240604,1,623,50,247.50000000000003,12375.000000000002,6.0,20240610.0,Received
10167,20240726,1,623,50,247.50000000000003,12375.000000000002,9.0,20240804.0,Received
10168,20240917,1,623,50,247.50000000000003,12375.000000000002,11.0,20240928.0,Received
10169,20241111,1,623,50,247.50000000000003,12375.000000000002,9.0,20241120.0,Received
10170,20250109,1,623,50,247.50000000000003,12375.000000000002,7.0,20250116.0,Received
10171,20250329,1,623,50,247.50000000000003,12375.000000000002,8.0,20250406.0,Received
10172,20250611,1,623,50,247.50000000000003,12375.000000000002,10.0,20250621.0,Received
10173,20250812,1,623,50,247.50000000000003,12375.000000000002,9.0,20250821.0,Received
10174,20251005,1,623,50,247.50000000000003,12375.000000000002,6.0,20251011.0,Received
10175,20251201,1,623,50,247.50000000000003,12375.000000000002,11.0,20251212.0,Received
10176,20230307,1,624,51,247.50000000000003,12622.500000000002,10.0,20230317.0,Received
10177,20230426,1,624,51,247.50000000000003,12622.500000000002,8.0,20230504.0,Received
10178,20230629,1,624,51,247.50000000000003,12622.500000000002,9.0,20230708.0,Received
10179,20230830,1,624,51,247.50000000000003,12622.500000000002,10.0,20230909.0,Received
10180,20231107,1,624,51,247.50000000000003,12622.500000000002,11.0,20231118.0,Received
10181,20240104,1,624,51,247.50000000000003,12622.500000000002,9.0,20240113.0,Received
10182,20240328,1,624,51,247.50000000000003,12622.500000000002,10.0,20240407.0,Received
10183,20240625,1,624,51,247.50000000000003,12622.500000000002,11.0,20240706.0,Received
10184,20240809,1,624,51,247.50000000000003,12622.500000000002,9.0,20240818.0,Received
10185,20241104,1,624,51,247.50000000000003,12622.500000000002,6.0,20241110.0,Received
10186,20250108,1,624,51,247.50000000000003,12622.500000000002,9.0,20250117.0,Received
10187,20250319,1,624,51,247.50000000000003,12622.500000000002,,,Confirmed
10188,20250528,1,624,51,247.50000000000003,12622.500000000002,5.0,20250602.0,Received
10189,20250717,1,624,51,247.50000000000003,12622.500000000002,6.0,20250723.0,Received
10190,20250904,1,624,51,247.50000000000003,12622.500000000002,8.0,20250912.0,Received
10191,20251119,1,624,51,247.50000000000003,12622.500000000002,9.0,20251128.0,Received
10192,20230308,1,625,50,247.50000000000003,12375.000000000002,10.0,20230318.0,Received
10193,20230514,1,625,50,247.50000000000003,12375.000000000002,10.0,20230524.0,Received
10194,20230721,1,625,50,247.50000000000003,12375.000000000002,6.0,20230727.0,Received
10195,20230916,1,625,50,247.50000000000003,12375.000000000002,10.0,20230926.0,Received
10196,20231110,1,625,50,247.50000000000003,12375.000000000002,5.0,20231115.0,Received
10197,20240130,1,625,50,247.50000000000003,12375.000000000002,5.0,20240204.0,Received
10198,20240411,1,625,50,247.50000000000003,12375.000000000002,11.0,20240422.0,Received
10199,20240703,1,625,50,247.50000000000003,12375.000000000002,7.0,20240710.0,Received
10200,20240907,1,625,50,247.50000000000003,12375.000000000002,5.0,20240912.0,Received
10201,20241027,1,625,50,247.50000000000003,12375.000000000002,8.0,20241104.0,Received
10202,20250106,1,625,50,247.50000000000003,12375.000000000002,,,Cancelled
10203,20250227,1,625,50,247.50000000000003,12375.000000000002,8.0,20250307.0,Received
10204,20250520,1,625,50,247.50000000000003,12375.000000000002,7.0,20250527.0,Received
10205,20250722,1,625,50,247.50000000000003,12375.000000000002,9.0,20250731.0,Received
10206,20251005,1,625,50,247.50000000000003,12375.000000000002,8.0,20251013.0,Received
10207,20251219,1,625,50,247.50000000000003,12375.000000000002,6.0,20251225.0,Received
10208,20230217,1,626,50,320.2070995337579,16010.354976687895,6.0,20230223.0,Received
10209,20230505,1,626,50,320.2070995337579,16010.354976687895,6.0,20230511.0,Received
10210,20230728,1,626,50,320.2070995337579,16010.354976687895,7.0,20230804.0,Received
10211,20230926,1,626,50,320.2070995337579,16010.354976687895,9.0,20231005.0,Received
10212,20231113,1,626,50,320.2070995337579,16010.354976687895,6.0,20231119.0,Received
10213,20240205,1,626,50,320.2070995337579,16010.354976687895,8.0,20240213.0,Received
10214,20240429,1,626,50,320.2070995337579,16010.354976687895,8.0,20240507.0,Received
10215,20240713,1,626,50,320.2070995337579,16010.354976687895,8.0,20240721.0,Received
10216,20240912,1,626,50,320.2070995337579,16010.354976687895,11.0,20240923.0,Received
10217,20241123,1,626,50,320.2070995337579,16010.354976687895,,,Confirmed
10218,20250215,1,626,50,320.2070995337579,16010.354976687895,8.0,20250223.0,Received
10219,20250504,1,626,50,320.2070995337579,16010.354976687895,9.0,20250513.0,Received
10220,20250628,1,626,50,320.2070995337579,16010.354976687895,6.0,20250704.0,Received
10221,20250919,1,626,50,320.2070995337579,16010.354976687895,11.0,20250930.0,Received
10222,20251206,1,626,50,320.2070995337579,16010.354976687895,6.0,20251212.0,Received
10223,20260123,1,626,50,320.2070995337579,16010.354976687895,7.0,20260130.0,Received
10224,20230227,1,627,50,247.50000000000003,12375.000000000002,11.0,20230310.0,Received
10225,20230504,1,627,50,247.50000000000003,12375.000000000002,8.0,20230512.0,Received
10226,20230801,1,627,50,247.50000000000003,12375.000000000002,5.0,20230806.0,Received
10227,20231001,1,627,50,247.50000000000003,12375.000000000002,7.0,20231008.0,Received
10228,20231224,1,627,50,247.50000000000003,12375.000000000002,10.0,20240103.0,Received
10229,20240309,1,627,50,247.50000000000003,12375.000000000002,5.0,20240314.0,Received
10230,20240513,1,627,50,247.50000000000003,12375.000000000002,8.0,20240521.0,Received
10231,20240629,1,627,50,247.50000000000003,12375.000000000002,10.0,20240709.0,Received
10232,20240923,1,627,50,247.50000000000003,12375.000000000002,9.0,20241002.0,Received
10233,20241205,1,627,50,247.50000000000003,12375.000000000002,6.0,20241211.0,Received
10234,20250120,1,627,50,247.50000000000003,12375.000000000002,6.0,20250126.0,Received
10235,20250411,1,627,50,247.50000000000003,12375.000000000002,11.0,20250422.0,Received
10236,20250612,1,627,50,247.50000000000003,12375.000000000002,6.0,20250618.0,Received
10237,20250905,1,627,50,247.50000000000003,12375.000000000002,9.0,20250914.0,Received
10238,20251022,1,627,50,247.50000000000003,12375.000000000002,5.0,20251027.0,Received
10239,20251221,1,627,50,247.50000000000003,12375.000000000002,6.0,20251227.0,Received
10240,20230218,1,628,50,247.50000000000003,12375.000000000002,11.0,20230301.0,Received
10241,20230424,1,628,50,247.50000000000003,12375.000000000002,6.0,20230430.0,Received
10242,20230715,1,628,50,247.50000000000003,12375.000000000002,,,Confirmed
10243,20231010,1,628,50,247.50000000000003,12375.000000000002,11.0,20231021.0,Received
10244,20240102,1,628,50,247.50000000000003,12375.000000000002,9.0,20240111.0,Received
10245,20240322,1,628,50,247.50000000000003,12375.000000000002,6.0,20240328.0,Received
10246,20240609,1,628,50,247.50000000000003,12375.000000000002,9.0,20240618.0,Received
10247,20240809,1,628,50,247.50000000000003,12375.000000000002,8.0,20240817.0,Received
10248,20240924,1,628,50,247.50000000000003,12375.000000000002,6.0,20240930.0,Received
10249,20241207,1,628,50,247.50000000000003,12375.000000000002,9.0,20241216.0,Received
10250,20250211,1,628,50,247.50000000000003,12375.000000000002,11.0,20250222.0,Received
10251,20250423,1,628,50,247.50000000000003,12375.000000000002,11.0,20250504.0,Received
10252,20250715,1,628,50,247.50000000000003,12375.000000000002,10.0,20250725.0,Received
10253,20250912,1,628,50,247.50000000000003,12375.000000000002,7.0,20250919.0,Received
10254,20251205,1,628,50,247.50000000000003,12375.000000000002,7.0,20251212.0,Received
10255,20260129,1,628,50,247.50000000000003,12375.000000000002,6.0,20260204.0,Received
10256,20230222,1,629,50,247.50000000000003,12375.000000000002,9.0,20230303.0,Received
10257,20230520,1,629,50,247.50000000000003,12375.000000000002,6.0,20230526.0,Received
10258,20230813,1,629,50,247.50000000000003,12375.000000000002,7.0,20230820.0,Received
10259,20231103,1,629,50,247.50000000000003,12375.000000000002,8.0,20231111.0,Received
10260,20240107,1,629,50,247.50000000000003,12375.000000000002,5.0,20240112.0,Received
10261,20240313,1,629,50,247.50000000000003,12375.000000000002,8.0,20240321.0,Received
10262,20240604,1,629,50,247.50000000000003,12375.000000000002,11.0,20240615.0,Received
10263,20240820,1,629,50,247.50000000000003,12375.000000000002,9.0,20240829.0,Received
10264,20241006,1,629,50,247.50000000000003,12375.000000000002,9.0,20241015.0,Received
10265,20241206,1,629,50,247.50000000000003,12375.000000000002,8.0,20241214.0,Received
10266,20250130,1,629,50,247.50000000000003,12375.000000000002,5.0,20250204.0,Received
10267,20250328,1,629,50,247.50000000000003,12375.000000000002,7.0,20250404.0,Received
10268,20250531,1,629,50,247.50000000000003,12375.000000000002,7.0,20250607.0,Received
10269,20250716,1,629,50,247.50000000000003,12375.000000000002,,,Confirmed
10270,20250911,1,629,50,247.50000000000003,12375.000000000002,8.0,20250919.0,Received
10271,20251117,1,629,50,247.50000000000003,12375.000000000002,10.0,20251127.0,Received
10272,20260130,1,629,50,247.50000000000003,12375.000000000002,,,Cancelled
10273,20230223,1,630,55,247.50000000000003,13612.500000000002,7.0,20230302.0,Received
10274,20230419,1,630,55,247.50000000000003,13612.500000000002,9.0,20230428.0,Received
10275,20230611,1,630,55,247.50000000000003,13612.500000000002,5.0,20230616.0,Received
10276,20230813,1,630,55,247.50000000000003,13612.500000000002,6.0,20230819.0,Received
10277,20231107,1,630,55,247.50000000000003,13612.500000000002,5.0,20231112.0,Received
10278,20240101,1,630,55,247.50000000000003,13612.500000000002,6.0,20240107.0,Received
10279,20240330,1,630,55,247.50000000000003,13612.500000000002,10.0,20240409.0,Received
10280,20240613,1,630,55,247.50000000000003,13612.500000000002,8.0,20240621.0,Received
10281,20240806,1,630,55,247.50000000000003,13612.500000000002,9.0,20240815.0,Received
10282,20240920,1,630,55,247.50000000000003,13612.500000000002,5.0,20240925.0,Received
10283,20241215,1,630,55,247.50000000000003,13612.500000000002,7.0,20241222.0,Received
10284,20250220,1,630,55,247.50000000000003,13612.500000000002,,,Confirmed
10285,20250410,1,630,55,247.50000000000003,13612.500000000002,5.0,20250415.0,Received
10286,20250613,1,630,55,247.50000000000003,13612.500000000002,10.0,20250623.0,Received
10287,20250830,1,630,55,247.50000000000003,13612.500000000002,8.0,20250907.0,Received
10288,20251126,1,630,55,247.50000000000003,13612.500000000002,8.0,20251204.0,Received
10289,20230323,1,631,50,604.8356324526538,30241.78162263269,9.0,20230401.0,Received
10290,20230620,1,631,50,604.8356324526538,30241.78162263269,5.0,20230625.0,Received
10291,20230811,1,631,50,604.8356324526538,30241.78162263269,8.0,20230819.0,Received
10292,20231016,1,631,50,604.8356324526538,30241.78162263269,5.0,20231021.0,Received
10293,20240101,1,631,50,604.8356324526538,30241.78162263269,,,Confirmed
10294,20240217,1,631,50,604.8356324526538,30241.78162263269,5.0,20240222.0,Received
10295,20240510,1,631,50,604.8356324526538,30241.78162263269,10.0,20240520.0,Received
10296,20240628,1,631,50,604.8356324526538,30241.78162263269,8.0,20240706.0,Received
10297,20240918,1,631,50,604.8356324526538,30241.78162263269,11.0,20240929.0,Received
10298,20241110,1,631,50,604.8356324526538,30241.78162263269,,,Confirmed
10299,20241229,1,631,50,604.8356324526538,30241.78162263269,11.0,20250109.0,Received
10300,20250309,1,631,50,604.8356324526538,30241.78162263269,5.0,20250314.0,Received
10301,20250507,1,631,50,604.8356324526538,30241.78162263269,7.0,20250514.0,Received
10302,20250728,1,631,50,604.8356324526538,30241.78162263269,,,Confirmed
10303,20251014,1,631,50,604.8356324526538,30241.78162263269,10.0,20251024.0,Received
10304,20251215,1,631,50,604.8356324526538,30241.78162263269,10.0,20251225.0,Received
10305,20230308,1,632,50,467.50000000000006,23375.000000000004,7.0,20230315.0,Received
10306,20230429,1,632,50,467.50000000000006,23375.000000000004,9.0,20230508.0,Received
10307,20230629,1,632,50,467.50000000000006,23375.000000000004,,,Cancelled
10308,20230921,1,632,50,467.50000000000006,23375.000000000004,5.0,20230926.0,Received
10309,20231108,1,632,50,467.50000000000006,23375.000000000004,7.0,20231115.0,Received
10310,20231227,1,632,50,467.50000000000006,23375.000000000004,5.0,20240101.0,Received
10311,20240210,1,632,50,467.50000000000006,23375.000000000004,7.0,20240217.0,Received
10312,20240426,1,632,50,467.50000000000006,23375.000000000004,6.0,20240502.0,Received
10313,20240613,1,632,50,467.50000000000006,23375.000000000004,7.0,20240620.0,Received
10314,20240819,1,632,50,467.50000000000006,23375.000000000004,11.0,20240830.0,Received
10315,20241016,1,632,50,467.50000000000006,23375.000000000004,9.0,20241025.0,Received
10316,20241230,1,632,50,467.50000000000006,23375.000000000004,,,Cancelled
10317,20250326,1,632,50,467.50000000000006,23375.000000000004,8.0,20250403.0,Received
10318,20250525,1,632,50,467.50000000000006,23375.000000000004,10.0,20250604.0,Received
10319,20250717,1,632,50,467.50000000000006,23375.000000000004,10.0,20250727.0,Received
10320,20250902,1,632,50,467.50000000000006,23375.000000000004,11.0,20250913.0,Received
10321,20251028,1,632,50,467.50000000000006,23375.000000000004,6.0,20251103.0,Received
10322,20251225,1,632,50,467.50000000000006,23375.000000000004,6.0,20251231.0,Received
10323,20230228,1,633,50,467.50000000000006,23375.000000000004,7.0,20230307.0,Received
10324,20230423,1,633,50,467.50000000000006,23375.000000000004,7.0,20230430.0,Received
10325,20230717,1,633,50,467.50000000000006,23375.000000000004,9.0,20230726.0,Received
10326,20230926,1,633,50,467.50000000000006,23375.000000000004,7.0,20231003.0,Received
10327,20231123,1,633,50,467.50000000000006,23375.000000000004,6.0,20231129.0,Received
10328,20240123,1,633,50,467.50000000000006,23375.000000000004,6.0,20240129.0,Received
10329,20240321,1,633,50,467.50000000000006,23375.000000000004,10.0,20240331.0,Received
10330,20240604,1,633,50,467.50000000000006,23375.000000000004,5.0,20240609.0,Received
10331,20240804,1,633,50,467.50000000000006,23375.000000000004,11.0,20240815.0,Received
10332,20241026,1,633,50,467.50000000000006,23375.000000000004,7.0,20241102.0,Received
10333,20250116,1,633,50,467.50000000000006,23375.000000000004,,,Confirmed
10334,20250323,1,633,50,467.50000000000006,23375.000000000004,11.0,20250403.0,Received
10335,20250509,1,633,50,467.50000000000006,23375.000000000004,,,Confirmed
10336,20250703,1,633,50,467.50000000000006,23375.000000000004,6.0,20250709.0,Received
10337,20250915,1,633,50,467.50000000000006,23375.000000000004,11.0,20250926.0,Received
10338,20251107,1,633,50,467.50000000000006,23375.000000000004,7.0,20251114.0,Received
10339,20260128,1,633,50,467.50000000000006,23375.000000000004,,,Cancelled
10340,20230225,1,634,50,467.50000000000006,23375.000000000004,7.0,20230304.0,Received
10341,20230516,1,634,50,467.50000000000006,23375.000000000004,7.0,20230523.0,Received
10342,20230719,1,634,50,467.50000000000006,23375.000000000004,11.0,20230730.0,Received
10343,20230913,1,634,50,467.50000000000006,23375.000000000004,7.0,20230920.0,Received
10344,20231129,1,634,50,467.50000000000006,23375.000000000004,9.0,20231208.0,Received
10345,20240224,1,634,50,467.50000000000006,23375.000000000004,9.0,20240304.0,Received
10346,20240425,1,634,50,467.50000000000006,23375.000000000004,9.0,20240504.0,Received
10347,20240723,1,634,50,467.50000000000006,23375.000000000004,5.0,20240728.0,Received
10348,20241012,1,634,50,467.50000000000006,23375.000000000004,,,Confirmed
10349,20241229,1,634,50,467.50000000000006,23375.000000000004,5.0,20250103.0,Received
10350,20250304,1,634,50,467.50000000000006,23375.000000000004,11.0,20250315.0,Received
10351,20250509,1,634,50,467.50000000000006,23375.000000000004,10.0,20250519.0,Received
10352,20250719,1,634,50,467.50000000000006,23375.000000000004,7.0,20250726.0,Received
10353,20250909,1,634,50,467.50000000000006,23375.000000000004,8.0,20250917.0,Received
10354,20251202,1,634,50,467.50000000000006,23375.000000000004,11.0,20251213.0,Received
10355,20260119,1,634,50,467.50000000000006,23375.000000000004,5.0,20260124.0,Received
10356,20230310,1,635,50,467.50000000000006,23375.000000000004,11.0,20230321.0,Received
10357,20230606,1,635,50,467.50000000000006,23375.000000000004,7.0,20230613.0,Received
10358,20230729,1,635,50,467.50000000000006,23375.000000000004,9.0,20230807.0,Received
10359,20231025,1,635,50,467.50000000000006,23375.000000000004,11.0,20231105.0,Received
10360,20231213,1,635,50,467.50000000000006,23375.000000000004,11.0,20231224.0,Received
10361,20240310,1,635,50,467.50000000000006,23375.000000000004,6.0,20240316.0,Received
10362,20240528,1,635,50,467.50000000000006,23375.000000000004,10.0,20240607.0,Received
10363,20240825,1,635,50,467.50000000000006,23375.000000000004,7.0,20240901.0,Received
10364,20241101,1,635,50,467.50000000000006,23375.000000000004,9.0,20241110.0,Received
10365,20241231,1,635,50,467.50000000000006,23375.000000000004,11.0,20250111.0,Received
10366,20250304,1,635,50,467.50000000000006,23375.000000000004,11.0,20250315.0,Received
10367,20250506,1,635,50,467.50000000000006,23375.000000000004,11.0,20250517.0,Received
10368,20250706,1,635,50,467.50000000000006,23375.000000000004,8.0,20250714.0,Received
10369,20250831,1,635,50,467.50000000000006,23375.000000000004,6.0,20250906.0,Received
10370,20251103,1,635,50,467.50000000000006,23375.000000000004,5.0,20251108.0,Received
10371,20260122,1,635,50,467.50000000000006,23375.000000000004,11.0,20260202.0,Received
10372,20230219,1,636,50,568.5454945054946,28427.274725274732,,,Cancelled
10373,20230416,1,636,50,568.5454945054946,28427.274725274732,5.0,20230421.0,Received
10374,20230610,1,636,50,568.5454945054946,28427.274725274732,6.0,20230616.0,Received
10375,20230807,1,636,50,568.5454945054946,28427.274725274732,9.0,20230816.0,Received
10376,20231009,1,636,50,568.5454945054946,28427.274725274732,9.0,20231018.0,Received
10377,20231219,1,636,50,568.5454945054946,28427.274725274732,10.0,20231229.0,Received
10378,20240213,1,636,50,568.5454945054946,28427.274725274732,6.0,20240219.0,Received
10379,20240401,1,636,50,568.5454945054946,28427.274725274732,,,Cancelled
10380,20240622,1,636,50,568.5454945054946,28427.274725274732,8.0,20240630.0,Received
10381,20240817,1,636,50,568.5454945054946,28427.274725274732,5.0,20240822.0,Received
10382,20241114,1,636,50,568.5454945054946,28427.274725274732,,,Cancelled
10383,20250119,1,636,50,568.5454945054946,28427.274725274732,8.0,20250127.0,Received
10384,20250309,1,636,50,568.5454945054946,28427.274725274732,10.0,20250319.0,Received
10385,20250509,1,636,50,568.5454945054946,28427.274725274732,8.0,20250517.0,Received
10386,20250703,1,636,50,568.5454945054946,28427.274725274732,9.0,20250712.0,Received
10387,20250901,1,636,50,568.5454945054946,28427.274725274732,9.0,20250910.0,Received
10388,20251028,1,636,50,568.5454945054946,28427.274725274732,7.0,20251104.0,Received
10389,20260111,1,636,50,568.5454945054946,28427.274725274732,10.0,20260121.0,Received
10390,20230324,1,637,50,439.45000000000005,21972.500000000004,8.0,20230401.0,Received
10391,20230620,1,637,50,439.45000000000005,21972.500000000004,10.0,20230630.0,Received
10392,20230805,1,637,50,439.45000000000005,21972.500000000004,10.0,20230815.0,Received
10393,20231005,1,637,50,439.45000000000005,21972.500000000004,5.0,20231010.0,Received
10394,20231226,1,637,50,439.45000000000005,21972.500000000004,11.0,20240106.0,Received
10395,20240223,1,637,50,439.45000000000005,21972.500000000004,8.0,20240302.0,Received
10396,20240515,1,637,50,439.45000000000005,21972.500000000004,11.0,20240526.0,Received
10397,20240724,1,637,50,439.45000000000005,21972.500000000004,8.0,20240801.0,Received
10398,20240924,1,637,50,439.45000000000005,21972.500000000004,7.0,20241001.0,Received
10399,20241211,1,637,50,439.45000000000005,21972.500000000004,6.0,20241217.0,Received
10400,20250201,1,637,50,439.45000000000005,21972.500000000004,9.0,20250210.0,Received
10401,20250422,1,637,50,439.45000000000005,21972.500000000004,11.0,20250503.0,Received
10402,20250613,1,637,50,439.45000000000005,21972.500000000004,8.0,20250621.0,Received
10403,20250730,1,637,50,439.45000000000005,21972.500000000004,6.0,20250805.0,Received
10404,20251009,1,637,50,439.45000000000005,21972.500000000004,6.0,20251015.0,Received
10405,20251228,1,637,50,439.45000000000005,21972.500000000004,11.0,20260108.0,Received
10406,20230310,1,638,50,439.45000000000005,21972.500000000004,6.0,20230316.0,Received
10407,20230531,1,638,50,439.45000000000005,21972.500000000004,11.0,20230611.0,Received
10408,20230828,1,638,50,439.45000000000005,21972.500000000004,8.0,20230905.0,Received
10409,20231103,1,638,50,439.45000000000005,21972.500000000004,10.0,20231113.0,Received
10410,20240128,1,638,50,439.45000000000005,21972.500000000004,5.0,20240202.0,Received
10411,20240331,1,638,50,439.45000000000005,21972.500000000004,7.0,20240407.0,Received
10412,20240626,1,638,50,439.45000000000005,21972.500000000004,5.0,20240701.0,Received
10413,20240907,1,638,50,439.45000000000005,21972.500000000004,,,Confirmed
10414,20241124,1,638,50,439.45000000000005,21972.500000000004,11.0,20241205.0,Received
10415,20250131,1,638,50,439.45000000000005,21972.500000000004,6.0,20250206.0,Received
10416,20250414,1,638,50,439.45000000000005,21972.500000000004,5.0,20250419.0,Received
10417,20250615,1,638,50,439.45000000000005,21972.500000000004,10.0,20250625.0,Received
10418,20250804,1,638,50,439.45000000000005,21972.500000000004,5.0,20250809.0,Received
10419,20251028,1,638,50,439.45000000000005,21972.500000000004,9.0,20251106.0,Received
10420,20251220,1,638,50,439.45000000000005,21972.500000000004,10.0,20251230.0,Received
10421,20230328,1,639,50,439.45000000000005,21972.500000000004,6.0,20230403.0,Received
10422,20230617,1,639,50,439.45000000000005,21972.500000000004,9.0,20230626.0,Received
10423,20230814,1,639,50,439.45000000000005,21972.500000000004,5.0,20230819.0,Received
10424,20231012,1,639,50,439.45000000000005,21972.500000000004,10.0,20231022.0,Received
10425,20231214,1,639,50,439.45000000000005,21972.500000000004,5.0,20231219.0,Received
10426,20240309,1,639,50,439.45000000000005,21972.500000000004,7.0,20240316.0,Received
10427,20240426,1,639,50,439.45000000000005,21972.500000000004,6.0,20240502.0,Received
10428,20240613,1,639,50,439.45000000000005,21972.500000000004,,,Cancelled
10429,20240805,1,639,50,439.45000000000005,21972.500000000004,7.0,20240812.0,Received
10430,20240922,1,639,50,439.45000000000005,21972.500000000004,7.0,20240929.0,Received
10431,20241128,1,639,50,439.45000000000005,21972.500000000004,8.0,20241206.0,Received
10432,20250207,1,639,50,439.45000000000005,21972.500000000004,10.0,20250217.0,Received
10433,20250418,1,639,50,439.45000000000005,21972.500000000004,,,Cancelled
10434,20250618,1,639,50,439.45000000000005,21972.500000000004,11.0,20250629.0,Received
10435,20250906,1,639,50,439.45000000000005,21972.500000000004,9.0,20250915.0,Received
10436,20251101,1,639,50,439.45000000000005,21972.500000000004,10.0,20251111.0,Received
10437,20251227,1,639,50,439.45000000000005,21972.500000000004,10.0,20260106.0,Received
10438,20230331,1,640,50,439.45000000000005,21972.500000000004,10.0,20230410.0,Received
10439,20230527,1,640,50,439.45000000000005,21972.500000000004,5.0,20230601.0,Received
10440,20230712,1,640,50,439.45000000000005,21972.500000000004,,,Confirmed
10441,20231004,1,640,50,439.45000000000005,21972.500000000004,8.0,20231012.0,Received
10442,20231118,1,640,50,439.45000000000005,21972.500000000004,10.0,20231128.0,Received
10443,20240107,1,640,50,439.45000000000005,21972.500000000004,7.0,20240114.0,Received
10444,20240301,1,640,50,439.45000000000005,21972.500000000004,9.0,20240310.0,Received
10445,20240524,1,640,50,439.45000000000005,21972.500000000004,5.0,20240529.0,Received
10446,20240812,1,640,50,439.45000000000005,21972.500000000004,9.0,20240821.0,Received
10447,20241006,1,640,50,439.45000000000005,21972.500000000004,8.0,20241014.0,Received
10448,20241128,1,640,50,439.45000000000005,21972.500000000004,6.0,20241204.0,Received
10449,20250209,1,640,50,439.45000000000005,21972.500000000004,11.0,20250220.0,Received
10450,20250411,1,640,50,439.45000000000005,21972.500000000004,7.0,20250418.0,Received
10451,20250706,1,640,50,439.45000000000005,21972.500000000004,10.0,20250716.0,Received
10452,20250902,1,640,50,439.45000000000005,21972.500000000004,9.0,20250911.0,Received
10453,20251115,1,640,50,439.45000000000005,21972.500000000004,10.0,20251125.0,Received
10454,20260127,1,640,50,439.45000000000005,21972.500000000004,7.0,20260203.0,Received
10455,20230331,1,641,50,568.5454945054946,28427.274725274732,8.0,20230408.0,Received
10456,20230619,1,641,50,568.5454945054946,28427.274725274732,7.0,20230626.0,Received
10457,20230817,1,641,50,568.5454945054946,28427.274725274732,,,Confirmed
10458,20231021,1,641,50,568.5454945054946,28427.274725274732,8.0,20231029.0,Received
10459,20240107,1,641,50,568.5454945054946,28427.274725274732,5.0,20240112.0,Received
10460,20240307,1,641,50,568.5454945054946,28427.274725274732,6.0,20240313.0,Received
10461,20240428,1,641,50,568.5454945054946,28427.274725274732,10.0,20240508.0,Received
10462,20240623,1,641,50,568.5454945054946,28427.274725274732,5.0,20240628.0,Received
10463,20240816,1,641,50,568.5454945054946,28427.274725274732,6.0,20240822.0,Received
10464,20241015,1,641,50,568.5454945054946,28427.274725274732,11.0,20241026.0,Received
10465,20241224,1,641,50,568.5454945054946,28427.274725274732,10.0,20250103.0,Received
10466,20250214,1,641,50,568.5454945054946,28427.274725274732,6.0,20250220.0,Received
10467,20250509,1,641,50,568.5454945054946,28427.274725274732,6.0,20250515.0,Received
10468,20250724,1,641,50,568.5454945054946,28427.274725274732,8.0,20250801.0,Received
10469,20251017,1,641,50,568.5454945054946,28427.274725274732,9.0,20251026.0,Received
10470,20260114,1,641,50,568.5454945054946,28427.274725274732,6.0,20260120.0,Received
10471,20230318,1,642,50,439.45000000000005,21972.500000000004,,,Confirmed
10472,20230526,1,642,50,439.45000000000005,21972.500000000004,,,Confirmed
10473,20230819,1,642,50,439.45000000000005,21972.500000000004,7.0,20230826.0,Received
10474,20231112,1,642,50,439.45000000000005,21972.500000000004,10.0,20231122.0,Received
10475,20231228,1,642,50,439.45000000000005,21972.500000000004,5.0,20240102.0,Received
10476,20240316,1,642,50,439.45000000000005,21972.500000000004,5.0,20240321.0,Received
10477,20240510,1,642,50,439.45000000000005,21972.500000000004,8.0,20240518.0,Received
10478,20240728,1,642,50,439.45000000000005,21972.500000000004,9.0,20240806.0,Received
10479,20240923,1,642,50,439.45000000000005,21972.500000000004,9.0,20241002.0,Received
10480,20241112,1,642,50,439.45000000000005,21972.500000000004,9.0,20241121.0,Received
10481,20250203,1,642,50,439.45000000000005,21972.500000000004,6.0,20250209.0,Received
10482,20250326,1,642,50,439.45000000000005,21972.500000000004,11.0,20250406.0,Received
10483,20250609,1,642,50,439.45000000000005,21972.500000000004,10.0,20250619.0,Received
10484,20250819,1,642,50,439.45000000000005,21972.500000000004,11.0,20250830.0,Received
10485,20251030,1,642,50,439.45000000000005,21972.500000000004,,,Cancelled
10486,20251226,1,642,50,439.45000000000005,21972.500000000004,8.0,20260103.0,Received
10487,20230325,1,643,50,439.45000000000005,21972.500000000004,7.0,20230401.0,Received
10488,20230513,1,643,50,439.45000000000005,21972.500000000004,8.0,20230521.0,Received
10489,20230719,1,643,50,439.45000000000005,21972.500000000004,9.0,20230728.0,Received
10490,20231002,1,643,50,439.45000000000005,21972.500000000004,,,Cancelled
10491,20231117,1,643,50,439.45000000000005,21972.500000000004,5.0,20231122.0,Received
10492,20240210,1,643,50,439.45000000000005,21972.500000000004,5.0,20240215.0,Received
10493,20240409,1,643,50,439.45000000000005,21972.500000000004,6.0,20240415.0,Received
10494,20240620,1,643,50,439.45000000000005,21972.500000000004,9.0,20240629.0,Received
10495,20240901,1,643,50,439.45000000000005,21972.500000000004,11.0,20240912.0,Received
10496,20241018,1,643,50,439.45000000000005,21972.500000000004,7.0,20241025.0,Received
10497,20250109,1,643,50,439.45000000000005,21972.500000000004,6.0,20250115.0,Received
10498,20250325,1,643,50,439.45000000000005,21972.500000000004,11.0,20250405.0,Received
10499,20250518,1,643,50,439.45000000000005,21972.500000000004,10.0,20250528.0,Received
10500,20250709,1,643,50,439.45000000000005,21972.500000000004,10.0,20250719.0,Received
10501,20250917,1,643,50,439.45000000000005,21972.500000000004,5.0,20250922.0,Received
10502,20251129,1,643,50,439.45000000000005,21972.500000000004,11.0,20251210.0,Received
10503,20230224,1,644,50,439.45000000000005,21972.500000000004,11.0,20230307.0,Received
10504,20230519,1,644,50,439.45000000000005,21972.500000000004,8.0,20230527.0,Received
10505,20230811,1,644,50,439.45000000000005,21972.500000000004,6.0,20230817.0,Received
10506,20231011,1,644,50,439.45000000000005,21972.500000000004,10.0,20231021.0,Received
10507,20240108,1,644,50,439.45000000000005,21972.500000000004,5.0,20240113.0,Received
10508,20240308,1,644,50,439.45000000000005,21972.500000000004,7.0,20240315.0,Received
10509,20240525,1,644,50,439.45000000000005,21972.500000000004,6.0,20240531.0,Received
10510,20240714,1,644,50,439.45000000000005,21972.500000000004,8.0,20240722.0,Received
10511,20240919,1,644,50,439.45000000000005,21972.500000000004,8.0,20240927.0,Received
10512,20241118,1,644,50,439.45000000000005,21972.500000000004,8.0,20241126.0,Received
10513,20250123,1,644,50,439.45000000000005,21972.500000000004,7.0,20250130.0,Received
10514,20250309,1,644,50,439.45000000000005,21972.500000000004,9.0,20250318.0,Received
10515,20250509,1,644,50,439.45000000000005,21972.500000000004,6.0,20250515.0,Received
10516,20250705,1,644,50,439.45000000000005,21972.500000000004,5.0,20250710.0,Received
10517,20250906,1,644,50,439.45000000000005,21972.500000000004,11.0,20250917.0,Received
10518,20251121,1,644,50,439.45000000000005,21972.500000000004,11.0,20251202.0,Received
10519,20260106,1,644,50,439.45000000000005,21972.500000000004,11.0,20260117.0,Received
10520,20230226,1,645,50,439.45000000000005,21972.500000000004,7.0,20230305.0,Received
10521,20230526,1,645,50,439.45000000000005,21972.500000000004,7.0,20230602.0,Received
10522,20230714,1,645,50,439.45000000000005,21972.500000000004,8.0,20230722.0,Received
10523,20230927,1,645,50,439.45000000000005,21972.500000000004,5.0,20231002.0,Received
10524,20231114,1,645,50,439.45000000000005,21972.500000000004,11.0,20231125.0,Received
10525,20240127,1,645,50,439.45000000000005,21972.500000000004,7.0,20240203.0,Received
10526,20240328,1,645,50,439.45000000000005,21972.500000000004,6.0,20240403.0,Received
10527,20240625,1,645,50,439.45000000000005,21972.500000000004,9.0,20240704.0,Received
10528,20240906,1,645,50,439.45000000000005,21972.500000000004,11.0,20240917.0,Received
10529,20241025,1,645,50,439.45000000000005,21972.500000000004,10.0,20241104.0,Received
10530,20241220,1,645,50,439.45000000000005,21972.500000000004,7.0,20241227.0,Received
10531,20250212,1,645,50,439.45000000000005,21972.500000000004,10.0,20250222.0,Received
10532,20250401,1,645,50,439.45000000000005,21972.500000000004,10.0,20250411.0,Received
10533,20250622,1,645,50,439.45000000000005,21972.500000000004,6.0,20250628.0,Received
10534,20250817,1,645,50,439.45000000000005,21972.500000000004,,,Cancelled
10535,20251027,1,645,50,439.45000000000005,21972.500000000004,7.0,20251103.0,Received
10536,20260114,1,645,50,439.45000000000005,21972.500000000004,8.0,20260122.0,Received
10537,20230321,1,646,55,176.0,9680.0,7.0,20230328.0,Received
10538,20230605,1,646,55,176.0,9680.0,9.0,20230614.0,Received
10539,20230829,1,646,55,176.0,9680.0,7.0,20230905.0,Received
10540,20231027,1,646,55,176.0,9680.0,7.0,20231103.0,Received
10541,20240112,1,646,55,176.0,9680.0,10.0,20240122.0,Received
10542,20240312,1,646,55,176.0,9680.0,5.0,20240317.0,Received
10543,20240605,1,646,55,176.0,9680.0,5.0,20240610.0,Received
10544,20240802,1,646,55,176.0,9680.0,8.0,20240810.0,Received
10545,20241023,1,646,55,176.0,9680.0,10.0,20241102.0,Received
10546,20241212,1,646,55,176.0,9680.0,7.0,20241219.0,Received
10547,20250211,1,646,55,176.0,9680.0,11.0,20250222.0,Received
10548,20250416,1,646,55,176.0,9680.0,8.0,20250424.0,Received
10549,20250712,1,646,55,176.0,9680.0,7.0,20250719.0,Received
10550,20250902,1,646,55,176.0,9680.0,11.0,20250913.0,Received
10551,20251129,1,646,55,176.0,9680.0,10.0,20251209.0,Received
10552,20230326,1,647,50,176.0,8800.0,5.0,20230331.0,Received
10553,20230607,1,647,50,176.0,8800.0,11.0,20230618.0,Received
10554,20230731,1,647,50,176.0,8800.0,6.0,20230806.0,Received
10555,20231005,1,647,50,176.0,8800.0,11.0,20231016.0,Received
10556,20231128,1,647,50,176.0,8800.0,8.0,20231206.0,Received
10557,20240207,1,647,50,176.0,8800.0,9.0,20240216.0,Received
10558,20240424,1,647,50,176.0,8800.0,,,Confirmed
10559,20240626,1,647,50,176.0,8800.0,11.0,20240707.0,Received
10560,20240812,1,647,50,176.0,8800.0,8.0,20240820.0,Received
10561,20240930,1,647,50,176.0,8800.0,11.0,20241011.0,Received
10562,20241117,1,647,50,176.0,8800.0,6.0,20241123.0,Received
10563,20250129,1,647,50,176.0,8800.0,6.0,20250204.0,Received
10564,20250322,1,647,50,176.0,8800.0,7.0,20250329.0,Received
10565,20250527,1,647,50,176.0,8800.0,,,Confirmed
10566,20250726,1,647,50,176.0,8800.0,,,Cancelled
10567,20250918,1,647,50,176.0,8800.0,11.0,20250929.0,Received
10568,20251127,1,647,50,176.0,8800.0,7.0,20251204.0,Received
10569,20260112,1,647,50,176.0,8800.0,5.0,20260117.0,Received
10570,20230216,1,648,50,176.0,8800.0,10.0,20230226.0,Received
10571,20230513,1,648,50,176.0,8800.0,10.0,20230523.0,Received
10572,20230712,1,648,50,176.0,8800.0,10.0,20230722.0,Received
10573,20230926,1,648,50,176.0,8800.0,5.0,20231001.0,Received
10574,20231217,1,648,50,176.0,8800.0,8.0,20231225.0,Received
10575,20240227,1,648,50,176.0,8800.0,7.0,20240305.0,Received
10576,20240506,1,648,50,176.0,8800.0,8.0,20240514.0,Received
10577,20240713,1,648,50,176.0,8800.0,7.0,20240720.0,Received
10578,20241002,1,648,50,176.0,8800.0,9.0,20241011.0,Received
10579,20241201,1,648,50,176.0,8800.0,8.0,20241209.0,Received
10580,20250130,1,648,50,176.0,8800.0,5.0,20250204.0,Received
10581,20250423,1,648,50,176.0,8800.0,8.0,20250501.0,Received
10582,20250612,1,648,50,176.0,8800.0,6.0,20250618.0,Received
10583,20250812,1,648,50,176.0,8800.0,8.0,20250820.0,Received
10584,20251102,1,648,50,176.0,8800.0,5.0,20251107.0,Received
10585,20251229,1,648,50,176.0,8800.0,11.0,20260109.0,Received
10586,20230217,1,649,50,176.0,8800.0,9.0,20230226.0,Received
10587,20230413,1,649,50,176.0,8800.0,10.0,20230423.0,Received
10588,20230620,1,649,50,176.0,8800.0,8.0,20230628.0,Received
10589,20230904,1,649,50,176.0,8800.0,6.0,20230910.0,Received
10590,20231030,1,649,50,176.0,8800.0,7.0,20231106.0,Received
10591,20240125,1,649,50,176.0,8800.0,,,Cancelled
10592,20240323,1,649,50,176.0,8800.0,7.0,20240330.0,Received
10593,20240604,1,649,50,176.0,8800.0,11.0,20240615.0,Received
10594,20240824,1,649,50,176.0,8800.0,10.0,20240903.0,Received
10595,20241101,1,649,50,176.0,8800.0,5.0,20241106.0,Received
10596,20241229,1,649,50,176.0,8800.0,9.0,20250107.0,Received
10597,20250308,1,649,50,176.0,8800.0,9.0,20250317.0,Received
10598,20250604,1,649,50,176.0,8800.0,9.0,20250613.0,Received
10599,20250720,1,649,50,176.0,8800.0,11.0,20250731.0,Received
10600,20250906,1,649,50,176.0,8800.0,6.0,20250912.0,Received
10601,20251125,1,649,50,176.0,8800.0,11.0,20251206.0,Received
10602,20230302,1,650,50,176.0,8800.0,11.0,20230313.0,Received
10603,20230430,1,650,50,176.0,8800.0,5.0,20230505.0,Received
10604,20230619,1,650,50,176.0,8800.0,10.0,20230629.0,Received
10605,20230830,1,650,50,176.0,8800.0,10.0,20230909.0,Received
10606,20231021,1,650,50,176.0,8800.0,9.0,20231030.0,Received
10607,20240101,1,650,50,176.0,8800.0,,,Confirmed
10608,20240304,1,650,50,176.0,8800.0,,,Cancelled
10609,20240506,1,650,50,176.0,8800.0,6.0,20240512.0,Received
10610,20240717,1,650,50,176.0,8800.0,,,Cancelled
10611,20240903,1,650,50,176.0,8800.0,8.0,20240911.0,Received
10612,20241025,1,650,50,176.0,8800.0,8.0,20241102.0,Received
10613,20250103,1,650,50,176.0,8800.0,5.0,20250108.0,Received
10614,20250302,1,650,50,176.0,8800.0,6.0,20250308.0,Received
10615,20250416,1,650,50,176.0,8800.0,5.0,20250421.0,Received
10616,20250607,1,650,50,176.0,8800.0,6.0,20250613.0,Received
10617,20250730,1,650,50,176.0,8800.0,6.0,20250805.0,Received
10618,20250921,1,650,50,176.0,8800.0,10.0,20251001.0,Received
10619,20251125,1,650,50,176.0,8800.0,10.0,20251205.0,Received
10620,20260114,1,650,50,176.0,8800.0,5.0,20260119.0,Received
10621,20230218,1,651,50,176.0,8800.0,7.0,20230225.0,Received
10622,20230411,1,651,50,176.0,8800.0,10.0,20230421.0,Received
10623,20230705,1,651,50,176.0,8800.0,,,Confirmed
10624,20230902,1,651,50,176.0,8800.0,7.0,20230909.0,Received
10625,20231115,1,651,50,176.0,8800.0,11.0,20231126.0,Received
10626,20240111,1,651,50,176.0,8800.0,9.0,20240120.0,Received
10627,20240310,1,651,50,176.0,8800.0,5.0,20240315.0,Received
10628,20240516,1,651,50,176.0,8800.0,10.0,20240526.0,Received
10629,20240701,1,651,50,176.0,8800.0,6.0,20240707.0,Received
10630,20240908,1,651,50,176.0,8800.0,,,Confirmed
10631,20241116,1,651,50,176.0,8800.0,6.0,20241122.0,Received
10632,20250101,1,651,50,176.0,8800.0,,,Confirmed
10633,20250304,1,651,50,176.0,8800.0,6.0,20250310.0,Received
10634,20250507,1,651,50,176.0,8800.0,7.0,20250514.0,Received
10635,20250706,1,651,50,176.0,8800.0,8.0,20250714.0,Received
10636,20251002,1,651,50,176.0,8800.0,10.0,20251012.0,Received
10637,20251122,1,651,50,176.0,8800.0,9.0,20251201.0,Received
10638,20230312,1,652,50,176.0,8800.0,9.0,20230321.0,Received
10639,20230508,1,652,50,176.0,8800.0,9.0,20230517.0,Received
10640,20230626,1,652,50,176.0,8800.0,10.0,20230706.0,Received
10641,20230824,1,652,50,176.0,8800.0,11.0,20230904.0,Received
10642,20231101,1,652,50,176.0,8800.0,9.0,20231110.0,Received
10643,20231216,1,652,50,176.0,8800.0,10.0,20231226.0,Received
10644,20240309,1,652,50,176.0,8800.0,5.0,20240314.0,Received
10645,20240427,1,652,50,176.0,8800.0,5.0,20240502.0,Received
10646,20240618,1,652,50,176.0,8800.0,8.0,20240626.0,Received
10647,20240909,1,652,50,176.0,8800.0,,,Confirmed
10648,20241110,1,652,50,176.0,8800.0,,,Confirmed
10649,20250125,1,652,50,176.0,8800.0,6.0,20250131.0,Received
10650,20250312,1,652,50,176.0,8800.0,,,Confirmed
10651,20250526,1,652,50,176.0,8800.0,10.0,20250605.0,Received
10652,20250819,1,652,50,176.0,8800.0,10.0,20250829.0,Received
10653,20251101,1,652,50,176.0,8800.0,11.0,20251112.0,Received
10654,20260127,1,652,50,176.0,8800.0,8.0,20260204.0,Received
10655,20230225,1,653,50,176.0,8800.0,8.0,20230305.0,Received
10656,20230501,1,653,50,176.0,8800.0,11.0,20230512.0,Received
10657,20230622,1,653,50,176.0,8800.0,7.0,20230629.0,Received
10658,20230816,1,653,50,176.0,8800.0,6.0,20230822.0,Received
10659,20231024,1,653,50,176.0,8800.0,11.0,20231104.0,Received
10660,20240101,1,653,50,176.0,8800.0,11.0,20240112.0,Received
10661,20240219,1,653,50,176.0,8800.0,8.0,20240227.0,Received
10662,20240418,1,653,50,176.0,8800.0,9.0,20240427.0,Received
10663,20240713,1,653,50,176.0,8800.0,,,Cancelled
10664,20241010,1,653,50,176.0,8800.0,10.0,20241020.0,Received
10665,20241219,1,653,50,176.0,8800.0,10.0,20241229.0,Received
10666,20250317,1,653,50,176.0,8800.0,9.0,20250326.0,Received
10667,20250503,1,653,50,176.0,8800.0,11.0,20250514.0,Received
10668,20250704,1,653,50,176.0,8800.0,6.0,20250710.0,Received
10669,20250927,1,653,50,176.0,8800.0,11.0,20251008.0,Received
10670,20251127,1,653,50,176.0,8800.0,,,Confirmed
10671,20230310,1,654,50,176.0,8800.0,5.0,20230315.0,Received
10672,20230506,1,654,50,176.0,8800.0,8.0,20230514.0,Received
10673,20230713,1,654,50,176.0,8800.0,10.0,20230723.0,Received
10674,20230905,1,654,50,176.0,8800.0,7.0,20230912.0,Received
10675,20231022,1,654,50,176.0,8800.0,,,Cancelled
10676,20231218,1,654,50,176.0,8800.0,10.0,20231228.0,Received
10677,20240204,1,654,50,176.0,8800.0,7.0,20240211.0,Received
10678,20240328,1,654,50,176.0,8800.0,5.0,20240402.0,Received
10679,20240519,1,654,50,176.0,8800.0,8.0,20240527.0,Received
10680,20240802,1,654,50,176.0,8800.0,8.0,20240810.0,Received
10681,20241013,1,654,50,176.0,8800.0,8.0,20241021.0,Received
10682,20241224,1,654,50,176.0,8800.0,6.0,20241230.0,Received
10683,20250310,1,654,50,176.0,8800.0,9.0,20250319.0,Received
10684,20250507,1,654,50,176.0,8800.0,10.0,20250517.0,Received
10685,20250803,1,654,50,176.0,8800.0,5.0,20250808.0,Received
10686,20250925,1,654,50,176.0,8800.0,5.0,20250930.0,Received
10687,20251209,1,654,50,176.0,8800.0,10.0,20251219.0,Received
10688,20230325,1,655,50,176.0,8800.0,6.0,20230331.0,Received
10689,20230619,1,655,50,176.0,8800.0,7.0,20230626.0,Received
10690,20230904,1,655,50,176.0,8800.0,5.0,20230909.0,Received
10691,20231119,1,655,50,176.0,8800.0,8.0,20231127.0,Received
10692,20240126,1,655,50,176.0,8800.0,10.0,20240205.0,Received
10693,20240419,1,655,50,176.0,8800.0,7.0,20240426.0,Received
10694,20240711,1,655,50,176.0,8800.0,8.0,20240719.0,Received
10695,20241008,1,655,50,176.0,8800.0,10.0,20241018.0,Received
10696,20241126,1,655,50,176.0,8800.0,5.0,20241201.0,Received
10697,20250111,1,655,50,176.0,8800.0,9.0,20250120.0,Received
10698,20250406,1,655,50,176.0,8800.0,11.0,20250417.0,Received
10699,20250625,1,655,50,176.0,8800.0,10.0,20250705.0,Received
10700,20250814,1,655,50,176.0,8800.0,11.0,20250825.0,Received
10701,20251106,1,655,50,176.0,8800.0,8.0,20251114.0,Received
10702,20260120,1,655,50,176.0,8800.0,8.0,20260128.0,Received
10703,20230224,1,656,50,249.04996630403392,12452.498315201696,7.0,20230303.0,Received
10704,20230426,1,656,50,249.04996630403392,12452.498315201696,5.0,20230501.0,Received
10705,20230711,1,656,50,249.04996630403392,12452.498315201696,11.0,20230722.0,Received
10706,20230927,1,656,50,249.04996630403392,12452.498315201696,5.0,20231002.0,Received
10707,20231213,1,656,50,249.04996630403392,12452.498315201696,9.0,20231222.0,Received
10708,20240208,1,656,50,249.04996630403392,12452.498315201696,5.0,20240213.0,Received
10709,20240327,1,656,50,249.04996630403392,12452.498315201696,9.0,20240405.0,Received
10710,20240519,1,656,50,249.04996630403392,12452.498315201696,9.0,20240528.0,Received
10711,20240715,1,656,50,249.04996630403392,12452.498315201696,11.0,20240726.0,Received
10712,20240911,1,656,50,249.04996630403392,12452.498315201696,,,Confirmed
10713,20241109,1,656,50,249.04996630403392,12452.498315201696,,,Confirmed
10714,20241228,1,656,50,249.04996630403392,12452.498315201696,11.0,20250108.0,Received
10715,20250311,1,656,50,249.04996630403392,12452.498315201696,5.0,20250316.0,Received
10716,20250518,1,656,50,249.04996630403392,12452.498315201696,,,Confirmed
10717,20250730,1,656,50,249.04996630403392,12452.498315201696,11.0,20250810.0,Received
10718,20251007,1,656,50,249.04996630403392,12452.498315201696,5.0,20251012.0,Received
10719,20260104,1,656,50,249.04996630403392,12452.498315201696,9.0,20260113.0,Received
10720,20230220,1,657,50,192.50000000000003,9625.000000000002,10.0,20230302.0,Received
10721,20230518,1,657,50,192.50000000000003,9625.000000000002,,,Cancelled
10722,20230810,1,657,50,192.50000000000003,9625.000000000002,6.0,20230816.0,Received
10723,20231023,1,657,50,192.50000000000003,9625.000000000002,11.0,20231103.0,Received
10724,20231214,1,657,50,192.50000000000003,9625.000000000002,,,Cancelled
10725,20240202,1,657,50,192.50000000000003,9625.000000000002,8.0,20240210.0,Received
10726,20240430,1,657,50,192.50000000000003,9625.000000000002,6.0,20240506.0,Received
10727,20240719,1,657,50,192.50000000000003,9625.000000000002,,,Cancelled
10728,20240922,1,657,50,192.50000000000003,9625.000000000002,9.0,20241001.0,Received
10729,20241126,1,657,50,192.50000000000003,9625.000000000002,10.0,20241206.0,Received
10730,20250211,1,657,50,192.50000000000003,9625.000000000002,6.0,20250217.0,Received
10731,20250328,1,657,50,192.50000000000003,9625.000000000002,9.0,20250406.0,Received
10732,20250529,1,657,50,192.50000000000003,9625.000000000002,6.0,20250604.0,Received
10733,20250801,1,657,50,192.50000000000003,9625.000000000002,,,Confirmed
10734,20251004,1,657,50,192.50000000000003,9625.000000000002,8.0,20251012.0,Received
10735,20251220,1,657,50,192.50000000000003,9625.000000000002,6.0,20251226.0,Received
10736,20230217,1,658,50,192.50000000000003,9625.000000000002,8.0,20230225.0,Received
10737,20230424,1,658,50,192.50000000000003,9625.000000000002,7.0,20230501.0,Received
10738,20230624,1,658,50,192.50000000000003,9625.000000000002,9.0,20230703.0,Received
10739,20230918,1,658,50,192.50000000000003,9625.000000000002,,,Cancelled
10740,20231116,1,658,50,192.50000000000003,9625.000000000002,,,Cancelled
10741,20240201,1,658,50,192.50000000000003,9625.000000000002,7.0,20240208.0,Received
10742,20240318,1,658,50,192.50000000000003,9625.000000000002,8.0,20240326.0,Received
10743,20240530,1,658,50,192.50000000000003,9625.000000000002,11.0,20240610.0,Received
10744,20240824,1,658,50,192.50000000000003,9625.000000000002,9.0,20240902.0,Received
10745,20241030,1,658,50,192.50000000000003,9625.000000000002,7.0,20241106.0,Received
10746,20250113,1,658,50,192.50000000000003,9625.000000000002,6.0,20250119.0,Received
10747,20250328,1,658,50,192.50000000000003,9625.000000000002,6.0,20250403.0,Received
10748,20250518,1,658,50,192.50000000000003,9625.000000000002,11.0,20250529.0,Received
10749,20250805,1,658,50,192.50000000000003,9625.000000000002,6.0,20250811.0,Received
10750,20251019,1,658,50,192.50000000000003,9625.000000000002,7.0,20251026.0,Received
10751,20251211,1,658,50,192.50000000000003,9625.000000000002,10.0,20251221.0,Received
10752,20230323,1,659,50,192.50000000000003,9625.000000000002,8.0,20230331.0,Received
10753,20230613,1,659,50,192.50000000000003,9625.000000000002,7.0,20230620.0,Received
10754,20230831,1,659,50,192.50000000000003,9625.000000000002,6.0,20230906.0,Received
10755,20231026,1,659,50,192.50000000000003,9625.000000000002,5.0,20231031.0,Received
10756,20240118,1,659,50,192.50000000000003,9625.000000000002,5.0,20240123.0,Received
10757,20240405,1,659,50,192.50000000000003,9625.000000000002,,,Cancelled
10758,20240630,1,659,50,192.50000000000003,9625.000000000002,11.0,20240711.0,Received
10759,20240826,1,659,50,192.50000000000003,9625.000000000002,5.0,20240831.0,Received
10760,20241017,1,659,50,192.50000000000003,9625.000000000002,,,Confirmed
10761,20241223,1,659,50,192.50000000000003,9625.000000000002,7.0,20241230.0,Received
10762,20250308,1,659,50,192.50000000000003,9625.000000000002,9.0,20250317.0,Received
10763,20250430,1,659,50,192.50000000000003,9625.000000000002,5.0,20250505.0,Received
10764,20250704,1,659,50,192.50000000000003,9625.000000000002,5.0,20250709.0,Received
10765,20250825,1,659,50,192.50000000000003,9625.000000000002,9.0,20250903.0,Received
10766,20251026,1,659,50,192.50000000000003,9625.000000000002,9.0,20251104.0,Received
10767,20251228,1,659,50,192.50000000000003,9625.000000000002,,,Confirmed
10768,20230322,1,660,50,249.04996630403392,12452.498315201696,10.0,20230401.0,Received
10769,20230610,1,660,50,249.04996630403392,12452.498315201696,6.0,20230616.0,Received
10770,20230820,1,660,50,249.04996630403392,12452.498315201696,9.0,20230829.0,Received
10771,20231107,1,660,50,249.04996630403392,12452.498315201696,7.0,20231114.0,Received
10772,20240114,1,660,50,249.04996630403392,12452.498315201696,10.0,20240124.0,Received
10773,20240331,1,660,50,249.04996630403392,12452.498315201696,6.0,20240406.0,Received
10774,20240608,1,660,50,249.04996630403392,12452.498315201696,6.0,20240614.0,Received
10775,20240826,1,660,50,249.04996630403392,12452.498315201696,9.0,20240904.0,Received
10776,20241027,1,660,50,249.04996630403392,12452.498315201696,9.0,20241105.0,Received
10777,20250104,1,660,50,249.04996630403392,12452.498315201696,7.0,20250111.0,Received
10778,20250316,1,660,50,249.04996630403392,12452.498315201696,,,Confirmed
10779,20250511,1,660,50,249.04996630403392,12452.498315201696,7.0,20250518.0,Received
10780,20250727,1,660,50,249.04996630403392,12452.498315201696,10.0,20250806.0,Received
10781,20251002,1,660,50,249.04996630403392,12452.498315201696,10.0,20251012.0,Received
10782,20251116,1,660,50,249.04996630403392,12452.498315201696,7.0,20251123.0,Received
10783,20260103,1,660,50,249.04996630403392,12452.498315201696,11.0,20260114.0,Received
10784,20230302,1,661,50,192.50000000000003,9625.000000000002,10.0,20230312.0,Received
10785,20230511,1,661,50,192.50000000000003,9625.000000000002,8.0,20230519.0,Received
10786,20230707,1,661,50,192.50000000000003,9625.000000000002,,,Cancelled
10787,20230926,1,661,50,192.50000000000003,9625.000000000002,,,Cancelled
10788,20231214,1,661,50,192.50000000000003,9625.000000000002,10.0,20231224.0,Received
10789,20240205,1,661,50,192.50000000000003,9625.000000000002,7.0,20240212.0,Received
10790,20240325,1,661,50,192.50000000000003,9625.000000000002,11.0,20240405.0,Received
10791,20240601,1,661,50,192.50000000000003,9625.000000000002,8.0,20240609.0,Received
10792,20240728,1,661,50,192.50000000000003,9625.000000000002,8.0,20240805.0,Received
10793,20240916,1,661,50,192.50000000000003,9625.000000000002,11.0,20240927.0,Received
10794,20241104,1,661,50,192.50000000000003,9625.000000000002,6.0,20241110.0,Received
10795,20250106,1,661,50,192.50000000000003,9625.000000000002,9.0,20250115.0,Received
10796,20250325,1,661,50,192.50000000000003,9625.000000000002,11.0,20250405.0,Received
10797,20250520,1,661,50,192.50000000000003,9625.000000000002,7.0,20250527.0,Received
10798,20250802,1,661,50,192.50000000000003,9625.000000000002,6.0,20250808.0,Received
10799,20250920,1,661,50,192.50000000000003,9625.000000000002,6.0,20250926.0,Received
10800,20251120,1,661,50,192.50000000000003,9625.000000000002,10.0,20251130.0,Received
10801,20230225,1,662,50,192.50000000000003,9625.000000000002,9.0,20230306.0,Received
10802,20230421,1,662,50,192.50000000000003,9625.000000000002,6.0,20230427.0,Received
10803,20230616,1,662,50,192.50000000000003,9625.000000000002,10.0,20230626.0,Received
10804,20230815,1,662,50,192.50000000000003,9625.000000000002,5.0,20230820.0,Received
10805,20231004,1,662,50,192.50000000000003,9625.000000000002,10.0,20231014.0,Received
10806,20231230,1,662,50,192.50000000000003,9625.000000000002,5.0,20240104.0,Received
10807,20240323,1,662,50,192.50000000000003,9625.000000000002,10.0,20240402.0,Received
10808,20240524,1,662,50,192.50000000000003,9625.000000000002,6.0,20240530.0,Received
10809,20240727,1,662,50,192.50000000000003,9625.000000000002,6.0,20240802.0,Received
10810,20241001,1,662,50,192.50000000000003,9625.000000000002,8.0,20241009.0,Received
10811,20241220,1,662,50,192.50000000000003,9625.000000000002,5.0,20241225.0,Received
10812,20250217,1,662,50,192.50000000000003,9625.000000000002,8.0,20250225.0,Received
10813,20250406,1,662,50,192.50000000000003,9625.000000000002,11.0,20250417.0,Received
10814,20250622,1,662,50,192.50000000000003,9625.000000000002,,,Confirmed
10815,20250918,1,662,50,192.50000000000003,9625.000000000002,6.0,20250924.0,Received
10816,20251105,1,662,50,192.50000000000003,9625.000000000002,8.0,20251113.0,Received
10817,20260107,1,662,50,192.50000000000003,9625.000000000002,7.0,20260114.0,Received
10818,20230314,1,663,50,192.50000000000003,9625.000000000002,5.0,20230319.0,Received
10819,20230513,1,663,50,192.50000000000003,9625.000000000002,10.0,20230523.0,Received
10820,20230801,1,663,50,192.50000000000003,9625.000000000002,9.0,20230810.0,Received
10821,20231026,1,663,50,192.50000000000003,9625.000000000002,10.0,20231105.0,Received
10822,20240121,1,663,50,192.50000000000003,9625.000000000002,5.0,20240126.0,Received
10823,20240328,1,663,50,192.50000000000003,9625.000000000002,7.0,20240404.0,Received
10824,20240601,1,663,50,192.50000000000003,9625.000000000002,6.0,20240607.0,Received
10825,20240819,1,663,50,192.50000000000003,9625.000000000002,9.0,20240828.0,Received
10826,20241017,1,663,50,192.50000000000003,9625.000000000002,9.0,20241026.0,Received
10827,20250105,1,663,50,192.50000000000003,9625.000000000002,11.0,20250116.0,Received
10828,20250327,1,663,50,192.50000000000003,9625.000000000002,8.0,20250404.0,Received
10829,20250524,1,663,50,192.50000000000003,9625.000000000002,5.0,20250529.0,Received
10830,20250809,1,663,50,192.50000000000003,9625.000000000002,10.0,20250819.0,Received
10831,20251011,1,663,50,192.50000000000003,9625.000000000002,6.0,20251017.0,Received
10832,20260104,1,663,50,192.50000000000003,9625.000000000002,6.0,20260110.0,Received
10833,20230216,1,664,50,355.7856661486199,17789.283307430997,10.0,20230226.0,Received
10834,20230510,1,664,50,355.7856661486199,17789.283307430997,8.0,20230518.0,Received
10835,20230719,1,664,50,355.7856661486199,17789.283307430997,5.0,20230724.0,Received
10836,20230925,1,664,50,355.7856661486199,17789.283307430997,10.0,20231005.0,Received
10837,20231121,1,664,50,355.7856661486199,17789.283307430997,9.0,20231130.0,Received
10838,20240202,1,664,50,355.7856661486199,17789.283307430997,11.0,20240213.0,Received
10839,20240426,1,664,50,355.7856661486199,17789.283307430997,6.0,20240502.0,Received
10840,20240711,1,664,50,355.7856661486199,17789.283307430997,9.0,20240720.0,Received
10841,20240906,1,664,50,355.7856661486199,17789.283307430997,5.0,20240911.0,Received
10842,20241202,1,664,50,355.7856661486199,17789.283307430997,11.0,20241213.0,Received
10843,20250128,1,664,50,355.7856661486199,17789.283307430997,8.0,20250205.0,Received
10844,20250425,1,664,50,355.7856661486199,17789.283307430997,7.0,20250502.0,Received
10845,20250719,1,664,50,355.7856661486199,17789.283307430997,11.0,20250730.0,Received
10846,20250919,1,664,50,355.7856661486199,17789.283307430997,7.0,20250926.0,Received
10847,20251211,1,664,50,355.7856661486199,17789.283307430997,7.0,20251218.0,Received
10848,20230330,1,665,50,275.0,13750.0,5.0,20230404.0,Received
10849,20230526,1,665,50,275.0,13750.0,11.0,20230606.0,Received
10850,20230714,1,665,50,275.0,13750.0,7.0,20230721.0,Received
10851,20231003,1,665,50,275.0,13750.0,,,Cancelled
10852,20231117,1,665,50,275.0,13750.0,6.0,20231123.0,Received
10853,20240109,1,665,50,275.0,13750.0,9.0,20240118.0,Received
10854,20240329,1,665,50,275.0,13750.0,5.0,20240403.0,Received
10855,20240529,1,665,50,275.0,13750.0,11.0,20240609.0,Received
10856,20240816,1,665,50,275.0,13750.0,9.0,20240825.0,Received
10857,20241010,1,665,50,275.0,13750.0,11.0,20241021.0,Received
10858,20241215,1,665,50,275.0,13750.0,6.0,20241221.0,Received
10859,20250211,1,665,50,275.0,13750.0,9.0,20250220.0,Received
10860,20250331,1,665,50,275.0,13750.0,8.0,20250408.0,Received
10861,20250627,1,665,50,275.0,13750.0,7.0,20250704.0,Received
10862,20250817,1,665,50,275.0,13750.0,5.0,20250822.0,Received
10863,20251025,1,665,50,275.0,13750.0,8.0,20251102.0,Received
10864,20260105,1,665,50,275.0,13750.0,,,Cancelled
10865,20230307,1,666,50,275.0,13750.0,6.0,20230313.0,Received
10866,20230422,1,666,50,275.0,13750.0,5.0,20230427.0,Received
10867,20230707,1,666,50,275.0,13750.0,6.0,20230713.0,Received
10868,20230916,1,666,50,275.0,13750.0,7.0,20230923.0,Received
10869,20231206,1,666,50,275.0,13750.0,11.0,20231217.0,Received
10870,20240303,1,666,50,275.0,13750.0,7.0,20240310.0,Received
10871,20240422,1,666,50,275.0,13750.0,8.0,20240430.0,Received
10872,20240610,1,666,50,275.0,13750.0,,,Cancelled
10873,20240906,1,666,50,275.0,13750.0,11.0,20240917.0,Received
10874,20241021,1,666,50,275.0,13750.0,10.0,20241031.0,Received
10875,20241227,1,666,50,275.0,13750.0,11.0,20250107.0,Received
10876,20250309,1,666,50,275.0,13750.0,11.0,20250320.0,Received
10877,20250511,1,666,50,275.0,13750.0,8.0,20250519.0,Received
10878,20250727,1,666,50,275.0,13750.0,6.0,20250802.0,Received
10879,20250929,1,666,50,275.0,13750.0,11.0,20251010.0,Received
10880,20251127,1,666,50,275.0,13750.0,9.0,20251206.0,Received
10881,20260112,1,666,50,275.0,13750.0,8.0,20260120.0,Received
10882,20230324,1,667,50,275.0,13750.0,10.0,20230403.0,Received
10883,20230604,1,667,50,275.0,13750.0,11.0,20230615.0,Received
10884,20230721,1,667,50,275.0,13750.0,11.0,20230801.0,Received
10885,20231010,1,667,50,275.0,13750.0,10.0,20231020.0,Received
10886,20231222,1,667,50,275.0,13750.0,9.0,20231231.0,Received
10887,20240310,1,667,50,275.0,13750.0,7.0,20240317.0,Received
10888,20240505,1,667,50,275.0,13750.0,5.0,20240510.0,Received
10889,20240724,1,667,50,275.0,13750.0,7.0,20240731.0,Received
10890,20241015,1,667,50,275.0,13750.0,5.0,20241020.0,Received
10891,20241207,1,667,50,275.0,13750.0,6.0,20241213.0,Received
10892,20250204,1,667,50,275.0,13750.0,8.0,20250212.0,Received
10893,20250430,1,667,50,275.0,13750.0,9.0,20250509.0,Received
10894,20250726,1,667,50,275.0,13750.0,9.0,20250804.0,Received
10895,20250909,1,667,50,275.0,13750.0,11.0,20250920.0,Received
10896,20251117,1,667,50,275.0,13750.0,5.0,20251122.0,Received
10897,20230302,1,668,50,355.7856661486199,17789.283307430997,11.0,20230313.0,Received
10898,20230423,1,668,50,355.7856661486199,17789.283307430997,5.0,20230428.0,Received
10899,20230620,1,668,50,355.7856661486199,17789.283307430997,8.0,20230628.0,Received
10900,20230901,1,668,50,355.7856661486199,17789.283307430997,,,Cancelled
10901,20231113,1,668,50,355.7856661486199,17789.283307430997,9.0,20231122.0,Received
10902,20240120,1,668,50,355.7856661486199,17789.283307430997,5.0,20240125.0,Received
10903,20240412,1,668,50,355.7856661486199,17789.283307430997,11.0,20240423.0,Received
10904,20240614,1,668,50,355.7856661486199,17789.283307430997,9.0,20240623.0,Received
10905,20240819,1,668,50,355.7856661486199,17789.283307430997,,,Confirmed
10906,20241024,1,668,50,355.7856661486199,17789.283307430997,5.0,20241029.0,Received
10907,20241221,1,668,50,355.7856661486199,17789.283307430997,6.0,20241227.0,Received
10908,20250214,1,668,50,355.7856661486199,17789.283307430997,7.0,20250221.0,Received
10909,20250419,1,668,50,355.7856661486199,17789.283307430997,6.0,20250425.0,Received
10910,20250703,1,668,50,355.7856661486199,17789.283307430997,8.0,20250711.0,Received
10911,20250917,1,668,50,355.7856661486199,17789.283307430997,5.0,20250922.0,Received
10912,20251123,1,668,50,355.7856661486199,17789.283307430997,10.0,20251203.0,Received
10913,20260116,1,668,50,355.7856661486199,17789.283307430997,10.0,20260126.0,Received
10914,20230308,1,669,50,275.0,13750.0,6.0,20230314.0,Received
10915,20230513,1,669,50,275.0,13750.0,10.0,20230523.0,Received
10916,20230705,1,669,50,275.0,13750.0,7.0,20230712.0,Received
10917,20230902,1,669,50,275.0,13750.0,5.0,20230907.0,Received
10918,20231107,1,669,50,275.0,13750.0,6.0,20231113.0,Received
10919,20240121,1,669,50,275.0,13750.0,5.0,20240126.0,Received
10920,20240306,1,669,50,275.0,13750.0,11.0,20240317.0,Received
10921,20240514,1,669,50,275.0,13750.0,9.0,20240523.0,Received
10922,20240722,1,669,50,275.0,13750.0,8.0,20240730.0,Received
10923,20240905,1,669,50,275.0,13750.0,8.0,20240913.0,Received
10924,20241122,1,669,50,275.0,13750.0,5.0,20241127.0,Received
10925,20250214,1,669,50,275.0,13750.0,8.0,20250222.0,Received
10926,20250420,1,669,50,275.0,13750.0,11.0,20250501.0,Received
10927,20250606,1,669,50,275.0,13750.0,10.0,20250616.0,Received
10928,20250727,1,669,50,275.0,13750.0,9.0,20250805.0,Received
10929,20251017,1,669,50,275.0,13750.0,10.0,20251027.0,Received
10930,20260106,1,669,50,275.0,13750.0,5.0,20260111.0,Received
10931,20230312,1,670,50,275.0,13750.0,9.0,20230321.0,Received
10932,20230516,1,670,50,275.0,13750.0,6.0,20230522.0,Received
10933,20230709,1,670,50,275.0,13750.0,5.0,20230714.0,Received
10934,20230916,1,670,50,275.0,13750.0,6.0,20230922.0,Received
10935,20231124,1,670,50,275.0,13750.0,8.0,20231202.0,Received
10936,20240109,1,670,50,275.0,13750.0,5.0,20240114.0,Received
10937,20240320,1,670,50,275.0,13750.0,7.0,20240327.0,Received
10938,20240603,1,670,50,275.0,13750.0,5.0,20240608.0,Received
10939,20240721,1,670,50,275.0,13750.0,9.0,20240730.0,Received
10940,20241005,1,670,50,275.0,13750.0,11.0,20241016.0,Received
10941,20241207,1,670,50,275.0,13750.0,8.0,20241215.0,Received
10942,20250208,1,670,50,275.0,13750.0,5.0,20250213.0,Received
10943,20250405,1,670,50,275.0,13750.0,10.0,20250415.0,Received
10944,20250627,1,670,50,275.0,13750.0,8.0,20250705.0,Received
10945,20250825,1,670,50,275.0,13750.0,9.0,20250903.0,Received
10946,20251011,1,670,50,275.0,13750.0,5.0,20251016.0,Received
10947,20251216,1,670,50,275.0,13750.0,5.0,20251221.0,Received
10948,20230308,1,671,50,275.0,13750.0,6.0,20230314.0,Received
10949,20230519,1,671,50,275.0,13750.0,7.0,20230526.0,Received
10950,20230714,1,671,50,275.0,13750.0,5.0,20230719.0,Received
10951,20230918,1,671,50,275.0,13750.0,5.0,20230923.0,Received
10952,20231108,1,671,50,275.0,13750.0,9.0,20231117.0,Received
10953,20240113,1,671,50,275.0,13750.0,6.0,20240119.0,Received
10954,20240229,1,671,50,275.0,13750.0,9.0,20240309.0,Received
10955,20240503,1,671,50,275.0,13750.0,5.0,20240508.0,Received
10956,20240626,1,671,50,275.0,13750.0,10.0,20240706.0,Received
10957,20240911,1,671,50,275.0,13750.0,9.0,20240920.0,Received
10958,20241108,1,671,50,275.0,13750.0,11.0,20241119.0,Received
10959,20250127,1,671,50,275.0,13750.0,5.0,20250201.0,Received
10960,20250404,1,671,50,275.0,13750.0,,,Cancelled
10961,20250519,1,671,50,275.0,13750.0,5.0,20250524.0,Received
10962,20250804,1,671,50,275.0,13750.0,5.0,20250809.0,Received
10963,20250925,1,671,50,275.0,13750.0,5.0,20250930.0,Received
10964,20251125,1,671,50,275.0,13750.0,10.0,20251205.0,Received
10965,20230227,1,672,50,462.52136599320585,23126.06829966029,8.0,20230307.0,Received
10966,20230421,1,672,50,462.52136599320585,23126.06829966029,8.0,20230429.0,Received
10967,20230609,1,672,50,462.52136599320585,23126.06829966029,6.0,20230615.0,Received
10968,20230818,1,672,50,462.52136599320585,23126.06829966029,,,Confirmed
10969,20231108,1,672,50,462.52136599320585,23126.06829966029,5.0,20231113.0,Received
10970,20240112,1,672,50,462.52136599320585,23126.06829966029,10.0,20240122.0,Received
10971,20240301,1,672,50,462.52136599320585,23126.06829966029,5.0,20240306.0,Received
10972,20240525,1,672,50,462.52136599320585,23126.06829966029,5.0,20240530.0,Received
10973,20240811,1,672,50,462.52136599320585,23126.06829966029,7.0,20240818.0,Received
10974,20241025,1,672,50,462.52136599320585,23126.06829966029,6.0,20241031.0,Received
10975,20241227,1,672,50,462.52136599320585,23126.06829966029,8.0,20250104.0,Received
10976,20250318,1,672,50,462.52136599320585,23126.06829966029,6.0,20250324.0,Received
10977,20250502,1,672,50,462.52136599320585,23126.06829966029,5.0,20250507.0,Received
10978,20250626,1,672,50,462.52136599320585,23126.06829966029,10.0,20250706.0,Received
10979,20250915,1,672,50,462.52136599320585,23126.06829966029,5.0,20250920.0,Received
10980,20251212,1,672,50,462.52136599320585,23126.06829966029,6.0,20251218.0,Received
10981,20230323,1,673,50,357.50000000000006,17875.000000000004,6.0,20230329.0,Received
10982,20230605,1,673,50,357.50000000000006,17875.000000000004,10.0,20230615.0,Received
10983,20230822,1,673,50,357.50000000000006,17875.000000000004,5.0,20230827.0,Received
10984,20231114,1,673,50,357.50000000000006,17875.000000000004,6.0,20231120.0,Received
10985,20240207,1,673,50,357.50000000000006,17875.000000000004,9.0,20240216.0,Received
10986,20240407,1,673,50,357.50000000000006,17875.000000000004,7.0,20240414.0,Received
10987,20240622,1,673,50,357.50000000000006,17875.000000000004,9.0,20240701.0,Received
10988,20240919,1,673,50,357.50000000000006,17875.000000000004,11.0,20240930.0,Received
10989,20241202,1,673,50,357.50000000000006,17875.000000000004,11.0,20241213.0,Received
10990,20250225,1,673,50,357.50000000000006,17875.000000000004,11.0,20250308.0,Received
10991,20250412,1,673,50,357.50000000000006,17875.000000000004,9.0,20250421.0,Received
10992,20250611,1,673,50,357.50000000000006,17875.000000000004,10.0,20250621.0,Received
10993,20250830,1,673,50,357.50000000000006,17875.000000000004,11.0,20250910.0,Received
10994,20251119,1,673,50,357.50000000000006,17875.000000000004,7.0,20251126.0,Received
10995,20260131,1,673,50,357.50000000000006,17875.000000000004,,,Cancelled
10996,20230316,1,674,50,357.50000000000006,17875.000000000004,8.0,20230324.0,Received
10997,20230528,1,674,50,357.50000000000006,17875.000000000004,11.0,20230608.0,Received
10998,20230730,1,674,50,357.50000000000006,17875.000000000004,8.0,20230807.0,Received
10999,20230920,1,674,50,357.50000000000006,17875.000000000004,6.0,20230926.0,Received
11000,20231106,1,674,50,357.50000000000006,17875.000000000004,6.0,20231112.0,Received
11001,20240105,1,674,50,357.50000000000006,17875.000000000004,8.0,20240113.0,Received
11002,20240224,1,674,50,357.50000000000006,17875.000000000004,5.0,20240229.0,Received
11003,20240413,1,674,50,357.50000000000006,17875.000000000004,8.0,20240421.0,Received
11004,20240627,1,674,50,357.50000000000006,17875.000000000004,7.0,20240704.0,Received
11005,20240827,1,674,50,357.50000000000006,17875.000000000004,6.0,20240902.0,Received
11006,20241015,1,674,50,357.50000000000006,17875.000000000004,5.0,20241020.0,Received
11007,20250109,1,674,50,357.50000000000006,17875.000000000004,,,Cancelled
11008,20250307,1,674,50,357.50000000000006,17875.000000000004,6.0,20250313.0,Received
11009,20250426,1,674,50,357.50000000000006,17875.000000000004,8.0,20250504.0,Received
11010,20250616,1,674,50,357.50000000000006,17875.000000000004,,,Cancelled
11011,20250903,1,674,50,357.50000000000006,17875.000000000004,10.0,20250913.0,Received
11012,20251022,1,674,50,357.50000000000006,17875.000000000004,8.0,20251030.0,Received
11013,20260115,1,674,50,357.50000000000006,17875.000000000004,,,Cancelled
11014,20230326,1,675,50,357.50000000000006,17875.000000000004,11.0,20230406.0,Received
11015,20230518,1,675,50,357.50000000000006,17875.000000000004,10.0,20230528.0,Received
11016,20230710,1,675,50,357.50000000000006,17875.000000000004,6.0,20230716.0,Received
11017,20230912,1,675,50,357.50000000000006,17875.000000000004,11.0,20230923.0,Received
11018,20231120,1,675,50,357.50000000000006,17875.000000000004,7.0,20231127.0,Received
11019,20240122,1,675,50,357.50000000000006,17875.000000000004,10.0,20240201.0,Received
11020,20240323,1,675,50,357.50000000000006,17875.000000000004,7.0,20240330.0,Received
11021,20240620,1,675,50,357.50000000000006,17875.000000000004,,,Cancelled
11022,20240829,1,675,50,357.50000000000006,17875.000000000004,6.0,20240904.0,Received
11023,20241121,1,675,50,357.50000000000006,17875.000000000004,5.0,20241126.0,Received
11024,20250119,1,675,50,357.50000000000006,17875.000000000004,10.0,20250129.0,Received
11025,20250309,1,675,50,357.50000000000006,17875.000000000004,9.0,20250318.0,Received
11026,20250507,1,675,50,357.50000000000006,17875.000000000004,7.0,20250514.0,Received
11027,20250703,1,675,50,357.50000000000006,17875.000000000004,7.0,20250710.0,Received
11028,20250826,1,675,50,357.50000000000006,17875.000000000004,,,Confirmed
11029,20251011,1,675,50,357.50000000000006,17875.000000000004,9.0,20251020.0,Received
11030,20251206,1,675,50,357.50000000000006,17875.000000000004,8.0,20251214.0,Received
11031,20230330,1,676,50,357.50000000000006,17875.000000000004,,,Cancelled
11032,20230627,1,676,50,357.50000000000006,17875.000000000004,6.0,20230703.0,Received
11033,20230904,1,676,50,357.50000000000006,17875.000000000004,,,Cancelled
11034,20231103,1,676,50,357.50000000000006,17875.000000000004,10.0,20231113.0,Received
11035,20231226,1,676,50,357.50000000000006,17875.000000000004,10.0,20240105.0,Received
11036,20240216,1,676,50,357.50000000000006,17875.000000000004,8.0,20240224.0,Received
11037,20240414,1,676,50,357.50000000000006,17875.000000000004,10.0,20240424.0,Received
11038,20240623,1,676,50,357.50000000000006,17875.000000000004,6.0,20240629.0,Received
11039,20240916,1,676,50,357.50000000000006,17875.000000000004,6.0,20240922.0,Received
11040,20241111,1,676,50,357.50000000000006,17875.000000000004,7.0,20241118.0,Received
11041,20241226,1,676,50,357.50000000000006,17875.000000000004,9.0,20250104.0,Received
11042,20250219,1,676,50,357.50000000000006,17875.000000000004,8.0,20250227.0,Received
11043,20250503,1,676,50,357.50000000000006,17875.000000000004,6.0,20250509.0,Received
11044,20250629,1,676,50,357.50000000000006,17875.000000000004,6.0,20250705.0,Received
11045,20250919,1,676,50,357.50000000000006,17875.000000000004,7.0,20250926.0,Received
11046,20251105,1,676,50,357.50000000000006,17875.000000000004,11.0,20251116.0,Received
11047,20260124,1,676,50,357.50000000000006,17875.000000000004,10.0,20260203.0,Received
